ISO-10303-21;
HEADER;
FILE_DESCRIPTION (( 'STEP AP214' ),
    '1' );
FILE_NAME ('420XBF016-1.step',
    '2017-07-10T09:06:50',
    ( 'install' ),
    ( '' ),
    'SwSTEP 2.0',
    'SolidWorks 2015',
    '' );
FILE_SCHEMA (( 'AUTOMOTIVE_DESIGN' ));
ENDSEC;

DATA;
#1 =( GEOMETRIC_REPRESENTATION_CONTEXT ( 3 ) GLOBAL_UNCERTAINTY_ASSIGNED_CONTEXT ( ( #2283 ) ) GLOBAL_UNIT_ASSIGNED_CONTEXT ( ( #3952, #8656, #4645 ) ) REPRESENTATION_CONTEXT ( 'NONE', 'WORKASPACE' ) );
#2 = PLANE ( 'NONE',  #1708 ) ;
#3 = UNCERTAINTY_MEASURE_WITH_UNIT (LENGTH_MEASURE( 1.000000000000000100E-005 ), #7206, 'distance_accuracy_value', 'NONE');
#4 = VECTOR ( 'NONE', #2906, 39.37007874015748100 ) ;
#5 = COLOUR_RGB ( '',0.5019607843137254800, 0.5019607843137254800, 0.5019607843137254800 ) ;
#6 = FILL_AREA_STYLE_COLOUR ( '', #204 ) ;
#7 = PRESENTATION_LAYER_ASSIGNMENT (  '', '', ( #8392 ) ) ;
#8 = EDGE_LOOP ( 'NONE', ( #3959, #2228, #5974, #7953 ) ) ;
#9 = MECHANICAL_DESIGN_GEOMETRIC_PRESENTATION_REPRESENTATION (  '', ( #7936 ), #468 ) ;
#10 = CIRCLE ( 'NONE', #259, 0.3750000000000004400 ) ;
#11 = SURFACE_SIDE_STYLE ('',( #117 ) ) ;
#12 = EDGE_CURVE ( 'NONE', #3321, #1908, #5564, .T. ) ;
#13 = PRESENTATION_STYLE_ASSIGNMENT (( #6158 ) ) ;
#14 = CARTESIAN_POINT ( 'NONE',  ( -0.7282875163485818000, -0.3315016303536157900, -0.5249583694396620100 ) ) ;
#15 = UNCERTAINTY_MEASURE_WITH_UNIT (LENGTH_MEASURE( 1.000000000000000100E-005 ), #5702, 'distance_accuracy_value', 'NONE');
#16 = SURFACE_SIDE_STYLE ('',( #5742 ) ) ;
#17 = CIRCLE ( 'NONE', #8653, 0.09249999999999997100 ) ;
#18 = DIRECTION ( 'NONE',  ( -1.000000000000000000, 0.0000000000000000000, 0.0000000000000000000 ) ) ;
#19 = CARTESIAN_POINT ( 'NONE',  ( -0.7282875163485912400, -0.3315016303536180700, -1.694000000000018600 ) ) ;
#20 = MECHANICAL_DESIGN_GEOMETRIC_PRESENTATION_REPRESENTATION (  '', ( #7949 ), #479 ) ;
#21 = PRESENTATION_LAYER_ASSIGNMENT (  '', '', ( #7490 ) ) ;
#22 = DIMENSIONAL_EXPONENTS ( 1.000000000000000000, 0.0000000000000000000, 0.0000000000000000000, 0.0000000000000000000, 0.0000000000000000000, 0.0000000000000000000, 0.0000000000000000000 ) ;
#23 = VECTOR ( 'NONE', #8303, 39.37007874015748100 ) ;
#24 = EDGE_CURVE ( 'NONE', #6050, #4744, #310, .T. ) ;
#26 = DIRECTION ( 'NONE',  ( -1.000000000000000000, 0.0000000000000000000, 0.0000000000000000000 ) ) ;
#25 = DIRECTION ( 'NONE',  ( 2.567526309834831100E-017, -5.135052619669662200E-017, 1.000000000000000000 ) ) ;
#27 = FACE_OUTER_BOUND ( 'NONE', #4596, .T. ) ;
#28 = DIRECTION ( 'NONE',  ( 0.0000000000000000000, 0.0000000000000000000, 1.000000000000000000 ) ) ;
#29 = FILL_AREA_STYLE ('',( #8182 ) ) ;
#30 = CARTESIAN_POINT ( 'NONE',  ( -0.7282875163485909000, -0.3315016303536180700, -3.282590941438460400 ) ) ;
#31 =( NAMED_UNIT ( * ) PLANE_ANGLE_UNIT ( ) SI_UNIT ( $, .RADIAN. ) );
#32 = AXIS2_PLACEMENT_3D ( 'NONE', #6023, #1948, #6696 ) ;
#33 = DIMENSIONAL_EXPONENTS ( 1.000000000000000000, 0.0000000000000000000, 0.0000000000000000000, 0.0000000000000000000, 0.0000000000000000000, 0.0000000000000000000, 0.0000000000000000000 ) ;
#34 = PRESENTATION_STYLE_ASSIGNMENT (( #503 ) ) ;
#35 = DIRECTION ( 'NONE',  ( -0.9238795325112877400, 1.131426112287702000E-016, 0.3826834323650872300 ) ) ;
#36 = SURFACE_STYLE_USAGE ( .BOTH. , #4154 ) ;
#37 = STYLED_ITEM ( 'NONE', ( #4869 ), #2689 ) ;
#38 = DIRECTION ( 'NONE',  ( -9.726753936418404900E-033, -1.224606353822377300E-016, -1.000000000000000000 ) ) ;
#39 = DIMENSIONAL_EXPONENTS ( 1.000000000000000000, 0.0000000000000000000, 0.0000000000000000000, 0.0000000000000000000, 0.0000000000000000000, 0.0000000000000000000, 0.0000000000000000000 ) ;
#40 = EDGE_LOOP ( 'NONE', ( #2332, #704 ) ) ;
#41 = FILL_AREA_STYLE_COLOUR ( '', #8837 ) ;
#42 = CIRCLE ( 'NONE', #8027, 0.2750000000000003600 ) ;
#43 = EDGE_CURVE ( 'NONE', #7942, #491, #7354, .T. ) ;
#44 = FILL_AREA_STYLE ('',( #2095 ) ) ;
#45 = CYLINDRICAL_SURFACE ( 'NONE', #811, 0.1890000000000011700 ) ;
#46 = ORIENTED_EDGE ( 'NONE', *, *, #2916, .F. ) ;
#47 =( CONVERSION_BASED_UNIT ( 'INCH', #138 ) LENGTH_UNIT ( ) NAMED_UNIT ( #5175 ) );
#48 = UNCERTAINTY_MEASURE_WITH_UNIT (LENGTH_MEASURE( 1.000000000000000100E-005 ), #3722, 'distance_accuracy_value', 'NONE');
#49 = EDGE_LOOP ( 'NONE', ( #3951, #5648 ) ) ;
#50 = AXIS2_PLACEMENT_3D ( 'NONE', #5495, #1396, #6168 ) ;
#51 = FACE_OUTER_BOUND ( 'NONE', #4269, .T. ) ;
#52 = ORIENTED_EDGE ( 'NONE', *, *, #6605, .T. ) ;
#53 = DIRECTION ( 'NONE',  ( 0.0000000000000000000, 1.000000000000000000, 0.0000000000000000000 ) ) ;
#54 = EDGE_CURVE ( 'NONE', #1672, #1344, #3773, .T. ) ;
#55 = CIRCLE ( 'NONE', #7104, 0.6650000000000007000 ) ;
#56 = CARTESIAN_POINT ( 'NONE',  ( -0.7282875163485818000, -0.6665016303536163100, -1.366009712753575900E-015 ) ) ;
#57 = EDGE_CURVE ( 'NONE', #3395, #7224, #7147, .T. ) ;
#58 = ORIENTED_EDGE ( 'NONE', *, *, #5386, .T. ) ;
#60 = SURFACE_STYLE_USAGE ( .BOTH. , #4174 ) ;
#59 = DIRECTION ( 'NONE',  ( 0.0000000000000000000, -1.000000000000000000, 4.268512490100413400E-016 ) ) ;
#61 = CARTESIAN_POINT ( 'NONE',  ( -0.7282875116751432700, -0.4040037436790676600, -1.546958369328008700 ) ) ;
#62 = ORIENTED_EDGE ( 'NONE', *, *, #3043, .T. ) ;
#63 = CARTESIAN_POINT ( 'NONE',  ( -0.6557875163485824600, -0.3315016303536152400, -1.526958369439661800 ) ) ;
#64 = ORIENTED_EDGE ( 'NONE', *, *, #1305, .T. ) ;
#65 = UNCERTAINTY_MEASURE_WITH_UNIT (LENGTH_MEASURE( 1.000000000000000100E-005 ), #7400, 'distance_accuracy_value', 'NONE');
#66 = PRESENTATION_STYLE_ASSIGNMENT (( #3004 ) ) ;
#67 = DIMENSIONAL_EXPONENTS ( 1.000000000000000000, 0.0000000000000000000, 0.0000000000000000000, 0.0000000000000000000, 0.0000000000000000000, 0.0000000000000000000, 0.0000000000000000000 ) ;
#68 = ORIENTED_EDGE ( 'NONE', *, *, #8818, .T. ) ;
#69 = CIRCLE ( 'NONE', #4096, 0.02600000000000007900 ) ;
#70 = SURFACE_STYLE_USAGE ( .BOTH. , #4182 ) ;
#71 = STYLED_ITEM ( 'NONE', ( #6564 ), #5167 ) ;
#72 = VERTEX_POINT ( 'NONE', #5029 ) ;
#73 = EDGE_CURVE ( 'NONE', #4824, #4905, #1716, .T. ) ;
#74 = PRESENTATION_LAYER_ASSIGNMENT (  '', '', ( #7544 ) ) ;
#75 =( GEOMETRIC_REPRESENTATION_CONTEXT ( 3 ) GLOBAL_UNCERTAINTY_ASSIGNED_CONTEXT ( ( #4183 ) ) GLOBAL_UNIT_ASSIGNED_CONTEXT ( ( #4662, #537, #5337 ) ) REPRESENTATION_CONTEXT ( 'NONE', 'WORKASPACE' ) );
#76 = PRESENTATION_LAYER_ASSIGNMENT (  '', '', ( #8452 ) ) ;
#77 = ORIENTED_EDGE ( 'NONE', *, *, #4167, .T. ) ;
#78 = SURFACE_SIDE_STYLE ('',( #4880 ) ) ;
#79 = VERTEX_POINT ( 'NONE', #916 ) ;
#80 = LINE ( 'NONE', #564, #7127 ) ;
#81 = SURFACE_STYLE_USAGE ( .BOTH. , #4190 ) ;
#82 = CARTESIAN_POINT ( 'NONE',  ( -0.8667875163456206800, -0.3315016303536180700, -1.123999999999644400 ) ) ;
#83 = CYLINDRICAL_SURFACE ( 'NONE', #4480, 0.08600000000000010400 ) ;
#84 = ORIENTED_EDGE ( 'NONE', *, *, #6133, .T. ) ;
#85 = DIRECTION ( 'NONE',  ( -9.711944615174957000E-017, 7.459504271329836200E-017, 1.000000000000000000 ) ) ;
#86 = LINE ( 'NONE', #2277, #1702 ) ;
#87 = LENGTH_MEASURE_WITH_UNIT ( LENGTH_MEASURE( 0.02539999999999999900 ), #6236 );
#89 = CARTESIAN_POINT ( 'NONE',  ( -0.7282875163485813500, -0.3315016303536163500, -0.5169583694396621100 ) ) ;
#88 = DIRECTION ( 'NONE',  ( 9.726753936418404900E-033, 1.224606353822377300E-016, 1.000000000000000000 ) ) ;
#90 = ORIENTED_EDGE ( 'NONE', *, *, #2884, .T. ) ;
#91 = CIRCLE ( 'NONE', #8219, 0.1554999999993057200 ) ;
#92 = COLOUR_RGB ( '',0.5019607843137254800, 0.5019607843137254800, 0.5019607843137254800 ) ;
#93 = ADVANCED_FACE ( 'NONE', ( #8717 ), #820, .F. ) ;
#94 = CARTESIAN_POINT ( 'NONE',  ( -0.7282875163485818000, -0.9485016303536164500, -1.423688582030865500E-015 ) ) ;
#95 = CIRCLE ( 'NONE', #4001, 0.2475000000000015200 ) ;
#96 = DIMENSIONAL_EXPONENTS ( 1.000000000000000000, 0.0000000000000000000, 0.0000000000000000000, 0.0000000000000000000, 0.0000000000000000000, 0.0000000000000000000, 0.0000000000000000000 ) ;
#98 = CARTESIAN_POINT ( 'NONE',  ( -0.7282875163485818000, -0.3315016303536155200, -0.4780205392684319700 ) ) ;
#97 = CARTESIAN_POINT ( 'NONE',  ( -0.8007869051081980500, -0.3315016303536151800, -1.546958369430321900 ) ) ;
#99 =( LENGTH_UNIT ( ) NAMED_UNIT ( * ) SI_UNIT ( $, .METRE. ) );
#100 =( CONVERSION_BASED_UNIT ( 'INCH', #5674 ) LENGTH_UNIT ( ) NAMED_UNIT ( #2714 ) );
#101 = ORIENTED_EDGE ( 'NONE', *, *, #3479, .F. ) ;
#102 = VECTOR ( 'NONE', #6326, 39.37007874015748100 ) ;
#103 = PRESENTATION_LAYER_ASSIGNMENT (  '', '', ( #7562 ) ) ;
#104 = COLOUR_RGB ( '',0.5019607843137254800, 0.5019607843137254800, 0.5019607843137254800 ) ;
#105 =( NAMED_UNIT ( * ) SI_UNIT ( $, .STERADIAN. ) SOLID_ANGLE_UNIT ( ) );
#106 = CARTESIAN_POINT ( 'NONE',  ( -0.7282875163485911200, -0.3315016303536180700, -1.499021597812544300 ) ) ;
#107 = CONICAL_SURFACE ( 'NONE', #950, 0.3800000000000007300, 1.015091538708593000 ) ;
#108 = PRODUCT_RELATED_PRODUCT_CATEGORY ( 'part', '', ( #6627 ) ) ;
#109 =( NAMED_UNIT ( * ) PLANE_ANGLE_UNIT ( ) SI_UNIT ( $, .RADIAN. ) );
#110 = EDGE_CURVE ( 'NONE', #1473, #4824, #4513, .T. ) ;
#111 = ORIENTED_EDGE ( 'NONE', *, *, #4631, .F. ) ;
#112 = CARTESIAN_POINT ( 'NONE',  ( -0.9252068665583075300, -0.4365207691473808000, -1.539000000000018100 ) ) ;
#113 = STYLED_ITEM ( 'NONE', ( #7349 ), #3364 ) ;
#114 = DIRECTION ( 'NONE',  ( 0.0000000000000000000, 0.0000000000000000000, -1.000000000000000000 ) ) ;
#115 =( GEOMETRIC_REPRESENTATION_CONTEXT ( 3 ) GLOBAL_UNCERTAINTY_ASSIGNED_CONTEXT ( ( #4192 ) ) GLOBAL_UNIT_ASSIGNED_CONTEXT ( ( #146, #4942, #817 ) ) REPRESENTATION_CONTEXT ( 'NONE', 'WORKASPACE' ) );
#116 = PRESENTATION_STYLE_ASSIGNMENT (( #7761 ) ) ;
#117 = SURFACE_STYLE_FILL_AREA ( #4116 ) ;
#118 = ORIENTED_EDGE ( 'NONE', *, *, #4270, .F. ) ;
#119 = DIMENSIONAL_EXPONENTS ( 1.000000000000000000, 0.0000000000000000000, 0.0000000000000000000, 0.0000000000000000000, 0.0000000000000000000, 0.0000000000000000000, 0.0000000000000000000 ) ;
#121 = SURFACE_STYLE_USAGE ( .BOTH. , #4217 ) ;
#120 =( NAMED_UNIT ( * ) PLANE_ANGLE_UNIT ( ) SI_UNIT ( $, .RADIAN. ) );
#122 = DIRECTION ( 'NONE',  ( 1.220408817397570400E-016, -1.013066643420215200E-017, -1.000000000000000000 ) ) ;
#123 =( LENGTH_UNIT ( ) NAMED_UNIT ( * ) SI_UNIT ( $, .METRE. ) );
#124 = COLOUR_RGB ( '',0.5019607843137254800, 0.5019607843137254800, 0.5019607843137254800 ) ;
#125 = PRESENTATION_STYLE_ASSIGNMENT (( #6644 ) ) ;
#126 = SURFACE_SIDE_STYLE ('',( #2528 ) ) ;
#127 = ORIENTED_EDGE ( 'NONE', *, *, #7404, .F. ) ;
#128 =( NAMED_UNIT ( * ) SI_UNIT ( $, .STERADIAN. ) SOLID_ANGLE_UNIT ( ) );
#130 = FILL_AREA_STYLE ('',( #7588 ) ) ;
#129 =( NAMED_UNIT ( * ) SI_UNIT ( $, .STERADIAN. ) SOLID_ANGLE_UNIT ( ) );
#131 = AXIS2_PLACEMENT_3D ( 'NONE', #351, #5152, #1052 ) ;
#132 = SURFACE_STYLE_USAGE ( .BOTH. , #4227 ) ;
#133 = DIRECTION ( 'NONE',  ( 2.985768325466478400E-031, -6.902532920683853300E-031, -1.000000000000000000 ) ) ;
#134 = AXIS2_PLACEMENT_3D ( 'NONE', #5526, #1424, #6208 ) ;
#135 = STYLED_ITEM ( 'NONE', ( #946 ), #7420 ) ;
#136 = CARTESIAN_POINT ( 'NONE',  ( -0.7282875163485668100, 0.1994983696463852900, 0.2849999999999988100 ) ) ;
#137 = EDGE_CURVE ( 'NONE', #3358, #6058, #6071, .T. ) ;
#138 = LENGTH_MEASURE_WITH_UNIT ( LENGTH_MEASURE( 0.02539999999999999900 ), #4169 );
#139 = SURFACE_STYLE_FILL_AREA ( #6940 ) ;
#140 = ADVANCED_FACE ( 'NONE', ( #2675, #7848 ), #5083, .T. ) ;
#141 = FILL_AREA_STYLE_COLOUR ( '', #7392 ) ;
#142 =( LENGTH_UNIT ( ) NAMED_UNIT ( * ) SI_UNIT ( $, .METRE. ) );
#143 = DIMENSIONAL_EXPONENTS ( 1.000000000000000000, 0.0000000000000000000, 0.0000000000000000000, 0.0000000000000000000, 0.0000000000000000000, 0.0000000000000000000, 0.0000000000000000000 ) ;
#144 = CIRCLE ( 'NONE', #364, 0.4039887411820212200 ) ;
#145 = FILL_AREA_STYLE_COLOUR ( '', #6932 ) ;
#146 =( CONVERSION_BASED_UNIT ( 'INCH', #8071 ) LENGTH_UNIT ( ) NAMED_UNIT ( #4720 ) );
#147 = FACE_OUTER_BOUND ( 'NONE', #7230, .T. ) ;
#148 =( GEOMETRIC_REPRESENTATION_CONTEXT ( 3 ) GLOBAL_UNCERTAINTY_ASSIGNED_CONTEXT ( ( #615 ) ) GLOBAL_UNIT_ASSIGNED_CONTEXT ( ( #1529, #6317, #2246 ) ) REPRESENTATION_CONTEXT ( 'NONE', 'WORKASPACE' ) );
#149 = STYLED_ITEM ( 'NONE', ( #1302 ), #5985 ) ;
#150 = UNCERTAINTY_MEASURE_WITH_UNIT (LENGTH_MEASURE( 1.000000000000000100E-005 ), #4207, 'distance_accuracy_value', 'NONE');
#151 =( NAMED_UNIT ( * ) SI_UNIT ( $, .STERADIAN. ) SOLID_ANGLE_UNIT ( ) );
#152 = EDGE_CURVE ( 'NONE', #4041, #540, #5226, .T. ) ;
#153 = FILL_AREA_STYLE ('',( #7608 ) ) ;
#154 = SURFACE_STYLE_USAGE ( .BOTH. , #4253 ) ;
#155 = SURFACE_STYLE_FILL_AREA ( #5179 ) ;
#156 = DIRECTION ( 'NONE',  ( 0.0000000000000000000, 0.0000000000000000000, 1.000000000000000000 ) ) ;
#157 =( GEOMETRIC_REPRESENTATION_CONTEXT ( 3 ) GLOBAL_UNCERTAINTY_ASSIGNED_CONTEXT ( ( #2454 ) ) GLOBAL_UNIT_ASSIGNED_CONTEXT ( ( #5638, #1533, #6320 ) ) REPRESENTATION_CONTEXT ( 'NONE', 'WORKASPACE' ) );
#158 = FILL_AREA_STYLE ('',( #7620 ) ) ;
#159 = SURFACE_SIDE_STYLE ('',( #7973 ) ) ;
#160 =( GEOMETRIC_REPRESENTATION_CONTEXT ( 3 ) GLOBAL_UNCERTAINTY_ASSIGNED_CONTEXT ( ( #7690 ) ) GLOBAL_UNIT_ASSIGNED_CONTEXT ( ( #8313, #4275, #167 ) ) REPRESENTATION_CONTEXT ( 'NONE', 'WORKASPACE' ) );
#161 = EDGE_CURVE ( 'NONE', #3101, #3131, #8801, .T. ) ;
#162 = ORIENTED_EDGE ( 'NONE', *, *, #594, .T. ) ;
#163 = ORIENTED_EDGE ( 'NONE', *, *, #5496, .F. ) ;
#164 = CARTESIAN_POINT ( 'NONE',  ( -0.7282875163485912400, -0.3315016303536180700, -1.704000000000018400 ) ) ;
#165 = AXIS2_PLACEMENT_3D ( 'NONE', #4052, #8765, #4741 ) ;
#166 = VERTEX_POINT ( 'NONE', #1732 ) ;
#167 =( NAMED_UNIT ( * ) SI_UNIT ( $, .STERADIAN. ) SOLID_ANGLE_UNIT ( ) );
#168 = LENGTH_MEASURE_WITH_UNIT ( LENGTH_MEASURE( 0.02539999999999999900 ), #4760 );
#169 = CARTESIAN_POINT ( 'NONE',  ( -0.7282875163485818000, -0.3315016303536159600, 0.2549999999999985100 ) ) ;
#170 = SURFACE_STYLE_FILL_AREA ( #3353 ) ;
#171 = ORIENTED_EDGE ( 'NONE', *, *, #4152, .T. ) ;
#172 = CARTESIAN_POINT ( 'NONE',  ( -0.7282875163485818000, -0.3315016303536155200, -1.012000000000000000 ) ) ;
#173 = UNCERTAINTY_MEASURE_WITH_UNIT (LENGTH_MEASURE( 1.000000000000000100E-005 ), #7687, 'distance_accuracy_value', 'NONE');
#174 = FACE_OUTER_BOUND ( 'NONE', #4403, .T. ) ;
#175 =( LENGTH_UNIT ( ) NAMED_UNIT ( * ) SI_UNIT ( $, .METRE. ) );
#176 = ORIENTED_EDGE ( 'NONE', *, *, #7049, .F. ) ;
#177 = PRESENTATION_STYLE_ASSIGNMENT (( #6537 ) ) ;
#178 = SURFACE_STYLE_FILL_AREA ( #6462 ) ;
#180 = CARTESIAN_POINT ( 'NONE',  ( -0.7282875163485812400, -0.3315016303536165200, -0.4819583694430499300 ) ) ;
#179 = CARTESIAN_POINT ( 'NONE',  ( -1.113042514826575200, -0.3315016303536155200, -0.3587867965644041500 ) ) ;
#181 = VERTEX_POINT ( 'NONE', #5825 ) ;
#182 = PLANE ( 'NONE',  #299 ) ;
#183 = AXIS2_PLACEMENT_3D ( 'NONE', #5104, #3034, #1005 ) ;
#184 = DIRECTION ( 'NONE',  ( 3.701147322201667000E-032, -1.000000000000000000, 5.771509845769573100E-016 ) ) ;
#185 = LENGTH_MEASURE_WITH_UNIT ( LENGTH_MEASURE( 0.02539999999999999900 ), #7621 );
#186 = ADVANCED_FACE ( 'NONE', ( #3417 ), #7737, .T. ) ;
#187 = ORIENTED_EDGE ( 'NONE', *, *, #6565, .F. ) ;
#188 = UNCERTAINTY_MEASURE_WITH_UNIT (LENGTH_MEASURE( 1.000000000000000100E-005 ), #2141, 'distance_accuracy_value', 'NONE');
#189 = SURFACE_STYLE_USAGE ( .BOTH. , #4296 ) ;
#190 = PRESENTATION_LAYER_ASSIGNMENT (  '', '', ( #8556 ) ) ;
#191 = FILL_AREA_STYLE ('',( #4257 ) ) ;
#192 = FILL_AREA_STYLE_COLOUR ( '', #5270 ) ;
#193 = ORIENTED_EDGE ( 'NONE', *, *, #3724, .T. ) ;
#194 = LINE ( 'NONE', #2111, #2022 ) ;
#195 = SURFACE_SIDE_STYLE ('',( #8588 ) ) ;
#196 = EDGE_CURVE ( 'NONE', #1551, #4471, #2556, .T. ) ;
#197 = DIRECTION ( 'NONE',  ( 2.985768325466478400E-031, -6.902532920683852400E-031, -1.000000000000000000 ) ) ;
#198 = VERTEX_POINT ( 'NONE', #1759 ) ;
#199 = ORIENTED_EDGE ( 'NONE', *, *, #2390, .T. ) ;
#200 = ORIENTED_EDGE ( 'NONE', *, *, #7102, .F. ) ;
#201 = DIRECTION ( 'NONE',  ( -1.000000000000000000, 0.0000000000000000000, 0.0000000000000000000 ) ) ;
#202 = ORIENTED_EDGE ( 'NONE', *, *, #6276, .T. ) ;
#203 = DIRECTION ( 'NONE',  ( 1.000000000000000000, 0.0000000000000000000, -5.812442539711189900E-015 ) ) ;
#204 = COLOUR_RGB ( '',0.5019607843137254800, 0.5019607843137254800, 0.5019607843137254800 ) ;
#205 = DIRECTION ( 'NONE',  ( 7.778474441623088400E-031, -1.018395760767760000E-015, 1.000000000000000000 ) ) ;
#206 = MECHANICAL_DESIGN_GEOMETRIC_PRESENTATION_REPRESENTATION (  '', ( #8116 ), #643 ) ;
#207 =( CONVERSION_BASED_UNIT ( 'INCH', #1279 ) LENGTH_UNIT ( ) NAMED_UNIT ( #1250 ) );
#208 = AXIS2_PLACEMENT_3D ( 'NONE', #2898, #6277, #2929 ) ;
#209 = AXIS2_PLACEMENT_3D ( 'NONE', #830, #4292, #184 ) ;
#210 =( NAMED_UNIT ( * ) PLANE_ANGLE_UNIT ( ) SI_UNIT ( $, .RADIAN. ) );
#211 = CIRCLE ( 'NONE', #6066, 0.1227063869039654600 ) ;
#212 =( NAMED_UNIT ( * ) SI_UNIT ( $, .STERADIAN. ) SOLID_ANGLE_UNIT ( ) );
#213 = VERTEX_POINT ( 'NONE', #3157 ) ;
#215 = FILL_AREA_STYLE ('',( #7672 ) ) ;
#214 = SURFACE_STYLE_USAGE ( .BOTH. , #4321 ) ;
#216 = AXIS2_PLACEMENT_3D ( 'NONE', #2401, #7151, #3096 ) ;
#218 = SURFACE_SIDE_STYLE ('',( #757 ) ) ;
#217 = CIRCLE ( 'NONE', #5835, 0.1890000000000011700 ) ;
#219 = ORIENTED_EDGE ( 'NONE', *, *, #2916, .T. ) ;
#220 = CARTESIAN_POINT ( 'NONE',  ( -0.5727875163492759400, -0.3315016303536152400, -0.9504697936969797000 ) ) ;
#221 = CARTESIAN_POINT ( 'NONE',  ( -0.7282875163485818000, -0.3315016303536155200, -1.025562063698267200 ) ) ;
#223 = CARTESIAN_POINT ( 'NONE',  ( -0.5682437998469067600, -0.2539337861715884000, -1.509100132315338800 ) ) ;
#222 =( NAMED_UNIT ( * ) PLANE_ANGLE_UNIT ( ) SI_UNIT ( $, .RADIAN. ) );
#224 = SURFACE_SIDE_STYLE ('',( #5958 ) ) ;
#225 = FILL_AREA_STYLE ('',( #8368 ) ) ;
#226 = STYLED_ITEM ( 'NONE', ( #573 ), #2543 ) ;
#227 = VERTEX_POINT ( 'NONE', #405 ) ;
#228 = EDGE_CURVE ( 'NONE', #5577, #2250, #7015, .T. ) ;
#229 = CARTESIAN_POINT ( 'NONE',  ( -0.8812131197057666600, -0.4135624729868459000, -1.515526876782946200 ) ) ;
#230 = ADVANCED_FACE ( 'NONE', ( #702 ), #8483, .F. ) ;
#231 = LINE ( 'NONE', #4011, #1849 ) ;
#232 = VERTEX_POINT ( 'NONE', #5913 ) ;
#233 = DIRECTION ( 'NONE',  ( -1.000000000000000000, 0.0000000000000000000, 0.0000000000000000000 ) ) ;
#234 = FILL_AREA_STYLE_COLOUR ( '', #3224 ) ;
#235 = AXIS2_PLACEMENT_3D ( 'NONE', #2613, #7353, #3315 ) ;
#236 = CIRCLE ( 'NONE', #6867, 0.04700000000000006900 ) ;
#237 = PRESENTATION_STYLE_ASSIGNMENT (( #5197 ) ) ;
#239 = CARTESIAN_POINT ( 'NONE',  ( -0.7087932312470413000, -0.3742681224751324700, -1.599000000000018600 ) ) ;
#238 = CARTESIAN_POINT ( 'NONE',  ( -0.7334227216848542300, -0.2591068381383764300, -1.546958369336735000 ) ) ;
#240 = DIRECTION ( 'NONE',  ( 0.0000000000000000000, 0.0000000000000000000, -1.000000000000000000 ) ) ;
#241 = DIRECTION ( 'NONE',  ( 0.5931191651358708200, 0.0000000000000000000, 0.8051146849663888300 ) ) ;
#242 = DIRECTION ( 'NONE',  ( 1.000000000000000000, 0.0000000000000000000, 0.0000000000000000000 ) ) ;
#243 =( LENGTH_UNIT ( ) NAMED_UNIT ( * ) SI_UNIT ( $, .METRE. ) );
#245 = CARTESIAN_POINT ( 'NONE',  ( -0.5582398541849478100, -0.3089921566843202300, -1.519337532947125000 ) ) ;
#244 = FILL_AREA_STYLE ('',( #2994 ) ) ;
#246 = PRESENTATION_LAYER_ASSIGNMENT (  '', '', ( #7701 ) ) ;
#247 = EDGE_CURVE ( 'NONE', #6104, #5242, #8695, .T. ) ;
#248 = STYLED_ITEM ( 'NONE', ( #125 ), #898 ) ;
#249 = AXIS2_PLACEMENT_3D ( 'NONE', #3051, #7762, #3745 ) ;
#250 = EDGE_CURVE ( 'NONE', #8482, #4059, #6383, .T. ) ;
#251 = CIRCLE ( 'NONE', #1933, 0.03750000000000027600 ) ;
#252 = CIRCLE ( 'NONE', #773, 0.3550000000000000400 ) ;
#253 =( NAMED_UNIT ( * ) PLANE_ANGLE_UNIT ( ) SI_UNIT ( $, .RADIAN. ) );
#254 = CARTESIAN_POINT ( 'NONE',  ( -0.8999315296355602200, -0.3574664863971436200, -1.515449269170628500 ) ) ;
#255 = FILL_AREA_STYLE ('',( #4370 ) ) ;
#256 = ORIENTED_EDGE ( 'NONE', *, *, #448, .T. ) ;
#257 = DIRECTION ( 'NONE',  ( -4.811513434270445100E-032, 1.636240428635621200E-032, 1.000000000000000000 ) ) ;
#258 = STYLED_ITEM ( 'NONE', ( #1723 ), #8757 ) ;
#259 = AXIS2_PLACEMENT_3D ( 'NONE', #7270, #3232, #7937 ) ;
#260 = EDGE_CURVE ( 'NONE', #3581, #1464, #5119, .T. ) ;
#262 =( NAMED_UNIT ( * ) PLANE_ANGLE_UNIT ( ) SI_UNIT ( $, .RADIAN. ) );
#261 = CARTESIAN_POINT ( 'NONE',  ( -0.8005390120618477400, -0.3255040169959140800, -1.546958369439662300 ) ) ;
#263 = FILL_AREA_STYLE ('',( #7727 ) ) ;
#264 = PRESENTATION_STYLE_ASSIGNMENT (( #1423 ) ) ;
#265 = PRESENTATION_STYLE_ASSIGNMENT (( #154 ) ) ;
#266 = STYLED_ITEM ( 'NONE', ( #7820 ), #2175 ) ;
#267 = ADVANCED_FACE ( 'NONE', ( #3324 ), #7838, .F. ) ;
#268 = CARTESIAN_POINT ( 'NONE',  ( -0.7282875163485818000, -0.3315016303536155200, -0.7570000000000005600 ) ) ;
#269 = VERTEX_POINT ( 'NONE', #1442 ) ;
#270 = CARTESIAN_POINT ( 'NONE',  ( -0.7282875163485818000, -0.8625016303536163800, -1.434220196673738200E-015 ) ) ;
#271 = CARTESIAN_POINT ( 'NONE',  ( -0.7282875163485723600, -0.3315016303536132400, 1.525999999999976300 ) ) ;
#272 = DIRECTION ( 'NONE',  ( 0.0000000000000000000, 1.000000000000000000, 0.0000000000000000000 ) ) ;
#273 = ORIENTED_EDGE ( 'NONE', *, *, #1225, .F. ) ;
#274 = FACE_OUTER_BOUND ( 'NONE', #5859, .T. ) ;
#275 = EDGE_LOOP ( 'NONE', ( #6194, #8589 ) ) ;
#276 = LENGTH_MEASURE_WITH_UNIT ( LENGTH_MEASURE( 0.02539999999999999900 ), #2617 );
#277 = VECTOR ( 'NONE', #6722, 39.37007874015748100 ) ;
#278 = EDGE_CURVE ( 'NONE', #785, #1671, #6061, .T. ) ;
#279 = ORIENTED_EDGE ( 'NONE', *, *, #4859, .F. ) ;
#280 = DIRECTION ( 'NONE',  ( -0.7828545738381514900, -1.774026793048594600E-016, 0.6222047221137800800 ) ) ;
#281 = STYLED_ITEM ( 'NONE', ( #8641 ), #3243 ) ;
#282 = UNCERTAINTY_MEASURE_WITH_UNIT (LENGTH_MEASURE( 1.000000000000000100E-005 ), #455, 'distance_accuracy_value', 'NONE');
#283 =( LENGTH_UNIT ( ) NAMED_UNIT ( * ) SI_UNIT ( $, .METRE. ) );
#284 = CYLINDRICAL_SURFACE ( 'NONE', #668, 0.08600000000001811800 ) ;
#285 =( CONVERSION_BASED_UNIT ( 'INCH', #7456 ) LENGTH_UNIT ( ) NAMED_UNIT ( #6710 ) );
#286 = ORIENTED_EDGE ( 'NONE', *, *, #7707, .T. ) ;
#287 = CIRCLE ( 'NONE', #3066, 0.6350000000000002300 ) ;
#288 = ORIENTED_EDGE ( 'NONE', *, *, #5716, .T. ) ;
#289 = CARTESIAN_POINT ( 'NONE',  ( -0.9172875163485919600, -0.3315016303536180700, -1.578978402187491500 ) ) ;
#290 = DIRECTION ( 'NONE',  ( 0.0000000000000000000, 0.0000000000000000000, -1.000000000000000000 ) ) ;
#291 = ORIENTED_EDGE ( 'NONE', *, *, #1566, .T. ) ;
#292 = LENGTH_MEASURE_WITH_UNIT ( LENGTH_MEASURE( 0.02539999999999999900 ), #7902 );
#293 = PRESENTATION_STYLE_ASSIGNMENT (( #1670 ) ) ;
#294 = EDGE_LOOP ( 'NONE', ( #3407, #5326, #3230, #6174 ) ) ;
#295 = UNCERTAINTY_MEASURE_WITH_UNIT (LENGTH_MEASURE( 1.000000000000000100E-005 ), #7314, 'distance_accuracy_value', 'NONE');
#296 = CARTESIAN_POINT ( 'NONE',  ( -0.7282875163485813500, -0.3315016303536163500, -0.3769583694396621000 ) ) ;
#297 = SURFACE_SIDE_STYLE ('',( #7319 ) ) ;
#298 = ORIENTED_EDGE ( 'NONE', *, *, #1001, .T. ) ;
#299 = AXIS2_PLACEMENT_3D ( 'NONE', #7673, #3652, #8356 ) ;
#300 = STYLED_ITEM ( 'NONE', ( #4039 ), #463 ) ;
#301 = AXIS2_PLACEMENT_3D ( 'NONE', #6551, #2488, #7229 ) ;
#302 =( NAMED_UNIT ( * ) SI_UNIT ( $, .STERADIAN. ) SOLID_ANGLE_UNIT ( ) );
#303 = EDGE_CURVE ( 'NONE', #2055, #2881, #4255, .T. ) ;
#304 = VERTEX_POINT ( 'NONE', #4226 ) ;
#305 = LINE ( 'NONE', #2668, #1929 ) ;
#306 = SURFACE_STYLE_FILL_AREA ( #4658 ) ;
#307 = SURFACE_SIDE_STYLE ('',( #4512 ) ) ;
#308 = EDGE_LOOP ( 'NONE', ( #4374, #2775, #5760, #5765 ) ) ;
#309 =( GEOMETRIC_REPRESENTATION_CONTEXT ( 3 ) GLOBAL_UNCERTAINTY_ASSIGNED_CONTEXT ( ( #1496 ) ) GLOBAL_UNIT_ASSIGNED_CONTEXT ( ( #600, #5403, #1291 ) ) REPRESENTATION_CONTEXT ( 'NONE', 'WORKASPACE' ) );
#310 = LINE ( 'NONE', #855, #1939 ) ;
#311 = CARTESIAN_POINT ( 'NONE',  ( -0.7282875163485818000, -0.3315016303536155200, -1.012000000000000000 ) ) ;
#312 = MECHANICAL_DESIGN_GEOMETRIC_PRESENTATION_REPRESENTATION (  '', ( #8230 ), #755 ) ;
#313 =( GEOMETRIC_REPRESENTATION_CONTEXT ( 3 ) GLOBAL_UNCERTAINTY_ASSIGNED_CONTEXT ( ( #6248 ) ) GLOBAL_UNIT_ASSIGNED_CONTEXT ( ( #2023, #6765, #2721 ) ) REPRESENTATION_CONTEXT ( 'NONE', 'WORKASPACE' ) );
#314 = ADVANCED_FACE ( 'NONE', ( #2451 ), #1351, .F. ) ;
#315 =( LENGTH_UNIT ( ) NAMED_UNIT ( * ) SI_UNIT ( $, .METRE. ) );
#316 = EDGE_CURVE ( 'NONE', #5794, #5355, #3210, .T. ) ;
#317 = VECTOR ( 'NONE', #5261, 39.37007874015748100 ) ;
#318 = SURFACE_STYLE_USAGE ( .BOTH. , #4441 ) ;
#319 = CARTESIAN_POINT ( 'NONE',  ( -0.7282875163485816900, -0.3315016303536160700, -1.119005744536216900 ) ) ;
#320 =( GEOMETRIC_REPRESENTATION_CONTEXT ( 3 ) GLOBAL_UNCERTAINTY_ASSIGNED_CONTEXT ( ( #7185 ) ) GLOBAL_UNIT_ASSIGNED_CONTEXT ( ( #4143, #31, #4836 ) ) REPRESENTATION_CONTEXT ( 'NONE', 'WORKASPACE' ) );
#321 = ORIENTED_EDGE ( 'NONE', *, *, #4400, .F. ) ;
#323 = DIRECTION ( 'NONE',  ( 0.0000000000000000000, 1.000000000000000000, -1.849713085239314800E-016 ) ) ;
#322 = DIRECTION ( 'NONE',  ( 1.000000000000000000, 0.0000000000000000000, 0.0000000000000000000 ) ) ;
#324 = CARTESIAN_POINT ( 'NONE',  ( -0.5392875163485904000, -0.3315016303536180700, -1.578978402187491500 ) ) ;
#325 = AXIS2_PLACEMENT_3D ( 'NONE', #1445, #6227, #2150 ) ;
#326 = CARTESIAN_POINT ( 'NONE',  ( -0.2684280269390437700, -0.5970016303536150900, 0.2849999999999986400 ) ) ;
#327 = ORIENTED_EDGE ( 'NONE', *, *, #1608, .T. ) ;
#328 = DIRECTION ( 'NONE',  ( 5.488649147188717800E-016, -0.0000000000000000000, 1.000000000000000000 ) ) ;
#330 = CARTESIAN_POINT ( 'NONE',  ( -0.8105037730983135600, 0.03437469728464819700, -0.8820000000000006700 ) ) ;
#329 = CARTESIAN_POINT ( 'NONE',  ( -0.7282875163485717000, -0.3315016303536129600, 1.478999999999976100 ) ) ;
#331 = CARTESIAN_POINT ( 'NONE',  ( -0.6558406680066136700, -0.3277973477372309000, -1.546958369364151100 ) ) ;
#332 = B_SPLINE_CURVE_WITH_KNOTS ( 'NONE', 3,
 ( #3684, #7692, #238, #5037, #926, #5718, #1620, #6402, #2317, #7067, #3017, #7724, #3711, #8414, #4381, #261 ),
 .UNSPECIFIED., .F., .F.,
 ( 4, 1, 1, 1, 1, 1, 1, 1, 1, 1, 1, 1, 1, 4 ),
 ( 3.752286608194654800E-008, 0.04765200167260046100, 0.09530415083312933400, 0.1429589580755997500, 0.2142715820768891200, 0.2861976013532521200, 0.4996465944958159400, 0.5624063219238656400, 0.6246683772459156200, 0.7497563182462090300, 0.8124768512953644000, 0.8747257193071442700, 0.9373651957119466500, 1.000000000000000000 ),
 .UNSPECIFIED. ) ;
#333 =( GEOMETRIC_REPRESENTATION_CONTEXT ( 3 ) GLOBAL_UNCERTAINTY_ASSIGNED_CONTEXT ( ( #4597 ) ) GLOBAL_UNIT_ASSIGNED_CONTEXT ( ( #450, #5247, #1142 ) ) REPRESENTATION_CONTEXT ( 'NONE', 'WORKASPACE' ) );
#334 = CIRCLE ( 'NONE', #7705, 0.02600000000000007900 ) ;
#335 = SURFACE_STYLE_USAGE ( .BOTH. , #4456 ) ;
#336 = ORIENTED_EDGE ( 'NONE', *, *, #247, .T. ) ;
#337 = CONICAL_SURFACE ( 'NONE', #7448, 0.1559999999997546100, 0.5235987755661892800 ) ;
#338 = CARTESIAN_POINT ( 'NONE',  ( -0.7282875163485818000, -0.3315016303536155200, 1.048844797839501900 ) ) ;
#339 = DIRECTION ( 'NONE',  ( 1.324963830349198200E-016, -4.495203217082431200E-017, 1.000000000000000000 ) ) ;
#340 = CARTESIAN_POINT ( 'NONE',  ( -0.7282875163485818000, -0.5815016303536153500, -0.8895780908448961400 ) ) ;
#341 = CARTESIAN_POINT ( 'NONE',  ( -0.7282875163485816900, -0.3315016303536156800, -1.349538768355159800 ) ) ;
#342 = CYLINDRICAL_SURFACE ( 'NONE', #2342, 0.03750000000000029700 ) ;
#343 = CARTESIAN_POINT ( 'NONE',  ( -0.7763689817826401300, -0.3859527091257599100, -1.546958366761527900 ) ) ;
#344 = LENGTH_MEASURE_WITH_UNIT ( LENGTH_MEASURE( 0.02539999999999999900 ), #896 );
#345 = DIRECTION ( 'NONE',  ( -0.7071067811865451300, 1.815515264559087700E-017, -0.7071067811865499000 ) ) ;
#346 = DIRECTION ( 'NONE',  ( -1.000000000000000000, 0.0000000000000000000, 0.0000000000000000000 ) ) ;
#347 = PRESENTATION_LAYER_ASSIGNMENT (  '', '', ( #8720 ) ) ;
#348 = AXIS2_PLACEMENT_3D ( 'NONE', #8345, #885, #4313 ) ;
#350 = CARTESIAN_POINT ( 'NONE',  ( -0.7282875163485882400, -0.3315016303536172900, -1.599000000000018600 ) ) ;
#349 =( NAMED_UNIT ( * ) SI_UNIT ( $, .STERADIAN. ) SOLID_ANGLE_UNIT ( ) );
#351 = CARTESIAN_POINT ( 'NONE',  ( -0.6309731728601767300, -0.4062463688871493200, -1.216958369439662000 ) ) ;
#352 = CIRCLE ( 'NONE', #7380, 0.09250000000000004100 ) ;
#353 = ADVANCED_FACE ( 'NONE', ( #5008 ), #4144, .T. ) ;
#354 =( NAMED_UNIT ( * ) PLANE_ANGLE_UNIT ( ) SI_UNIT ( $, .RADIAN. ) );
#355 = CARTESIAN_POINT ( 'NONE',  ( -0.7410848403732063200, -0.3088691647829173700, -1.259000000000018500 ) ) ;
#357 = CARTESIAN_POINT ( 'NONE',  ( -0.7282875163485882400, -0.3315016303536172900, -1.599000000000018600 ) ) ;
#356 =( NAMED_UNIT ( * ) PLANE_ANGLE_UNIT ( ) SI_UNIT ( $, .RADIAN. ) );
#358 = MECHANICAL_DESIGN_GEOMETRIC_PRESENTATION_REPRESENTATION (  '', ( #8285 ), #805 ) ;
#359 = CARTESIAN_POINT ( 'NONE',  ( -0.7061271360764106400, -0.2623204567233376500, -1.546958366667307000 ) ) ;
#360 = FACE_OUTER_BOUND ( 'NONE', #5628, .T. ) ;
#361 = CIRCLE ( 'NONE', #4657, 0.08600000000000016000 ) ;
#362 =( GEOMETRIC_REPRESENTATION_CONTEXT ( 3 ) GLOBAL_UNCERTAINTY_ASSIGNED_CONTEXT ( ( #8466 ) ) GLOBAL_UNIT_ASSIGNED_CONTEXT ( ( #7594, #3574, #8284 ) ) REPRESENTATION_CONTEXT ( 'NONE', 'WORKASPACE' ) );
#363 = AXIS2_PLACEMENT_3D ( 'NONE', #2071, #6820, #2777 ) ;
#364 = AXIS2_PLACEMENT_3D ( 'NONE', #4133, #28, #4830 ) ;
#365 = DIRECTION ( 'NONE',  ( -1.000000000000000000, 0.0000000000000000000, 0.0000000000000000000 ) ) ;
#366 = SURFACE_STYLE_FILL_AREA ( #7570 ) ;
#367 =( NAMED_UNIT ( * ) SI_UNIT ( $, .STERADIAN. ) SOLID_ANGLE_UNIT ( ) );
#368 = ORIENTED_EDGE ( 'NONE', *, *, #316, .T. ) ;
#369 = ADVANCED_FACE ( 'NONE', ( #694 ), #5107, .T. ) ;
#370 = CARTESIAN_POINT ( 'NONE',  ( -0.5566770978245329000, -0.3056156049764194300, -1.562473123217090800 ) ) ;
#371 =( CONVERSION_BASED_UNIT ( 'INCH', #1799 ) LENGTH_UNIT ( ) NAMED_UNIT ( #5420 ) );
#372 = ORIENTED_EDGE ( 'NONE', *, *, #990, .F. ) ;
#373 = CYLINDRICAL_SURFACE ( 'NONE', #4267, 0.2499999999999998100 ) ;
#374 = LENGTH_MEASURE_WITH_UNIT ( LENGTH_MEASURE( 0.02539999999999999900 ), #1573 );
#375 = AXIS2_PLACEMENT_3D ( 'NONE', #887, #5688, #1584 ) ;
#376 = ORIENTED_EDGE ( 'NONE', *, *, #6628, .F. ) ;
#378 = LENGTH_MEASURE_WITH_UNIT ( LENGTH_MEASURE( 0.02539999999999999900 ), #5509 );
#377 = VECTOR ( 'NONE', #5280, 39.37007874015748900 ) ;
#379 = LENGTH_MEASURE_WITH_UNIT ( LENGTH_MEASURE( 0.02539999999999999900 ), #2385 );
#381 =( NAMED_UNIT ( * ) SI_UNIT ( $, .STERADIAN. ) SOLID_ANGLE_UNIT ( ) );
#380 = FILL_AREA_STYLE_COLOUR ( '', #4018 ) ;
#382 = EDGE_LOOP ( 'NONE', ( #6065, #697, #1843, #8499 ) ) ;
#383 = CARTESIAN_POINT ( 'NONE',  ( -0.7282875163485818000, -0.3315016303536155200, -0.8820000000000006700 ) ) ;
#384 = AXIS2_PLACEMENT_3D ( 'NONE', #6484, #2409, #7162 ) ;
#385 = CARTESIAN_POINT ( 'NONE',  ( -0.7282875163485816900, -0.3315016303536156800, -1.349538768355159800 ) ) ;
#386 = ORIENTED_EDGE ( 'NONE', *, *, #4038, .F. ) ;
#387 = FACE_OUTER_BOUND ( 'NONE', #7310, .T. ) ;
#388 = FILL_AREA_STYLE_COLOUR ( '', #4765 ) ;
#389 = CARTESIAN_POINT ( 'NONE',  ( -0.7282875163485818000, -0.9965016303536162700, 1.048844797839501900 ) ) ;
#390 = FILL_AREA_STYLE_COLOUR ( '', #8579 ) ;
#391 = VERTEX_POINT ( 'NONE', #4332 ) ;
#392 = EDGE_CURVE ( 'NONE', #7224, #3395, #3510, .T. ) ;
#393 = SURFACE_STYLE_FILL_AREA ( #7834 ) ;
#394 = EDGE_LOOP ( 'NONE', ( #2680, #193 ) ) ;
#395 = SURFACE_SIDE_STYLE ('',( #1211 ) ) ;
#396 = COLOUR_RGB ( '',0.5019607843137254800, 0.5019607843137254800, 0.5019607843137254800 ) ;
#397 = ORIENTED_EDGE ( 'NONE', *, *, #849, .T. ) ;
#398 = DIRECTION ( 'NONE',  ( -1.000000000000000000, 0.0000000000000000000, 0.0000000000000000000 ) ) ;
#399 = DIRECTION ( 'NONE',  ( -0.0000000000000000000, -0.0000000000000000000, -1.000000000000000000 ) ) ;
#400 = ORIENTED_EDGE ( 'NONE', *, *, #8060, .F. ) ;
#401 = CARTESIAN_POINT ( 'NONE',  ( -0.7282875163485818000, -0.3315016303536156800, 0.1249999999999986700 ) ) ;
#402 = EDGE_LOOP ( 'NONE', ( #7061, #1488, #286, #5623 ) ) ;
#403 = MECHANICAL_DESIGN_GEOMETRIC_PRESENTATION_REPRESENTATION (  '', ( #8323 ), #858 ) ;
#404 = SURFACE_STYLE_USAGE ( .BOTH. , #4530 ) ;
#405 = CARTESIAN_POINT ( 'NONE',  ( -0.7282875163485818000, -0.5465016303536153200, -1.092312662478476700 ) ) ;
#406 = COLOUR_RGB ( '',0.5019607843137254800, 0.5019607843137254800, 0.5019607843137254800 ) ;
#407 = ORIENTED_EDGE ( 'NONE', *, *, #6960, .T. ) ;
#408 = CARTESIAN_POINT ( 'NONE',  ( -0.5752877940201267500, -0.2494837907452088500, -1.562550730829408400 ) ) ;
#409 = DIRECTION ( 'NONE',  ( 1.476674591169866100E-015, -2.180567848206688900E-030, -1.000000000000000000 ) ) ;
#410 = ORIENTED_EDGE ( 'NONE', *, *, #8514, .F. ) ;
#411 = LENGTH_MEASURE_WITH_UNIT ( LENGTH_MEASURE( 0.02539999999999999900 ), #7960 );
#412 = SURFACE_SIDE_STYLE ('',( #7280 ) ) ;
#414 = DIRECTION ( 'NONE',  ( 1.774952849390946600E-032, -1.224606353822380000E-016, 1.000000000000000000 ) ) ;
#413 = CARTESIAN_POINT ( 'NONE',  ( -0.7282875163485813500, -0.3315016303536163500, -0.3869583694396621100 ) ) ;
#415 = CARTESIAN_POINT ( 'NONE',  ( -1.098042514826575300, -0.3315016303536155200, -0.3650000000000005500 ) ) ;
#416 = AXIS2_PLACEMENT_3D ( 'NONE', #4014, #8734, #4711 ) ;
#417 = DIMENSIONAL_EXPONENTS ( 1.000000000000000000, 0.0000000000000000000, 0.0000000000000000000, 0.0000000000000000000, 0.0000000000000000000, 0.0000000000000000000, 0.0000000000000000000 ) ;
#418 = ORIENTED_EDGE ( 'NONE', *, *, #8001, .F. ) ;
#419 = DIRECTION ( 'NONE',  ( 1.000000000000000000, 0.0000000000000000000, -1.324963830349198200E-016 ) ) ;
#420 = VECTOR ( 'NONE', #1828, 39.37007874015748100 ) ;
#421 = STYLED_ITEM ( 'NONE', ( #7930 ), #748 ) ;
#422 = AXIS2_PLACEMENT_3D ( 'NONE', #98, #4887, #766 ) ;
#423 = CARTESIAN_POINT ( 'NONE',  ( -0.4202148444932373700, -0.3315016303536154600, -0.3033176733773519900 ) ) ;
#424 = DIRECTION ( 'NONE',  ( 1.000000000000000000, 0.0000000000000000000, 0.0000000000000000000 ) ) ;
#425 = ADVANCED_FACE ( 'NONE', ( #1679 ), #4245, .F. ) ;
#426 = CARTESIAN_POINT ( 'NONE',  ( -1.393287516348582500, -0.3315016303536159600, 0.2549999999999985100 ) ) ;
#427 = EDGE_CURVE ( 'NONE', #7218, #2861, #2658, .T. ) ;
#428 = LENGTH_MEASURE_WITH_UNIT ( LENGTH_MEASURE( 0.02539999999999999900 ), #4659 );
#429 = EDGE_LOOP ( 'NONE', ( #8673, #3117, #7843, #4826 ) ) ;
#430 = PLANE ( 'NONE',  #2213 ) ;
#431 = CARTESIAN_POINT ( 'NONE',  ( -0.5076968373873171900, -0.2976489738049106800, -1.539000000000018100 ) ) ;
#432 = DIRECTION ( 'NONE',  ( -1.220408817397570400E-016, 1.013066643420215200E-017, 1.000000000000000000 ) ) ;
#433 =( NAMED_UNIT ( * ) PLANE_ANGLE_UNIT ( ) SI_UNIT ( $, .RADIAN. ) );
#434 = LENGTH_MEASURE_WITH_UNIT ( LENGTH_MEASURE( 0.02539999999999999900 ), #8511 );
#435 = SURFACE_SIDE_STYLE ('',( #8193 ) ) ;
#436 = AXIS2_PLACEMENT_3D ( 'NONE', #329, #5128, #1023 ) ;
#437 =( GEOMETRIC_REPRESENTATION_CONTEXT ( 3 ) GLOBAL_UNCERTAINTY_ASSIGNED_CONTEXT ( ( #5605 ) ) GLOBAL_UNIT_ASSIGNED_CONTEXT ( ( #4382, #262, #5061 ) ) REPRESENTATION_CONTEXT ( 'NONE', 'WORKASPACE' ) );
#438 = ORIENTED_EDGE ( 'NONE', *, *, #6192, .T. ) ;
#439 = EDGE_CURVE ( 'NONE', #7018, #6385, #801, .T. ) ;
#440 =( NAMED_UNIT ( * ) SI_UNIT ( $, .STERADIAN. ) SOLID_ANGLE_UNIT ( ) );
#441 = CARTESIAN_POINT ( 'NONE',  ( -0.9052530889619524500, -0.3874988852140517400, -1.576494665921036600 ) ) ;
#442 = AXIS2_PLACEMENT_3D ( 'NONE', #2604, #7341, #3299 ) ;
#443 = ORIENTED_EDGE ( 'NONE', *, *, #7287, .F. ) ;
#444 = FILL_AREA_STYLE_COLOUR ( '', #7777 ) ;
#445 = DIRECTION ( 'NONE',  ( 0.0000000000000000000, 1.000000000000000000, 4.377961528377805600E-016 ) ) ;
#446 = UNCERTAINTY_MEASURE_WITH_UNIT (LENGTH_MEASURE( 1.000000000000000100E-005 ), #6293, 'distance_accuracy_value', 'NONE');
#447 = DIRECTION ( 'NONE',  ( 2.567526309834831100E-017, -5.135052619669662200E-017, 1.000000000000000000 ) ) ;
#448 = EDGE_CURVE ( 'NONE', #5051, #7428, #2440, .T. ) ;
#449 = FILL_AREA_STYLE_COLOUR ( '', #1411 ) ;
#450 =( CONVERSION_BASED_UNIT ( 'INCH', #2519 ) LENGTH_UNIT ( ) NAMED_UNIT ( #6268 ) );
#451 = SURFACE_STYLE_USAGE ( .BOTH. , #4573 ) ;
#452 = VECTOR ( 'NONE', #8599, 39.37007874015748100 ) ;
#453 = FACE_BOUND ( 'NONE', #40, .T. ) ;
#454 = STYLED_ITEM ( 'NONE', ( #4443 ), #3126 ) ;
#455 =( CONVERSION_BASED_UNIT ( 'INCH', #3601 ) LENGTH_UNIT ( ) NAMED_UNIT ( #5645 ) );
#456 = UNCERTAINTY_MEASURE_WITH_UNIT (LENGTH_MEASURE( 1.000000000000000100E-005 ), #5045, 'distance_accuracy_value', 'NONE');
#457 = FILL_AREA_STYLE ('',( #7923 ) ) ;
#458 = DIMENSIONAL_EXPONENTS ( 1.000000000000000000, 0.0000000000000000000, 0.0000000000000000000, 0.0000000000000000000, 0.0000000000000000000, 0.0000000000000000000, 0.0000000000000000000 ) ;
#459 = SURFACE_STYLE_FILL_AREA ( #2692 ) ;
#460 = DIRECTION ( 'NONE',  ( 0.0000000000000000000, 0.0000000000000000000, -1.000000000000000000 ) ) ;
#461 = DIRECTION ( 'NONE',  ( -9.726753936418404900E-033, -1.224606353822377300E-016, -1.000000000000000000 ) ) ;
#462 = CARTESIAN_POINT ( 'NONE',  ( -0.8004438919368499500, -0.3389008563587380700, -1.546958369257701800 ) ) ;
#463 = ADVANCED_FACE ( 'NONE', ( #588 ), #4999, .T. ) ;
#464 = CARTESIAN_POINT ( 'NONE',  ( -0.7282875163485818000, -0.3315016303536155200, 1.048844797839501900 ) ) ;
#465 = CARTESIAN_POINT ( 'NONE',  ( -0.7282875163485816900, -0.3315016303536156800, -1.319958369439661900 ) ) ;
#466 = STYLED_ITEM ( 'NONE', ( #8140 ), #4487 ) ;
#467 = MECHANICAL_DESIGN_GEOMETRIC_PRESENTATION_REPRESENTATION (  '', ( #8392 ), #932 ) ;
#468 =( GEOMETRIC_REPRESENTATION_CONTEXT ( 3 ) GLOBAL_UNCERTAINTY_ASSIGNED_CONTEXT ( ( #4582 ) ) GLOBAL_UNIT_ASSIGNED_CONTEXT ( ( #4364, #253, #5054 ) ) REPRESENTATION_CONTEXT ( 'NONE', 'WORKASPACE' ) );
#469 = DIRECTION ( 'NONE',  ( 0.0000000000000000000, 0.0000000000000000000, 1.000000000000000000 ) ) ;
#470 = ORIENTED_EDGE ( 'NONE', *, *, #5484, .T. ) ;
#471 = EDGE_CURVE ( 'NONE', #8286, #5333, #4137, .T. ) ;
#472 = CARTESIAN_POINT ( 'NONE',  ( -0.7282875163485816900, -0.2390016303536151900, -1.526958369439661800 ) ) ;
#473 = CYLINDRICAL_SURFACE ( 'NONE', #6619, 0.08600000000000011800 ) ;
#474 = DIRECTION ( 'NONE',  ( -9.711944615174957000E-017, 7.459504271329832500E-017, 1.000000000000000000 ) ) ;
#475 = PLANE ( 'NONE',  #3730 ) ;
#476 = DIRECTION ( 'NONE',  ( 0.0000000000000000000, -1.000000000000000000, -7.284927983104693000E-016 ) ) ;
#477 =( NAMED_UNIT ( * ) SI_UNIT ( $, .STERADIAN. ) SOLID_ANGLE_UNIT ( ) );
#478 = VECTOR ( 'NONE', #6840, 39.37007874015748100 ) ;
#479 =( GEOMETRIC_REPRESENTATION_CONTEXT ( 3 ) GLOBAL_UNCERTAINTY_ASSIGNED_CONTEXT ( ( #6263 ) ) GLOBAL_UNIT_ASSIGNED_CONTEXT ( ( #5912, #1822, #6576 ) ) REPRESENTATION_CONTEXT ( 'NONE', 'WORKASPACE' ) );
#480 = MECHANICAL_DESIGN_GEOMETRIC_PRESENTATION_REPRESENTATION (  '', ( #7490 ), #952 ) ;
#481 = STYLED_ITEM ( 'NONE', ( #6637 ), #5815 ) ;
#482 = FILL_AREA_STYLE_COLOUR ( '', #4761 ) ;
#483 = ORIENTED_EDGE ( 'NONE', *, *, #6605, .F. ) ;
#484 = EDGE_CURVE ( 'NONE', #8488, #2786, #6780, .T. ) ;
#485 = CARTESIAN_POINT ( 'NONE',  ( -0.7282875163485818000, -0.6665016303536163100, -1.366009712753575900E-015 ) ) ;
#486 = SURFACE_SIDE_STYLE ('',( #8802 ) ) ;
#487 = CIRCLE ( 'NONE', #6251, 0.2499999999999998100 ) ;
#488 = FILL_AREA_STYLE ('',( #7961 ) ) ;
#489 = VERTEX_POINT ( 'NONE', #5098 ) ;
#490 = SURFACE_STYLE_FILL_AREA ( #3359 ) ;
#491 = VERTEX_POINT ( 'NONE', #2448 ) ;
#492 = CARTESIAN_POINT ( 'NONE',  ( -0.7282875163485864600, -0.3315016303536168500, -1.259000000000018500 ) ) ;
#493 = AXIS2_PLACEMENT_3D ( 'NONE', #8000, #1885, #3309 ) ;
#494 = FILL_AREA_STYLE_COLOUR ( '', #1148 ) ;
#495 = ORIENTED_EDGE ( 'NONE', *, *, #2500, .T. ) ;
#496 = CARTESIAN_POINT ( 'NONE',  ( -0.7282875163485668100, 0.1994983696463852900, 0.2849999999999988100 ) ) ;
#497 = VERTEX_POINT ( 'NONE', #7194 ) ;
#498 = EDGE_LOOP ( 'NONE', ( #3791, #7578, #5863, #483 ) ) ;
#499 = AXIS2_PLACEMENT_3D ( 'NONE', #270, #5070, #974 ) ;
#500 = SURFACE_SIDE_STYLE ('',( #3016 ) ) ;
#501 = SURFACE_STYLE_FILL_AREA ( #986 ) ;
#502 = DIRECTION ( 'NONE',  ( 1.000000000000000000, 0.0000000000000000000, -1.324963830349198200E-016 ) ) ;
#503 = SURFACE_STYLE_USAGE ( .BOTH. , #4635 ) ;
#504 = EDGE_LOOP ( 'NONE', ( #5537, #8790 ) ) ;
#505 = ADVANCED_FACE ( 'NONE', ( #3197 ), #4131, .F. ) ;
#506 = VERTEX_POINT ( 'NONE', #426 ) ;
#507 = FILL_AREA_STYLE_COLOUR ( '', #1900 ) ;
#508 = EDGE_CURVE ( 'NONE', #7536, #522, #5946, .T. ) ;
#509 = DIRECTION ( 'NONE',  ( -3.209407887293528100E-018, -1.059104602806867900E-016, -1.000000000000000000 ) ) ;
#510 = FACE_BOUND ( 'NONE', #8478, .T. ) ;
#511 = SURFACE_SIDE_STYLE ('',( #7020 ) ) ;
#512 = ORIENTED_EDGE ( 'NONE', *, *, #2382, .F. ) ;
#513 = LENGTH_MEASURE_WITH_UNIT ( LENGTH_MEASURE( 0.02539999999999999900 ), #3122 );
#514 = AXIS2_PLACEMENT_3D ( 'NONE', #2761, #8817, #7485 ) ;
#515 = CARTESIAN_POINT ( 'NONE',  ( -0.7282875163485818000, 0.09049836964638428800, 0.2469999999999986100 ) ) ;
#516 = CIRCLE ( 'NONE', #8417, 0.2650000000000002900 ) ;
#517 = EDGE_CURVE ( 'NONE', #985, #2138, #7717, .T. ) ;
#518 = FILL_AREA_STYLE ('',( #4622 ) ) ;
#519 = EDGE_CURVE ( 'NONE', #1344, #4481, #487, .T. ) ;
#520 = VECTOR ( 'NONE', #7377, 39.37007874015748100 ) ;
#521 = DIMENSIONAL_EXPONENTS ( 1.000000000000000000, 0.0000000000000000000, 0.0000000000000000000, 0.0000000000000000000, 0.0000000000000000000, 0.0000000000000000000, 0.0000000000000000000 ) ;
#522 = VERTEX_POINT ( 'NONE', #3207 ) ;
#523 = LENGTH_MEASURE_WITH_UNIT ( LENGTH_MEASURE( 0.02539999999999999900 ), #6358 );
#524 = FILL_AREA_STYLE_COLOUR ( '', #7317 ) ;
#525 = VERTEX_POINT ( 'NONE', #5470 ) ;
#526 = SURFACE_STYLE_FILL_AREA ( #8459 ) ;
#527 = CARTESIAN_POINT ( 'NONE',  ( -0.7282875163485813500, -0.3315016303536163500, -0.4619583694396621800 ) ) ;
#528 = PRESENTATION_LAYER_ASSIGNMENT (  '', '', ( #71 ) ) ;
#529 = DIRECTION ( 'NONE',  ( 1.324963830349198200E-016, -4.495203217082431200E-017, 1.000000000000000000 ) ) ;
#530 = EDGE_CURVE ( 'NONE', #8723, #1672, #3934, .T. ) ;
#531 = MECHANICAL_DESIGN_GEOMETRIC_PRESENTATION_REPRESENTATION (  '', ( #7544 ), #1002 ) ;
#532 = VERTEX_POINT ( 'NONE', #7252 ) ;
#533 = AXIS2_PLACEMENT_3D ( 'NONE', #1904, #5986, #6013 ) ;
#534 = MECHANICAL_DESIGN_GEOMETRIC_PRESENTATION_REPRESENTATION (  '', ( #8452 ), #1004 ) ;
#535 = DIRECTION ( 'NONE',  ( 0.3156177166874298800, -0.9488864299340639100, 0.0000000000000000000 ) ) ;
#536 =( CONVERSION_BASED_UNIT ( 'INCH', #428 ) LENGTH_UNIT ( ) NAMED_UNIT ( #2227 ) );
#537 =( NAMED_UNIT ( * ) PLANE_ANGLE_UNIT ( ) SI_UNIT ( $, .RADIAN. ) );
#538 = LENGTH_MEASURE_WITH_UNIT ( LENGTH_MEASURE( 0.02539999999999999900 ), #5724 );
#539 = LENGTH_MEASURE_WITH_UNIT ( LENGTH_MEASURE( 0.02539999999999999900 ), #8133 );
#540 = VERTEX_POINT ( 'NONE', #6138 ) ;
#541 = CARTESIAN_POINT ( 'NONE',  ( -0.5941624493130194300, -0.3315016303536151800, -1.092458369439662100 ) ) ;
#542 = SURFACE_SIDE_STYLE ('',( #2782 ) ) ;
#543 = DIMENSIONAL_EXPONENTS ( 1.000000000000000000, 0.0000000000000000000, 0.0000000000000000000, 0.0000000000000000000, 0.0000000000000000000, 0.0000000000000000000, 0.0000000000000000000 ) ;
#544 = DIRECTION ( 'NONE',  ( -7.472189016151557300E-032, -6.165649696520689200E-033, -1.000000000000000000 ) ) ;
#545 = SURFACE_STYLE_USAGE ( .BOTH. , #4669 ) ;
#546 = AXIS2_PLACEMENT_3D ( 'NONE', #2829, #7550, #3507 ) ;
#547 = ADVANCED_FACE ( 'NONE', ( #274 ), #6672, .T. ) ;
#548 = VERTEX_POINT ( 'NONE', #6841 ) ;
#549 = PRESENTATION_STYLE_ASSIGNMENT (( #3712 ) ) ;
#550 = UNCERTAINTY_MEASURE_WITH_UNIT (LENGTH_MEASURE( 1.000000000000000100E-005 ), #7297, 'distance_accuracy_value', 'NONE');
#551 = DIRECTION ( 'NONE',  ( 1.000000000000000000, 0.0000000000000000000, 0.0000000000000000000 ) ) ;
#552 = MECHANICAL_DESIGN_GEOMETRIC_PRESENTATION_REPRESENTATION (  '', ( #7562 ), #1018 ) ;
#553 = CARTESIAN_POINT ( 'NONE',  ( -0.5722875163510646700, -0.3315016303536163500, -0.4819583694385739500 ) ) ;
#554 = VECTOR ( 'NONE', #2072, 39.37007874015748100 ) ;
#555 = EDGE_CURVE ( 'NONE', #2031, #2381, #3079, .T. ) ;
#556 =( NAMED_UNIT ( * ) SI_UNIT ( $, .STERADIAN. ) SOLID_ANGLE_UNIT ( ) );
#557 =( NAMED_UNIT ( * ) SI_UNIT ( $, .STERADIAN. ) SOLID_ANGLE_UNIT ( ) );
#558 = UNCERTAINTY_MEASURE_WITH_UNIT (LENGTH_MEASURE( 1.000000000000000100E-005 ), #7148, 'distance_accuracy_value', 'NONE');
#559 = AXIS2_PLACEMENT_3D ( 'NONE', #5947, #7295, #7328 ) ;
#560 =( CONVERSION_BASED_UNIT ( 'INCH', #4239 ) LENGTH_UNIT ( ) NAMED_UNIT ( #3436 ) );
#561 = LENGTH_MEASURE_WITH_UNIT ( LENGTH_MEASURE( 0.02539999999999999900 ), #3996 );
#562 = CARTESIAN_POINT ( 'NONE',  ( -0.6557881546836437100, -0.3315016303536151800, -1.546958369429475300 ) ) ;
#563 = CARTESIAN_POINT ( 'NONE',  ( -0.3585325178705882600, -0.3315016303536154600, -0.3650000000000005500 ) ) ;
#564 = CARTESIAN_POINT ( 'NONE',  ( -0.3435325178705884200, -0.3315016303536154600, -0.3587867965644041500 ) ) ;
#565 = CARTESIAN_POINT ( 'NONE',  ( -0.7282875163485864600, -0.3315016303536168500, -1.259000000000018500 ) ) ;
#566 = LINE ( 'NONE', #1720, #5610 ) ;
#567 = FACE_OUTER_BOUND ( 'NONE', #7542, .T. ) ;
#568 = DIRECTION ( 'NONE',  ( -1.317611572512762000E-015, -4.392038575042540400E-016, 1.000000000000000000 ) ) ;
#569 = CARTESIAN_POINT ( 'NONE',  ( -0.8624125833841441700, -0.3315016303536151800, -1.092458369439662100 ) ) ;
#570 = AXIS2_PLACEMENT_3D ( 'NONE', #383, #5173, #1083 ) ;
#571 = CARTESIAN_POINT ( 'NONE',  ( -0.5132875163491100700, -0.3315016303536180700, -1.092312662477098900 ) ) ;
#572 = CONICAL_SURFACE ( 'NONE', #1476, 0.6650000000000007000, 0.7853981633974449500 ) ;
#573 = PRESENTATION_STYLE_ASSIGNMENT (( #7586 ) ) ;
#574 = AXIS2_PLACEMENT_3D ( 'NONE', #4098, #2801, #7512 ) ;
#575 = PRESENTATION_LAYER_ASSIGNMENT (  '', '', ( #135 ) ) ;
#576 = EDGE_LOOP ( 'NONE', ( #4542, #4178 ) ) ;
#577 = CARTESIAN_POINT ( 'NONE',  ( -0.7282875163485909000, -0.3315016303536180700, -3.282590941438460400 ) ) ;
#578 = EDGE_CURVE ( 'NONE', #3876, #1561, #2100, .T. ) ;
#579 = VERTEX_POINT ( 'NONE', #8199 ) ;
#580 = CARTESIAN_POINT ( 'NONE',  ( -0.7282875163485912400, -0.3315016303536180700, -1.694000000000018600 ) ) ;
#581 = DIRECTION ( 'NONE',  ( 0.0000000000000000000, 0.0000000000000000000, -1.000000000000000000 ) ) ;
#582 = ORIENTED_EDGE ( 'NONE', *, *, #6555, .T. ) ;
#583 = CIRCLE ( 'NONE', #3196, 0.3125000000000001700 ) ;
#584 = DIRECTION ( 'NONE',  ( -0.0000000000000000000, 0.0000000000000000000, 1.000000000000000000 ) ) ;
#585 = ADVANCED_FACE ( 'NONE', ( #1229 ), #373, .T. ) ;
#586 = ORIENTED_EDGE ( 'NONE', *, *, #3669, .F. ) ;
#587 = DIRECTION ( 'NONE',  ( 0.0000000000000000000, 1.000000000000000000, 0.0000000000000000000 ) ) ;
#588 = FACE_OUTER_BOUND ( 'NONE', #6901, .T. ) ;
#589 = AXIS2_PLACEMENT_3D ( 'NONE', #6347, #2275, #7009 ) ;
#590 = PRESENTATION_LAYER_ASSIGNMENT (  '', '', ( #149 ) ) ;
#591 = ORIENTED_EDGE ( 'NONE', *, *, #7940, .T. ) ;
#592 = DIRECTION ( 'NONE',  ( 2.985768325466478400E-031, -6.902532920683853300E-031, -1.000000000000000000 ) ) ;
#593 = LENGTH_MEASURE_WITH_UNIT ( LENGTH_MEASURE( 0.02539999999999999900 ), #7732 );
#594 = EDGE_CURVE ( 'NONE', #2207, #213, #4028, .T. ) ;
#595 =( NAMED_UNIT ( * ) PLANE_ANGLE_UNIT ( ) SI_UNIT ( $, .RADIAN. ) );
#596 = ORIENTED_EDGE ( 'NONE', *, *, #6209, .T. ) ;
#598 = CARTESIAN_POINT ( 'NONE',  ( -0.6639585535316628900, -0.3654505801220578900, -1.546958370856688500 ) ) ;
#597 =( NAMED_UNIT ( * ) SI_UNIT ( $, .STERADIAN. ) SOLID_ANGLE_UNIT ( ) );
#599 = EDGE_LOOP ( 'NONE', ( #7135, #5900, #7720, #4707 ) ) ;
#600 =( CONVERSION_BASED_UNIT ( 'INCH', #3244 ) LENGTH_UNIT ( ) NAMED_UNIT ( #4046 ) );
#601 = COLOUR_RGB ( '',0.5019607843137254800, 0.5019607843137254800, 0.5019607843137254800 ) ;
#602 = AXIS2_PLACEMENT_3D ( 'NONE', #875, #5679, #1567 ) ;
#603 = VERTEX_POINT ( 'NONE', #4906 ) ;
#604 = SURFACE_STYLE_FILL_AREA ( #4976 ) ;
#605 = DIRECTION ( 'NONE',  ( 9.726753936418404900E-033, 1.224606353822377300E-016, 1.000000000000000000 ) ) ;
#606 = VERTEX_POINT ( 'NONE', #112 ) ;
#607 = LENGTH_MEASURE_WITH_UNIT ( LENGTH_MEASURE( 0.02539999999999999900 ), #7499 );
#608 = SURFACE_STYLE_USAGE ( .BOTH. , #4731 ) ;
#609 = ORIENTED_EDGE ( 'NONE', *, *, #3476, .T. ) ;
#610 = SURFACE_SIDE_STYLE ('',( #2875 ) ) ;
#611 = PRESENTATION_STYLE_ASSIGNMENT (( #4438 ) ) ;
#612 = EDGE_CURVE ( 'NONE', #6777, #2138, #2215, .T. ) ;
#613 = SURFACE_STYLE_FILL_AREA ( #6992 ) ;
#614 = ORIENTED_EDGE ( 'NONE', *, *, #3137, .T. ) ;
#615 = UNCERTAINTY_MEASURE_WITH_UNIT (LENGTH_MEASURE( 1.000000000000000100E-005 ), #1529, 'distance_accuracy_value', 'NONE');
#616 = VERTEX_POINT ( 'NONE', #775 ) ;
#617 = AXIS2_PLACEMENT_3D ( 'NONE', #1306, #6097, #2018 ) ;
#618 = DIRECTION ( 'NONE',  ( 1.000000000000000000, 0.0000000000000000000, -0.0000000000000000000 ) ) ;
#619 = DIMENSIONAL_EXPONENTS ( 1.000000000000000000, 0.0000000000000000000, 0.0000000000000000000, 0.0000000000000000000, 0.0000000000000000000, 0.0000000000000000000, 0.0000000000000000000 ) ;
#620 = FACE_OUTER_BOUND ( 'NONE', #5847, .T. ) ;
#621 = DIRECTION ( 'NONE',  ( 1.220408817397570400E-016, -1.013066643420215200E-017, -1.000000000000000000 ) ) ;
#622 = ORIENTED_EDGE ( 'NONE', *, *, #6106, .F. ) ;
#623 = PRESENTATION_STYLE_ASSIGNMENT (( #4402 ) ) ;
#624 = FACE_OUTER_BOUND ( 'NONE', #7402, .T. ) ;
#625 = DIRECTION ( 'NONE',  ( 0.0000000000000000000, 1.000000000000000000, 0.0000000000000000000 ) ) ;
#626 = DIMENSIONAL_EXPONENTS ( 1.000000000000000000, 0.0000000000000000000, 0.0000000000000000000, 0.0000000000000000000, 0.0000000000000000000, 0.0000000000000000000, 0.0000000000000000000 ) ;
#627 = CARTESIAN_POINT ( 'NONE',  ( -0.7282875163485813500, -0.3315016303536163500, -0.6419583694396621100 ) ) ;
#628 = MECHANICAL_DESIGN_GEOMETRIC_PRESENTATION_REPRESENTATION (  '', ( #8555 ), #1106 ) ;
#629 = CARTESIAN_POINT ( 'NONE',  ( -0.7282875163485813500, -0.3315016303536163500, -0.4619583694396621800 ) ) ;
#630 = CONICAL_SURFACE ( 'NONE', #7663, 0.2149999999994809700, 1.178097245096306500 ) ;
#631 = ORIENTED_EDGE ( 'NONE', *, *, #1703, .F. ) ;
#632 = PRESENTATION_STYLE_ASSIGNMENT (( #7028 ) ) ;
#633 = ADVANCED_FACE ( 'NONE', ( #5627 ), #1128, .T. ) ;
#634 = DIRECTION ( 'NONE',  ( -1.000000000000000000, 0.0000000000000000000, 0.0000000000000000000 ) ) ;
#635 = MECHANICAL_DESIGN_GEOMETRIC_PRESENTATION_REPRESENTATION (  '', ( #8556 ), #1107 ) ;
#636 = CARTESIAN_POINT ( 'NONE',  ( -0.7282875163485818000, -0.3315016303536152400, -1.092458369439662100 ) ) ;
#637 = EDGE_CURVE ( 'NONE', #3581, #4471, #3189, .T. ) ;
#638 = DIRECTION ( 'NONE',  ( 0.0000000000000000000, 0.0000000000000000000, 1.000000000000000000 ) ) ;
#639 = ORIENTED_EDGE ( 'NONE', *, *, #4575, .F. ) ;
#640 = PRESENTATION_STYLE_ASSIGNMENT (( #5501 ) ) ;
#641 =( CONVERSION_BASED_UNIT ( 'INCH', #168 ) LENGTH_UNIT ( ) NAMED_UNIT ( #771 ) );
#642 = CARTESIAN_POINT ( 'NONE',  ( -0.9932875163485821400, -0.3315016303536155200, 0.02223988196073611200 ) ) ;
#643 =( GEOMETRIC_REPRESENTATION_CONTEXT ( 3 ) GLOBAL_UNCERTAINTY_ASSIGNED_CONTEXT ( ( #2176 ) ) GLOBAL_UNIT_ASSIGNED_CONTEXT ( ( #285, #5079, #982 ) ) REPRESENTATION_CONTEXT ( 'NONE', 'WORKASPACE' ) );
#644 = AXIS2_PLACEMENT_3D ( 'NONE', #864, #5666, #1548 ) ;
#645 = STYLED_ITEM ( 'NONE', ( #7790 ), #5714 ) ;
#646 = DIRECTION ( 'NONE',  ( 0.0000000000000000000, -0.0000000000000000000, 1.000000000000000000 ) ) ;
#647 = LENGTH_MEASURE_WITH_UNIT ( LENGTH_MEASURE( 0.02539999999999999900 ), #6025 );
#648 = VERTEX_POINT ( 'NONE', #4280 ) ;
#649 = DIMENSIONAL_EXPONENTS ( 1.000000000000000000, 0.0000000000000000000, 0.0000000000000000000, 0.0000000000000000000, 0.0000000000000000000, 0.0000000000000000000, 0.0000000000000000000 ) ;
#650 = DIRECTION ( 'NONE',  ( -9.726753936418404900E-033, -1.224606353822377300E-016, -1.000000000000000000 ) ) ;
#651 = CARTESIAN_POINT ( 'NONE',  ( -0.8617875163485816400, -0.3315016303536163500, -0.3769583694396621000 ) ) ;
#652 = FACE_BOUND ( 'NONE', #4911, .T. ) ;
#653 = CARTESIAN_POINT ( 'NONE',  ( -0.5547875163485913600, -0.3315016303536180700, -1.694000000000018600 ) ) ;
#654 = COLOUR_RGB ( '',0.5019607843137254800, 0.5019607843137254800, 0.5019607843137254800 ) ;
#655 = DIRECTION ( 'NONE',  ( 2.915594446626999200E-032, 5.323731010893191500E-032, -1.000000000000000000 ) ) ;
#656 = STYLED_ITEM ( 'NONE', ( #1274 ), #6680 ) ;
#657 = UNCERTAINTY_MEASURE_WITH_UNIT (LENGTH_MEASURE( 1.000000000000000100E-005 ), #1940, 'distance_accuracy_value', 'NONE');
#658 = SURFACE_SIDE_STYLE ('',( #4715 ) ) ;
#659 = SURFACE_STYLE_USAGE ( .BOTH. , #4780 ) ;
#660 = AXIS2_PLACEMENT_3D ( 'NONE', #4603, #474, #5275 ) ;
#661 = DIRECTION ( 'NONE',  ( -9.726753936418404900E-033, -1.224606353822377300E-016, -1.000000000000000000 ) ) ;
#662 = UNCERTAINTY_MEASURE_WITH_UNIT (LENGTH_MEASURE( 1.000000000000000100E-005 ), #8524, 'distance_accuracy_value', 'NONE');
#663 = DIRECTION ( 'NONE',  ( 0.0000000000000000000, 1.000000000000000000, 0.0000000000000000000 ) ) ;
#664 = CARTESIAN_POINT ( 'NONE',  ( -1.188147005758116000, -0.6830016303536217100, -1.321244282268455700E-015 ) ) ;
#665 = EDGE_CURVE ( 'NONE', #1133, #5577, #2967, .T. ) ;
#666 = DIRECTION ( 'NONE',  ( -1.324963830349198200E-016, 4.495203217082431200E-017, -1.000000000000000000 ) ) ;
#667 =( NAMED_UNIT ( * ) SI_UNIT ( $, .STERADIAN. ) SOLID_ANGLE_UNIT ( ) );
#669 = COLOUR_RGB ( '',0.5019607843137254800, 0.5019607843137254800, 0.5019607843137254800 ) ;
#668 = AXIS2_PLACEMENT_3D ( 'NONE', #5892, #4626, #3964 ) ;
#670 = CONICAL_SURFACE ( 'NONE', #208, 0.3879999999999994600, 1.178097245096173300 ) ;
#671 = CARTESIAN_POINT ( 'NONE',  ( -0.7282875163485814700, -0.3315016303536152400, -1.526958369439661800 ) ) ;
#673 = FILL_AREA_STYLE_COLOUR ( '', #6288 ) ;
#672 = DIRECTION ( 'NONE',  ( 1.000000000000000000, 0.0000000000000000000, -5.812442539711189900E-015 ) ) ;
#674 = EDGE_LOOP ( 'NONE', ( #8061, #8159, #5223, #5851, #2090, #5320 ) ) ;
#675 = PRESENTATION_STYLE_ASSIGNMENT (( #4926 ) ) ;
#676 = COLOUR_RGB ( '',0.5019607843137254800, 0.5019607843137254800, 0.5019607843137254800 ) ;
#677 = CARTESIAN_POINT ( 'NONE',  ( -0.7282875163485818000, -0.3315016303536152400, -1.144181362094663300 ) ) ;
#678 = ORIENTED_EDGE ( 'NONE', *, *, #5840, .T. ) ;
#679 =( LENGTH_UNIT ( ) NAMED_UNIT ( * ) SI_UNIT ( $, .METRE. ) );
#680 = MECHANICAL_DESIGN_GEOMETRIC_PRESENTATION_REPRESENTATION (  '', ( #7701 ), #1165 ) ;
#681 = COLOUR_RGB ( '',0.5019607843137254800, 0.5019607843137254800, 0.5019607843137254800 ) ;
#682 = PLANE ( 'NONE',  #3766 ) ;
#683 = ORIENTED_EDGE ( 'NONE', *, *, #6707, .T. ) ;
#684 = FACE_OUTER_BOUND ( 'NONE', #6924, .T. ) ;
#685 = VECTOR ( 'NONE', #3806, 39.37007874015748100 ) ;
#686 = EDGE_CURVE ( 'NONE', #2214, #548, #6568, .T. ) ;
#687 = PRESENTATION_LAYER_ASSIGNMENT (  '', '', ( #248 ) ) ;
#688 = AXIS2_PLACEMENT_3D ( 'NONE', #5097, #997, #5789 ) ;
#689 = DIRECTION ( 'NONE',  ( 5.488649147188717800E-016, -0.0000000000000000000, 1.000000000000000000 ) ) ;
#690 =( LENGTH_UNIT ( ) NAMED_UNIT ( * ) SI_UNIT ( $, .METRE. ) );
#691 = EDGE_CURVE ( 'NONE', #1714, #6795, #1332, .T. ) ;
#692 = ORIENTED_EDGE ( 'NONE', *, *, #5840, .F. ) ;
#693 = SURFACE_SIDE_STYLE ('',( #4305 ) ) ;
#694 = FACE_OUTER_BOUND ( 'NONE', #2927, .T. ) ;
#695 = ORIENTED_EDGE ( 'NONE', *, *, #958, .F. ) ;
#696 = EDGE_LOOP ( 'NONE', ( #1035, #1428, #3330, #6991 ) ) ;
#697 = ORIENTED_EDGE ( 'NONE', *, *, #2281, .T. ) ;
#698 = B_SPLINE_CURVE_WITH_KNOTS ( 'NONE', 3,
 ( #6040, #1969, #6724, #2664, #7387, #3362, #8076, #4027, #8754, #4727, #598, #5401, #1290, #6076, #1995, #6748 ),
 .UNSPECIFIED., .F., .F.,
 ( 4, 1, 1, 1, 1, 1, 1, 1, 1, 1, 1, 1, 1, 4 ),
 ( 4.333589948054179200E-008, 0.04765211279972834300, 0.09530435166516874900, 0.1429592377665709300, 0.2142719857301500800, 0.2861980826506493900, 0.4996471243029349500, 0.5624067801787677700, 0.6246687558499737200, 0.7497565101880894200, 0.8124769036061522100, 0.8747256930411015900, 0.9373651953543867800, 1.000000000000000000 ),
 .UNSPECIFIED. ) ;
#699 = PRESENTATION_LAYER_ASSIGNMENT (  '', '', ( #258 ) ) ;
#700 = AXIS2_PLACEMENT_3D ( 'NONE', #8591, #5897, #4564 ) ;
#701 = CARTESIAN_POINT ( 'NONE',  ( -0.7249790566233070800, -0.3572902730911905500, -1.259000000000018500 ) ) ;
#702 = FACE_OUTER_BOUND ( 'NONE', #2996, .T. ) ;
#703 = VECTOR ( 'NONE', #1911, 39.37007874015748100 ) ;
#704 = ORIENTED_EDGE ( 'NONE', *, *, #4121, .F. ) ;
#705 = EDGE_CURVE ( 'NONE', #7989, #7536, #8357, .T. ) ;
#706 = SURFACE_STYLE_USAGE ( .BOTH. , #4833 ) ;
#707 = DIRECTION ( 'NONE',  ( 9.726753936418404900E-033, 1.224606353822377800E-016, 1.000000000000000000 ) ) ;
#708 = ORIENTED_EDGE ( 'NONE', *, *, #2261, .T. ) ;
#709 = CONICAL_SURFACE ( 'NONE', #8510, 0.1559999999997546100, 0.5235987755661892800 ) ;
#710 = PRESENTATION_LAYER_ASSIGNMENT (  '', '', ( #266 ) ) ;
#711 = UNCERTAINTY_MEASURE_WITH_UNIT (LENGTH_MEASURE( 1.000000000000000100E-005 ), #4975, 'distance_accuracy_value', 'NONE');
#712 = LINE ( 'NONE', #7438, #7746 ) ;
#713 = CARTESIAN_POINT ( 'NONE',  ( -0.7282875163485818000, 0.04849836964638525700, -0.5081049102779643400 ) ) ;
#714 = VERTEX_POINT ( 'NONE', #4444 ) ;
#715 =( CONVERSION_BASED_UNIT ( 'INCH', #2334 ) LENGTH_UNIT ( ) NAMED_UNIT ( #6120 ) );
#716 = ORIENTED_EDGE ( 'NONE', *, *, #5665, .F. ) ;
#717 = EDGE_CURVE ( 'NONE', #1463, #4598, #6366, .T. ) ;
#718 = FILL_AREA_STYLE ('',( #6171 ) ) ;
#719 = PRESENTATION_LAYER_ASSIGNMENT (  '', '', ( #281 ) ) ;
#720 = DIRECTION ( 'NONE',  ( -1.000000000000000000, 0.0000000000000000000, 0.0000000000000000000 ) ) ;
#721 = ORIENTED_EDGE ( 'NONE', *, *, #6414, .T. ) ;
#722 = CIRCLE ( 'NONE', #3893, 0.1341250670370401100 ) ;
#723 = EDGE_LOOP ( 'NONE', ( #6909, #2103 ) ) ;
#724 = FACE_OUTER_BOUND ( 'NONE', #6157, .T. ) ;
#725 = SURFACE_STYLE_USAGE ( .BOTH. , #4851 ) ;
#726 = LENGTH_MEASURE_WITH_UNIT ( LENGTH_MEASURE( 0.02539999999999999900 ), #1122 );
#727 =( NAMED_UNIT ( * ) SI_UNIT ( $, .STERADIAN. ) SOLID_ANGLE_UNIT ( ) );
#728 = PRESENTATION_STYLE_ASSIGNMENT (( #451 ) ) ;
#729 = COLOUR_RGB ( '',0.5019607843137254800, 0.5019607843137254800, 0.5019607843137254800 ) ;
#730 = SURFACE_SIDE_STYLE ('',( #3596 ) ) ;
#731 = ORIENTED_EDGE ( 'NONE', *, *, #1957, .T. ) ;
#732 = LINE ( 'NONE', #6903, #4415 ) ;
#733 = FILL_AREA_STYLE ('',( #4860 ) ) ;
#735 =( CONVERSION_BASED_UNIT ( 'INCH', #8594 ) LENGTH_UNIT ( ) NAMED_UNIT ( #626 ) );
#734 = SURFACE_SIDE_STYLE ('',( #6443 ) ) ;
#736 = STYLED_ITEM ( 'NONE', ( #6390 ), #4620 ) ;
#737 = CARTESIAN_POINT ( 'NONE',  ( -0.7282875163485911200, -0.3315016303536180700, -1.539000000000017900 ) ) ;
#738 = DIRECTION ( 'NONE',  ( 0.0000000000000000000, 0.0000000000000000000, -1.000000000000000000 ) ) ;
#739 = DIMENSIONAL_EXPONENTS ( 1.000000000000000000, 0.0000000000000000000, 0.0000000000000000000, 0.0000000000000000000, 0.0000000000000000000, 0.0000000000000000000, 0.0000000000000000000 ) ;
#740 = AXIS2_PLACEMENT_3D ( 'NONE', #3748, #8444, #4427 ) ;
#741 = ORIENTED_EDGE ( 'NONE', *, *, #5952, .T. ) ;
#742 = STYLED_ITEM ( 'NONE', ( #6910 ), #7300 ) ;
#743 = VECTOR ( 'NONE', #1835, 39.37007874015748100 ) ;
#744 =( CONVERSION_BASED_UNIT ( 'INCH', #4084 ) LENGTH_UNIT ( ) NAMED_UNIT ( #8694 ) );
#745 = EDGE_CURVE ( 'NONE', #5308, #1265, #4576, .T. ) ;
#746 = DIRECTION ( 'NONE',  ( -0.0000000000000000000, 0.0000000000000000000, 1.000000000000000000 ) ) ;
#747 = PRESENTATION_STYLE_ASSIGNMENT (( #5545 ) ) ;
#748 = ADVANCED_FACE ( 'NONE', ( #2754 ), #1858, .F. ) ;
#749 =( LENGTH_UNIT ( ) NAMED_UNIT ( * ) SI_UNIT ( $, .METRE. ) );
#750 = ORIENTED_EDGE ( 'NONE', *, *, #5409, .F. ) ;
#751 = COLOUR_RGB ( '',0.5019607843137254800, 0.5019607843137254800, 0.5019607843137254800 ) ;
#752 =( CONVERSION_BASED_UNIT ( 'INCH', #4832 ) LENGTH_UNIT ( ) NAMED_UNIT ( #5930 ) );
#753 = FILL_AREA_STYLE ('',( #4125 ) ) ;
#754 = STYLED_ITEM ( 'NONE', ( #4399 ), #1623 ) ;
#755 =( GEOMETRIC_REPRESENTATION_CONTEXT ( 3 ) GLOBAL_UNCERTAINTY_ASSIGNED_CONTEXT ( ( #5399 ) ) GLOBAL_UNIT_ASSIGNED_CONTEXT ( ( #6829, #2784, #7498 ) ) REPRESENTATION_CONTEXT ( 'NONE', 'WORKASPACE' ) );
#756 = SURFACE_SIDE_STYLE ('',( #2620 ) ) ;
#757 = SURFACE_STYLE_FILL_AREA ( #4325 ) ;
#758 = EDGE_CURVE ( 'NONE', #4744, #3826, #3698, .T. ) ;
#760 = DIRECTION ( 'NONE',  ( -1.000000000000000000, 0.0000000000000000000, 0.0000000000000000000 ) ) ;
#759 = FILL_AREA_STYLE_COLOUR ( '', #6036 ) ;
#761 = FACE_BOUND ( 'NONE', #1040, .T. ) ;
#762 = CYLINDRICAL_SURFACE ( 'NONE', #910, 0.3549999999999999300 ) ;
#763 = FILL_AREA_STYLE_COLOUR ( '', #4331 ) ;
#764 = FILL_AREA_STYLE ('',( #2177 ) ) ;
#766 = DIRECTION ( 'NONE',  ( -1.000000000000000000, 0.0000000000000000000, 0.0000000000000000000 ) ) ;
#765 = FILL_AREA_STYLE_COLOUR ( '', #7170 ) ;
#767 =( NAMED_UNIT ( * ) PLANE_ANGLE_UNIT ( ) SI_UNIT ( $, .RADIAN. ) );
#768 =( NAMED_UNIT ( * ) SI_UNIT ( $, .STERADIAN. ) SOLID_ANGLE_UNIT ( ) );
#769 = AXIS2_PLACEMENT_3D ( 'NONE', #2820, #7537, #3496 ) ;
#770 = CARTESIAN_POINT ( 'NONE',  ( -1.188147005758121600, -0.06600163035361952800, 0.2849999999999987000 ) ) ;
#771 = DIMENSIONAL_EXPONENTS ( 1.000000000000000000, 0.0000000000000000000, 0.0000000000000000000, 0.0000000000000000000, 0.0000000000000000000, 0.0000000000000000000, 0.0000000000000000000 ) ;
#772 = DIRECTION ( 'NONE',  ( 1.000000000000000000, 0.0000000000000000000, 0.0000000000000000000 ) ) ;
#773 = AXIS2_PLACEMENT_3D ( 'NONE', #5953, #1871, #6624 ) ;
#774 = SURFACE_SIDE_STYLE ('',( #8456 ) ) ;
#775 = CARTESIAN_POINT ( 'NONE',  ( -0.6812875163485823100, -0.3315016303536157900, -0.5169583694396621100 ) ) ;
#776 = ORIENTED_EDGE ( 'NONE', *, *, #2631, .F. ) ;
#777 = FILL_AREA_STYLE ('',( #4212 ) ) ;
#778 = DIMENSIONAL_EXPONENTS ( 1.000000000000000000, 0.0000000000000000000, 0.0000000000000000000, 0.0000000000000000000, 0.0000000000000000000, 0.0000000000000000000, 0.0000000000000000000 ) ;
#779 = LINE ( 'NONE', #220, #7601 ) ;
#780 = VECTOR ( 'NONE', #1169, 39.37007874015748100 ) ;
#781 = SURFACE_STYLE_FILL_AREA ( #2859 ) ;
#782 = ORIENTED_EDGE ( 'NONE', *, *, #4898, .F. ) ;
#783 =( CONVERSION_BASED_UNIT ( 'INCH', #8113 ) LENGTH_UNIT ( ) NAMED_UNIT ( #1768 ) );
#784 = DIRECTION ( 'NONE',  ( 0.3156177166874301100, -0.9488864299340638000, 0.0000000000000000000 ) ) ;
#785 = VERTEX_POINT ( 'NONE', #1762 ) ;
#786 = MECHANICAL_DESIGN_GEOMETRIC_PRESENTATION_REPRESENTATION (  '', ( #8720 ), #1266 ) ;
#787 = SURFACE_STYLE_FILL_AREA ( #4989 ) ;
#788 = ORIENTED_EDGE ( 'NONE', *, *, #6591, .F. ) ;
#789 =( NAMED_UNIT ( * ) PLANE_ANGLE_UNIT ( ) SI_UNIT ( $, .RADIAN. ) );
#790 = VECTOR ( 'NONE', #6828, 39.37007874015748100 ) ;
#791 = ADVANCED_FACE ( 'NONE', ( #3903 ), #4650, .F. ) ;
#792 =( LENGTH_UNIT ( ) NAMED_UNIT ( * ) SI_UNIT ( $, .METRE. ) );
#793 = AXIS2_PLACEMENT_3D ( 'NONE', #2976, #7686, #3675 ) ;
#794 = ORIENTED_EDGE ( 'NONE', *, *, #250, .T. ) ;
#795 = CARTESIAN_POINT ( 'NONE',  ( -0.7282875163485911200, -0.3315016303536181300, -1.694000000000017900 ) ) ;
#797 = SURFACE_STYLE_USAGE ( .BOTH. , #4928 ) ;
#796 = CARTESIAN_POINT ( 'NONE',  ( -0.7282875163485909000, -0.3315016303536180700, -3.282590941438460400 ) ) ;
#798 = FILL_AREA_STYLE ('',( #4929 ) ) ;
#799 = ORIENTED_EDGE ( 'NONE', *, *, #5258, .F. ) ;
#800 =( CONVERSION_BASED_UNIT ( 'INCH', #1372 ) LENGTH_UNIT ( ) NAMED_UNIT ( #2035 ) );
#801 = CIRCLE ( 'NONE', #740, 0.3800000000000007300 ) ;
#802 = ORIENTED_EDGE ( 'NONE', *, *, #6179, .F. ) ;
#803 = COLOUR_RGB ( '',0.5019607843137254800, 0.5019607843137254800, 0.5019607843137254800 ) ;
#804 = SURFACE_SIDE_STYLE ('',( #1922 ) ) ;
#805 =( GEOMETRIC_REPRESENTATION_CONTEXT ( 3 ) GLOBAL_UNCERTAINTY_ASSIGNED_CONTEXT ( ( #282 ) ) GLOBAL_UNIT_ASSIGNED_CONTEXT ( ( #455, #5257, #1150 ) ) REPRESENTATION_CONTEXT ( 'NONE', 'WORKASPACE' ) );
#806 = ORIENTED_EDGE ( 'NONE', *, *, #3414, .F. ) ;
#807 = CARTESIAN_POINT ( 'NONE',  ( -0.5392875163485900700, -0.3315016303536180700, -1.267000000000018100 ) ) ;
#808 = VERTEX_POINT ( 'NONE', #3188 ) ;
#809 = CARTESIAN_POINT ( 'NONE',  ( -0.7282875163485818000, -0.3315016303536155200, 1.048844797839501900 ) ) ;
#810 = AXIS2_PLACEMENT_3D ( 'NONE', #4963, #843, #5646 ) ;
#811 = AXIS2_PLACEMENT_3D ( 'NONE', #8796, #621, #4105 ) ;
#812 = AXIS2_PLACEMENT_3D ( 'NONE', #6188, #2104, #6850 ) ;
#813 = PLANE ( 'NONE',  #8443 ) ;
#814 = ORIENTED_EDGE ( 'NONE', *, *, #3208, .T. ) ;
#815 =( NAMED_UNIT ( * ) PLANE_ANGLE_UNIT ( ) SI_UNIT ( $, .RADIAN. ) );
#816 = EDGE_LOOP ( 'NONE', ( #7111, #62 ) ) ;
#817 =( NAMED_UNIT ( * ) SI_UNIT ( $, .STERADIAN. ) SOLID_ANGLE_UNIT ( ) );
#818 = UNCERTAINTY_MEASURE_WITH_UNIT (LENGTH_MEASURE( 1.000000000000000100E-005 ), #6737, 'distance_accuracy_value', 'NONE');
#819 = DIRECTION ( 'NONE',  ( -1.000000000000000000, 0.0000000000000000000, 1.050710766793944300E-014 ) ) ;
#820 = CYLINDRICAL_SURFACE ( 'NONE', #4952, 0.08600000000000016000 ) ;
#821 = SURFACE_STYLE_FILL_AREA ( #1121 ) ;
#822 = DIMENSIONAL_EXPONENTS ( 1.000000000000000000, 0.0000000000000000000, 0.0000000000000000000, 0.0000000000000000000, 0.0000000000000000000, 0.0000000000000000000, 0.0000000000000000000 ) ;
#823 = ORIENTED_EDGE ( 'NONE', *, *, #3733, .F. ) ;
#825 = SURFACE_SIDE_STYLE ('',( #7474 ) ) ;
#824 = SURFACE_STYLE_USAGE ( .BOTH. , #4945 ) ;
#826 =( CONVERSION_BASED_UNIT ( 'INCH', #7091 ) LENGTH_UNIT ( ) NAMED_UNIT ( #1418 ) );
#827 = ORIENTED_EDGE ( 'NONE', *, *, #8526, .T. ) ;
#828 = CIRCLE ( 'NONE', #3071, 0.009999999999999962000 ) ;
#829 = STYLED_ITEM ( 'NONE', ( #632 ), #6556 ) ;
#830 = CARTESIAN_POINT ( 'NONE',  ( -0.7282875163485818000, -0.3315016303536155200, -0.9319999999999999400 ) ) ;
#831 = UNCERTAINTY_MEASURE_WITH_UNIT (LENGTH_MEASURE( 1.000000000000000100E-005 ), #1601, 'distance_accuracy_value', 'NONE');
#832 = FILL_AREA_STYLE_COLOUR ( '', #5092 ) ;
#833 = COLOUR_RGB ( '',0.5019607843137254800, 0.5019607843137254800, 0.5019607843137254800 ) ;
#834 = DIRECTION ( 'NONE',  ( -0.0000000000000000000, -0.0000000000000000000, 1.000000000000000000 ) ) ;
#836 = DIRECTION ( 'NONE',  ( 1.220408817397570400E-016, -1.013066643420215200E-017, -1.000000000000000000 ) ) ;
#835 = SURFACE_STYLE_USAGE ( .BOTH. , #4956 ) ;
#837 = DIRECTION ( 'NONE',  ( -1.000000000000000000, 0.0000000000000000000, 0.0000000000000000000 ) ) ;
#838 =( LENGTH_UNIT ( ) NAMED_UNIT ( * ) SI_UNIT ( $, .METRE. ) );
#839 = ORIENTED_EDGE ( 'NONE', *, *, #4110, .F. ) ;
#840 = COLOUR_RGB ( '',0.5019607843137254800, 0.5019607843137254800, 0.5019607843137254800 ) ;
#841 = STYLED_ITEM ( 'NONE', ( #5201 ), #2441 ) ;
#842 = DIRECTION ( 'NONE',  ( 0.9238795325076351000, 1.131426112283228400E-016, -0.3826834323739056200 ) ) ;
#843 = DIRECTION ( 'NONE',  ( 0.0000000000000000000, -7.189073667537525300E-016, 1.000000000000000000 ) ) ;
#844 = PRESENTATION_STYLE_ASSIGNMENT (( #545 ) ) ;
#845 = DIRECTION ( 'NONE',  ( -1.000000000000000000, 0.0000000000000000000, 0.0000000000000000000 ) ) ;
#846 = CIRCLE ( 'NONE', #2575, 0.3879999999999995700 ) ;
#847 = DIRECTION ( 'NONE',  ( 9.726753936418404900E-033, 1.224606353822377300E-016, 1.000000000000000000 ) ) ;
#848 = PRESENTATION_STYLE_ASSIGNMENT (( #8429 ) ) ;
#849 = EDGE_CURVE ( 'NONE', #2381, #4804, #8210, .T. ) ;
#850 = VERTEX_POINT ( 'NONE', #7907 ) ;
#851 = FILL_AREA_STYLE_COLOUR ( '', #5148 ) ;
#852 = FACE_OUTER_BOUND ( 'NONE', #1740, .T. ) ;
#853 = ADVANCED_FACE ( 'NONE', ( #2827 ), #3790, .T. ) ;
#854 = DIRECTION ( 'NONE',  ( -5.135052619669662200E-017, 2.567526309834831100E-017, -1.000000000000000000 ) ) ;
#855 = CARTESIAN_POINT ( 'NONE',  ( -1.098042514826575300, -0.3315016303536155200, -0.3650000000000005500 ) ) ;
#856 = DIRECTION ( 'NONE',  ( 1.220408817397570400E-016, -1.013066643420215200E-017, -1.000000000000000000 ) ) ;
#857 = DIRECTION ( 'NONE',  ( 0.0000000000000000000, -1.000000000000000000, 0.0000000000000000000 ) ) ;
#858 =( GEOMETRIC_REPRESENTATION_CONTEXT ( 3 ) GLOBAL_UNCERTAINTY_ASSIGNED_CONTEXT ( ( #8247 ) ) GLOBAL_UNIT_ASSIGNED_CONTEXT ( ( #2379, #7117, #3061 ) ) REPRESENTATION_CONTEXT ( 'NONE', 'WORKASPACE' ) );
#859 = CIRCLE ( 'NONE', #1342, 0.1560000000000000600 ) ;
#860 =( NAMED_UNIT ( * ) PLANE_ANGLE_UNIT ( ) SI_UNIT ( $, .RADIAN. ) );
#861 = VECTOR ( 'NONE', #5520, 39.37007874015748900 ) ;
#862 = ORIENTED_EDGE ( 'NONE', *, *, #8109, .T. ) ;
#863 = FACE_OUTER_BOUND ( 'NONE', #1244, .T. ) ;
#865 = CARTESIAN_POINT ( 'NONE',  ( -1.116287516348580800, -0.3315016303536154600, -0.8867329652895076200 ) ) ;
#864 = CARTESIAN_POINT ( 'NONE',  ( -0.7282875163485717000, -0.3315016303536129600, 1.478999999999976100 ) ) ;
#866 = SURFACE_SIDE_STYLE ('',( #604 ) ) ;
#867 = CYLINDRICAL_SURFACE ( 'NONE', #7602, 0.1890000000000011700 ) ;
#868 =( CONVERSION_BASED_UNIT ( 'INCH', #1220 ) LENGTH_UNIT ( ) NAMED_UNIT ( #33 ) );
#869 = ORIENTED_EDGE ( 'NONE', *, *, #7281, .F. ) ;
#870 = LINE ( 'NONE', #4476, #7894 ) ;
#871 = SURFACE_STYLE_USAGE ( .BOTH. , #4980 ) ;
#872 = CARTESIAN_POINT ( 'NONE',  ( -0.8702875163485812600, -0.3315016303536163500, -0.5169583694396621100 ) ) ;
#873 = AXIS2_PLACEMENT_3D ( 'NONE', #527, #5325, #8705 ) ;
#874 =( LENGTH_UNIT ( ) NAMED_UNIT ( * ) SI_UNIT ( $, .METRE. ) );
#875 = CARTESIAN_POINT ( 'NONE',  ( -0.7282875163485728100, -0.3315016303536133500, 1.478999999999976800 ) ) ;
#876 = PRESENTATION_LAYER_ASSIGNMENT (  '', '', ( #421 ) ) ;
#877 = AXIS2_PLACEMENT_3D ( 'NONE', #6244, #2182, #6917 ) ;
#878 = DIMENSIONAL_EXPONENTS ( 1.000000000000000000, 0.0000000000000000000, 0.0000000000000000000, 0.0000000000000000000, 0.0000000000000000000, 0.0000000000000000000, 0.0000000000000000000 ) ;
#879 = SURFACE_SIDE_STYLE ('',( #4413 ) ) ;
#880 = EDGE_CURVE ( 'NONE', #2990, #7863, #7369, .T. ) ;
#881 = CYLINDRICAL_SURFACE ( 'NONE', #5956, 0.02600000000000007900 ) ;
#882 = SURFACE_SIDE_STYLE ('',( #787 ) ) ;
#883 = FILL_AREA_STYLE ('',( #8341 ) ) ;
#884 =( NAMED_UNIT ( * ) SI_UNIT ( $, .STERADIAN. ) SOLID_ANGLE_UNIT ( ) );
#885 = DIRECTION ( 'NONE',  ( 5.389556073798635700E-015, 1.412857278674264800E-015, 1.000000000000000000 ) ) ;
#886 = CYLINDRICAL_SURFACE ( 'NONE', #4526, 0.3549999999999999300 ) ;
#887 = CARTESIAN_POINT ( 'NONE',  ( -0.9017875163485910000, -0.3315016303536180700, -1.694000000000018600 ) ) ;
#888 = DIRECTION ( 'NONE',  ( 1.000000000000000000, 0.0000000000000000000, -3.520422672247766700E-016 ) ) ;
#889 = CIRCLE ( 'NONE', #3869, 0.3880000000000000100 ) ;
#890 = AXIS2_PLACEMENT_3D ( 'NONE', #996, #5788, #1686 ) ;
#891 = AXIS2_PLACEMENT_3D ( 'NONE', #296, #5089, #992 ) ;
#892 = EDGE_CURVE ( 'NONE', #304, #1048, #334, .T. ) ;
#894 = SURFACE_STYLE_USAGE ( .BOTH. , #5004 ) ;
#893 =( CONVERSION_BASED_UNIT ( 'INCH', #2084 ) LENGTH_UNIT ( ) NAMED_UNIT ( #3480 ) );
#895 = CARTESIAN_POINT ( 'NONE',  ( -0.7282875163485818000, 0.04849836964638505600, -0.7139482375457253400 ) ) ;
#896 =( LENGTH_UNIT ( ) NAMED_UNIT ( * ) SI_UNIT ( $, .METRE. ) );
#897 = AXIS2_PLACEMENT_3D ( 'NONE', #5305, #1200, #5997 ) ;
#898 = ADVANCED_FACE ( 'NONE', ( #5585 ), #8317, .F. ) ;
#899 = DIRECTION ( 'NONE',  ( 0.7828545738381498300, -2.732747141097351100E-016, 0.6222047221137820800 ) ) ;
#900 = CARTESIAN_POINT ( 'NONE',  ( -0.7282875163485909000, -0.3315016303536180700, -1.123999999999644200 ) ) ;
#901 = CARTESIAN_POINT ( 'NONE',  ( -0.5590259551693024200, -0.2617531717229484300, -1.503657929991381300 ) ) ;
#902 = ORIENTED_EDGE ( 'NONE', *, *, #4038, .T. ) ;
#903 =( LENGTH_UNIT ( ) NAMED_UNIT ( * ) SI_UNIT ( $, .METRE. ) );
#904 = SURFACE_STYLE_USAGE ( .BOTH. , #5018 ) ;
#905 = FACE_OUTER_BOUND ( 'NONE', #4716, .T. ) ;
#906 = EDGE_CURVE ( 'NONE', #3131, #8706, #4742, .T. ) ;
#907 = ORIENTED_EDGE ( 'NONE', *, *, #4798, .T. ) ;
#908 = COLOUR_RGB ( '',0.5019607843137254800, 0.5019607843137254800, 0.5019607843137254800 ) ;
#909 = PLANE ( 'NONE',  #5402 ) ;
#910 = AXIS2_PLACEMENT_3D ( 'NONE', #7518, #1407, #2832 ) ;
#911 = LENGTH_MEASURE_WITH_UNIT ( LENGTH_MEASURE( 0.02539999999999999900 ), #2766 );
#912 = COLOUR_RGB ( '',0.5019607843137254800, 0.5019607843137254800, 0.5019607843137254800 ) ;
#913 = CARTESIAN_POINT ( 'NONE',  ( -0.8921862832770112200, -0.4063683886000557000, -1.506503694697650700 ) ) ;
#914 = FACE_OUTER_BOUND ( 'NONE', #8405, .T. ) ;
#915 = COLOUR_RGB ( '',0.5019607843137254800, 0.5019607843137254800, 0.5019607843137254800 ) ;
#916 = CARTESIAN_POINT ( 'NONE',  ( -1.083287516348581800, -0.3315016303536154600, -0.9320000000000003800 ) ) ;
#917 = ORIENTED_EDGE ( 'NONE', *, *, #8353, .F. ) ;
#918 = DIRECTION ( 'NONE',  ( 0.9238795325112872900, 0.0000000000000000000, 0.3826834323650887300 ) ) ;
#919 = DIRECTION ( 'NONE',  ( 0.0000000000000000000, -2.060206105850781500E-016, -1.000000000000000000 ) ) ;
#920 = ORIENTED_EDGE ( 'NONE', *, *, #137, .T. ) ;
#921 = CIRCLE ( 'NONE', #50, 0.03750000000000029700 ) ;
#922 = VERTEX_POINT ( 'NONE', #1921 ) ;
#923 = VECTOR ( 'NONE', #469, 39.37007874015748100 ) ;
#924 = LINE ( 'NONE', #8518, #685 ) ;
#925 = SURFACE_STYLE_FILL_AREA ( #5957 ) ;
#926 = CARTESIAN_POINT ( 'NONE',  ( -0.7444295477665980900, -0.2607072005614069500, -1.546958365926490100 ) ) ;
#927 = ORIENTED_EDGE ( 'NONE', *, *, #3273, .T. ) ;
#928 = AXIS2_PLACEMENT_3D ( 'NONE', #8019, #3981, #8689 ) ;
#929 = DIRECTION ( 'NONE',  ( 0.0000000000000000000, -2.060207047528567500E-016, -1.000000000000000000 ) ) ;
#930 = ORIENTED_EDGE ( 'NONE', *, *, #6678, .T. ) ;
#931 = CARTESIAN_POINT ( 'NONE',  ( -0.3532875163485813500, -0.3315016303536155200, -0.5050000000000006700 ) ) ;
#932 =( GEOMETRIC_REPRESENTATION_CONTEXT ( 3 ) GLOBAL_UNCERTAINTY_ASSIGNED_CONTEXT ( ( #3242 ) ) GLOBAL_UNIT_ASSIGNED_CONTEXT ( ( #3597, #8308, #4262 ) ) REPRESENTATION_CONTEXT ( 'NONE', 'WORKASPACE' ) );
#933 = PRESENTATION_LAYER_ASSIGNMENT (  '', '', ( #1393 ) ) ;
#934 =( NAMED_UNIT ( * ) PLANE_ANGLE_UNIT ( ) SI_UNIT ( $, .RADIAN. ) );
#936 = CARTESIAN_POINT ( 'NONE',  ( -0.5614891191008711800, -0.3155413122284023700, -1.533633053330677900 ) ) ;
#935 = SURFACE_STYLE_USAGE ( .BOTH. , #5046 ) ;
#937 = VERTEX_POINT ( 'NONE', #8642 ) ;
#938 = CIRCLE ( 'NONE', #422, 0.4039887411820212700 ) ;
#939 = CARTESIAN_POINT ( 'NONE',  ( -0.7282875163485812400, -0.3315016303536165200, -0.4619583694375968800 ) ) ;
#940 = EDGE_CURVE ( 'NONE', #7986, #7510, #8104, .T. ) ;
#941 = ORIENTED_EDGE ( 'NONE', *, *, #612, .F. ) ;
#942 = CIRCLE ( 'NONE', #442, 0.2499999999999998100 ) ;
#943 = LENGTH_MEASURE_WITH_UNIT ( LENGTH_MEASURE( 0.02539999999999999900 ), #7065 );
#944 = ORIENTED_EDGE ( 'NONE', *, *, #4993, .F. ) ;
#945 = VERTEX_POINT ( 'NONE', #6004 ) ;
#946 = PRESENTATION_STYLE_ASSIGNMENT (( #6692 ) ) ;
#947 = DIRECTION ( 'NONE',  ( 9.726753936418404900E-033, 1.224606353822377800E-016, 1.000000000000000000 ) ) ;
#948 = COLOUR_RGB ( '',0.5019607843137254800, 0.5019607843137254800, 0.5019607843137254800 ) ;
#949 = UNCERTAINTY_MEASURE_WITH_UNIT (LENGTH_MEASURE( 1.000000000000000100E-005 ), #2126, 'distance_accuracy_value', 'NONE');
#950 = AXIS2_PLACEMENT_3D ( 'NONE', #2457, #5166, #7261 ) ;
#951 = CARTESIAN_POINT ( 'NONE',  ( -0.8959039139862511300, -0.3489996993769042300, -1.528369762075666700 ) ) ;
#952 =( GEOMETRIC_REPRESENTATION_CONTEXT ( 3 ) GLOBAL_UNCERTAINTY_ASSIGNED_CONTEXT ( ( #1277 ) ) GLOBAL_UNIT_ASSIGNED_CONTEXT ( ( #6534, #2471, #7204 ) ) REPRESENTATION_CONTEXT ( 'NONE', 'WORKASPACE' ) );
#953 = AXIS2_PLACEMENT_3D ( 'NONE', #3913, #8625, #4605 ) ;
#954 = ADVANCED_FACE ( 'NONE', ( #1094 ), #5475, .T. ) ;
#955 = SURFACE_STYLE_USAGE ( .BOTH. , #5056 ) ;
#956 = PRESENTATION_STYLE_ASSIGNMENT (( #4960 ) ) ;
#957 = TOROIDAL_SURFACE ( 'NONE', #3978, 0.1734999999999997900, 0.009999999999999927300 ) ;
#958 = EDGE_CURVE ( 'NONE', #2821, #603, #7268, .T. ) ;
#959 = SURFACE_SIDE_STYLE ('',( #3247 ) ) ;
#960 = FILL_AREA_STYLE_COLOUR ( '', #2125 ) ;
#961 = ORIENTED_EDGE ( 'NONE', *, *, #8169, .F. ) ;
#962 = SURFACE_STYLE_FILL_AREA ( #6499 ) ;
#963 = LENGTH_MEASURE_WITH_UNIT ( LENGTH_MEASURE( 0.02539999999999999900 ), #6002 );
#964 = UNCERTAINTY_MEASURE_WITH_UNIT (LENGTH_MEASURE( 1.000000000000000100E-005 ), #5498, 'distance_accuracy_value', 'NONE');
#965 = SURFACE_STYLE_FILL_AREA ( #6109 ) ;
#966 = LENGTH_MEASURE_WITH_UNIT ( LENGTH_MEASURE( 0.02539999999999999900 ), #1194 );
#967 = AXIS2_PLACEMENT_3D ( 'NONE', #6047, #1971, #6728 ) ;
#968 = ORIENTED_EDGE ( 'NONE', *, *, #7016, .F. ) ;
#969 = VECTOR ( 'NONE', #6360, 39.37007874015748100 ) ;
#971 = SURFACE_STYLE_USAGE ( .BOTH. , #5066 ) ;
#970 = COLOUR_RGB ( '',0.5019607843137254800, 0.5019607843137254800, 0.5019607843137254800 ) ;
#972 = VERTEX_POINT ( 'NONE', #8728 ) ;
#973 = DIRECTION ( 'NONE',  ( 1.000000000000000000, 0.0000000000000000000, 0.0000000000000000000 ) ) ;
#974 = DIRECTION ( 'NONE',  ( 0.0000000000000000000, 1.000000000000000000, -1.224606353822389800E-016 ) ) ;
#975 = CARTESIAN_POINT ( 'NONE',  ( -0.7752875163485717400, -0.3315016303536143000, 1.478999999999976600 ) ) ;
#976 = AXIS2_PLACEMENT_3D ( 'NONE', #6373, #5012, #6410 ) ;
#977 = CIRCLE ( 'NONE', #810, 0.3750000000000004400 ) ;
#978 = ORIENTED_EDGE ( 'NONE', *, *, #5278, .T. ) ;
#979 = FILL_AREA_STYLE ('',( #4401 ) ) ;
#980 =( NAMED_UNIT ( * ) PLANE_ANGLE_UNIT ( ) SI_UNIT ( $, .RADIAN. ) );
#981 = SURFACE_STYLE_FILL_AREA ( #244 ) ;
#982 =( NAMED_UNIT ( * ) SI_UNIT ( $, .STERADIAN. ) SOLID_ANGLE_UNIT ( ) );
#983 = CYLINDRICAL_SURFACE ( 'NONE', #8449, 0.1400000000000000100 ) ;
#984 = CARTESIAN_POINT ( 'NONE',  ( -0.7282875163485813500, -0.3315016303536165200, -0.4819583694385740600 ) ) ;
#985 = VERTEX_POINT ( 'NONE', #569 ) ;
#986 = FILL_AREA_STYLE ('',( #960 ) ) ;
#987 = STYLED_ITEM ( 'NONE', ( #4358 ), #4019 ) ;
#988 = CYLINDRICAL_SURFACE ( 'NONE', #2166, 0.09249999999999997100 ) ;
#989 = PRESENTATION_STYLE_ASSIGNMENT (( #7266 ) ) ;
#990 = EDGE_CURVE ( 'NONE', #4499, #6777, #231, .T. ) ;
#992 = DIRECTION ( 'NONE',  ( 1.000000000000000000, 0.0000000000000000000, 0.0000000000000000000 ) ) ;
#991 = DIRECTION ( 'NONE',  ( -0.0000000000000000000, -0.0000000000000000000, 1.000000000000000000 ) ) ;
#993 = LENGTH_MEASURE_WITH_UNIT ( LENGTH_MEASURE( 0.02539999999999999900 ), #5691 );
#994 =( LENGTH_UNIT ( ) NAMED_UNIT ( * ) SI_UNIT ( $, .METRE. ) );
#995 = ADVANCED_FACE ( 'NONE', ( #2058 ), #983, .T. ) ;
#997 = DIRECTION ( 'NONE',  ( 9.726753936418404900E-033, 1.224606353822377300E-016, 1.000000000000000000 ) ) ;
#996 = CARTESIAN_POINT ( 'NONE',  ( -0.7282875163485818000, -0.3315016303536152400, -1.546958369439662000 ) ) ;
#998 = MECHANICAL_DESIGN_GEOMETRIC_PRESENTATION_REPRESENTATION (  '', ( #71 ), #1448 ) ;
#999 = DIRECTION ( 'NONE',  ( 1.774952849390946600E-032, -1.224606353822380000E-016, 1.000000000000000000 ) ) ;
#1000 = UNCERTAINTY_MEASURE_WITH_UNIT (LENGTH_MEASURE( 1.000000000000000100E-005 ), #6742, 'distance_accuracy_value', 'NONE');
#1001 = EDGE_CURVE ( 'NONE', #985, #4499, #2819, .T. ) ;
#1002 =( GEOMETRIC_REPRESENTATION_CONTEXT ( 3 ) GLOBAL_UNCERTAINTY_ASSIGNED_CONTEXT ( ( #4430 ) ) GLOBAL_UNIT_ASSIGNED_CONTEXT ( ( #4093, #8814, #4778 ) ) REPRESENTATION_CONTEXT ( 'NONE', 'WORKASPACE' ) );
#1003 = STYLED_ITEM ( 'NONE', ( #6262 ), #7847 ) ;
#1004 =( GEOMETRIC_REPRESENTATION_CONTEXT ( 3 ) GLOBAL_UNCERTAINTY_ASSIGNED_CONTEXT ( ( #7535 ) ) GLOBAL_UNIT_ASSIGNED_CONTEXT ( ( #2600, #7337, #3297 ) ) REPRESENTATION_CONTEXT ( 'NONE', 'WORKASPACE' ) );
#1005 = DIRECTION ( 'NONE',  ( 1.000000000000000000, 0.0000000000000000000, 0.0000000000000000000 ) ) ;
#1006 = CYLINDRICAL_SURFACE ( 'NONE', #5389, 0.2650000000000002900 ) ;
#1007 =( LENGTH_UNIT ( ) NAMED_UNIT ( * ) SI_UNIT ( $, .METRE. ) );
#1008 = DIRECTION ( 'NONE',  ( 0.0000000000000000000, -1.000000000000000000, 0.0000000000000000000 ) ) ;
#1009 =( NAMED_UNIT ( * ) PLANE_ANGLE_UNIT ( ) SI_UNIT ( $, .RADIAN. ) );
#1010 = UNCERTAINTY_MEASURE_WITH_UNIT (LENGTH_MEASURE( 1.000000000000000100E-005 ), #3011, 'distance_accuracy_value', 'NONE');
#1011 =( CONVERSION_BASED_UNIT ( 'INCH', #5565 ) LENGTH_UNIT ( ) NAMED_UNIT ( #6633 ) );
#1012 = CARTESIAN_POINT ( 'NONE',  ( -1.051360188203925800, -0.3315016303536155200, -1.025562063698267200 ) ) ;
#1013 = DIRECTION ( 'NONE',  ( -1.000000000000000000, 0.0000000000000000000, 0.0000000000000000000 ) ) ;
#1014 = AXIS2_PLACEMENT_3D ( 'NONE', #7514, #3481, #8201 ) ;
#1015 = FILL_AREA_STYLE_COLOUR ( '', #3063 ) ;
#1016 = DIRECTION ( 'NONE',  ( 0.0000000000000000000, 0.0000000000000000000, 1.000000000000000000 ) ) ;
#1017 = ORIENTED_EDGE ( 'NONE', *, *, #4099, .T. ) ;
#1018 =( GEOMETRIC_REPRESENTATION_CONTEXT ( 3 ) GLOBAL_UNCERTAINTY_ASSIGNED_CONTEXT ( ( #5896 ) ) GLOBAL_UNIT_ASSIGNED_CONTEXT ( ( #868, #5673, #1559 ) ) REPRESENTATION_CONTEXT ( 'NONE', 'WORKASPACE' ) );
#1019 = LINE ( 'NONE', #6215, #2857 ) ;
#1020 = CARTESIAN_POINT ( 'NONE',  ( -0.7282875163485909000, -0.3315016303536180700, -3.282590941438460400 ) ) ;
#1021 = ORIENTED_EDGE ( 'NONE', *, *, #7516, .F. ) ;
#1022 = CARTESIAN_POINT ( 'NONE',  ( -0.7087932312470413000, -0.3742681224751325300, -1.599000000000018600 ) ) ;
#1024 = DIRECTION ( 'NONE',  ( -1.000000000000000000, 0.0000000000000000000, -0.0000000000000000000 ) ) ;
#1023 = DIRECTION ( 'NONE',  ( 1.000000000000000000, 0.0000000000000000000, -5.812442539711189900E-015 ) ) ;
#1025 = ORIENTED_EDGE ( 'NONE', *, *, #1508, .T. ) ;
#1026 = CIRCLE ( 'NONE', #8270, 0.04700000000000006900 ) ;
#1027 = ORIENTED_EDGE ( 'NONE', *, *, #2941, .F. ) ;
#1028 = SURFACE_STYLE_FILL_AREA ( #29 ) ;
#1029 = EDGE_CURVE ( 'NONE', #3072, #4598, #6432, .T. ) ;
#1030 = COLOUR_RGB ( '',0.5019607843137254800, 0.5019607843137254800, 0.5019607843137254800 ) ;
#1031 =( CONVERSION_BASED_UNIT ( 'INCH', #5508 ) LENGTH_UNIT ( ) NAMED_UNIT ( #822 ) );
#1032 = ORIENTED_EDGE ( 'NONE', *, *, #5258, .T. ) ;
#1033 = SURFACE_SIDE_STYLE ('',( #5425 ) ) ;
#1034 = MECHANICAL_DESIGN_GEOMETRIC_PRESENTATION_REPRESENTATION (  '', ( #113 ), #1484 ) ;
#1035 = ORIENTED_EDGE ( 'NONE', *, *, #6231, .F. ) ;
#1036 = CARTESIAN_POINT ( 'NONE',  ( -0.7282875163485818000, -0.3315016303536155200, -0.3650000000000005500 ) ) ;
#1037 = AXIS2_PLACEMENT_3D ( 'NONE', #172, #4972, #857 ) ;
#1038 = VECTOR ( 'NONE', #7393, 39.37007874015748100 ) ;
#1039 = ADVANCED_FACE ( 'NONE', ( #6212, #8204 ), #4071, .T. ) ;
#1040 = EDGE_LOOP ( 'NONE', ( #7327, #5757 ) ) ;
#1041 = PRESENTATION_STYLE_ASSIGNMENT (( #7158 ) ) ;
#1042 = DIRECTION ( 'NONE',  ( 0.0000000000000000000, 1.000000000000000000, 0.0000000000000000000 ) ) ;
#1043 = FACE_OUTER_BOUND ( 'NONE', #7464, .T. ) ;
#1044 = DIRECTION ( 'NONE',  ( 9.726753936418404900E-033, 1.224606353822377300E-016, 1.000000000000000000 ) ) ;
#1045 = CARTESIAN_POINT ( 'NONE',  ( -0.7282875163485909000, -0.3315016303536180700, -3.282590941438460400 ) ) ;
#1046 = VERTEX_POINT ( 'NONE', #2038 ) ;
#1047 = FILL_AREA_STYLE_COLOUR ( '', #908 ) ;
#1048 = VERTEX_POINT ( 'NONE', #6805 ) ;
#1049 = ORIENTED_EDGE ( 'NONE', *, *, #7324, .T. ) ;
#1051 = DIRECTION ( 'NONE',  ( 1.000000000000000000, 0.0000000000000000000, -5.812442539711189900E-015 ) ) ;
#1050 = DIRECTION ( 'NONE',  ( 0.0000000000000000000, -1.000000000000000000, 0.0000000000000000000 ) ) ;
#1052 = DIRECTION ( 'NONE',  ( 1.000000000000000000, 0.0000000000000000000, 9.711944615174957000E-017 ) ) ;
#1053 = VERTEX_POINT ( 'NONE', #7482 ) ;
#1054 = FACE_OUTER_BOUND ( 'NONE', #1813, .T. ) ;
#1055 = STYLED_ITEM ( 'NONE', ( #177 ), #4743 ) ;
#1056 = DIMENSIONAL_EXPONENTS ( 1.000000000000000000, 0.0000000000000000000, 0.0000000000000000000, 0.0000000000000000000, 0.0000000000000000000, 0.0000000000000000000, 0.0000000000000000000 ) ;
#1057 = AXIS2_PLACEMENT_3D ( 'NONE', #2828, #7548, #3504 ) ;
#1058 = MECHANICAL_DESIGN_GEOMETRIC_PRESENTATION_REPRESENTATION (  '', ( #135 ), #1506 ) ;
#1059 = DIRECTION ( 'NONE',  ( 0.0000000000000000000, 0.0000000000000000000, 1.000000000000000000 ) ) ;
#1060 = DIRECTION ( 'NONE',  ( -1.000000000000000000, 7.880330750954582300E-015, 1.050710766793944300E-014 ) ) ;
#1061 = ORIENTED_EDGE ( 'NONE', *, *, #3972, .F. ) ;
#1062 = ADVANCED_FACE ( 'NONE', ( #5374 ), #6322, .T. ) ;
#1063 = CARTESIAN_POINT ( 'NONE',  ( -0.7207849098673285700, -0.2592125066657520200, -1.546958366026745400 ) ) ;
#1064 = EDGE_CURVE ( 'NONE', #8283, #3020, #4734, .T. ) ;
#1065 = ORIENTED_EDGE ( 'NONE', *, *, #4302, .F. ) ;
#1066 = PRESENTATION_STYLE_ASSIGNMENT (( #5461 ) ) ;
#1067 = FACE_OUTER_BOUND ( 'NONE', #2532, .T. ) ;
#1068 = CARTESIAN_POINT ( 'NONE',  ( -0.3549923866539401200, -0.3315016303536155200, -0.8820000000000008900 ) ) ;
#1069 = ORIENTED_EDGE ( 'NONE', *, *, #3803, .F. ) ;
#1070 = FILL_AREA_STYLE_COLOUR ( '', #2581 ) ;
#1071 = AXIS2_PLACEMENT_3D ( 'NONE', #6951, #2937, #7652 ) ;
#1072 = MECHANICAL_DESIGN_GEOMETRIC_PRESENTATION_REPRESENTATION (  '', ( #149 ), #1517 ) ;
#1073 = CARTESIAN_POINT ( 'NONE',  ( -0.7282875163485818000, -0.3315016303536155200, -1.025562063698267200 ) ) ;
#1074 = EDGE_CURVE ( 'NONE', #6533, #6258, #2926, .T. ) ;
#1075 = COLOUR_RGB ( '',0.5019607843137254800, 0.5019607843137254800, 0.5019607843137254800 ) ;
#1076 = CARTESIAN_POINT ( 'NONE',  ( -0.5521991536299470900, -0.2932821875783208100, -1.571496305302386300 ) ) ;
#1077 =( NAMED_UNIT ( * ) SI_UNIT ( $, .STERADIAN. ) SOLID_ANGLE_UNIT ( ) );
#1078 = CIRCLE ( 'NONE', #3040, 0.08600000000000011800 ) ;
#1079 = AXIS2_PLACEMENT_3D ( 'NONE', #8309, #2939, #7656 ) ;
#1080 = ORIENTED_EDGE ( 'NONE', *, *, #1919, .F. ) ;
#1082 = CARTESIAN_POINT ( 'NONE',  ( -0.7282875163485864600, -0.3315016303536168500, -1.259000000000018500 ) ) ;
#1081 = SURFACE_SIDE_STYLE ('',( #8216 ) ) ;
#1083 = DIRECTION ( 'NONE',  ( 1.000000000000000000, 0.0000000000000000000, 0.0000000000000000000 ) ) ;
#1084 = DIRECTION ( 'NONE',  ( 0.0000000000000000000, 1.000000000000000000, 0.0000000000000000000 ) ) ;
#1085 = DIMENSIONAL_EXPONENTS ( 1.000000000000000000, 0.0000000000000000000, 0.0000000000000000000, 0.0000000000000000000, 0.0000000000000000000, 0.0000000000000000000, 0.0000000000000000000 ) ;
#1086 = VECTOR ( 'NONE', #35, 39.37007874015748100 ) ;
#1087 = FILL_AREA_STYLE_COLOUR ( '', #676 ) ;
#1088 = EDGE_CURVE ( 'NONE', #4062, #1726, #4531, .T. ) ;
#1089 = VERTEX_POINT ( 'NONE', #6857 ) ;
#1090 = SURFACE_SIDE_STYLE ('',( #155 ) ) ;
#1091 = CARTESIAN_POINT ( 'NONE',  ( -0.9432875163447471700, -0.3315016303536180700, -1.092312662478476700 ) ) ;
#1092 = FILL_AREA_STYLE ('',( #390 ) ) ;
#1093 = STYLED_ITEM ( 'NONE', ( #6965 ), #3036 ) ;
#1094 = FACE_OUTER_BOUND ( 'NONE', #6057, .T. ) ;
#1095 =( LENGTH_UNIT ( ) NAMED_UNIT ( * ) SI_UNIT ( $, .METRE. ) );
#1096 = ORIENTED_EDGE ( 'NONE', *, *, #5330, .T. ) ;
#1097 = CIRCLE ( 'NONE', #2746, 0.02999999999999995400 ) ;
#1098 = SURFACE_SIDE_STYLE ('',( #6154 ) ) ;
#1099 = DIRECTION ( 'NONE',  ( 0.0000000000000000000, -1.000000000000000000, 1.241749088029208900E-016 ) ) ;
#1100 =( CONVERSION_BASED_UNIT ( 'INCH', #8617 ) LENGTH_UNIT ( ) NAMED_UNIT ( #8737 ) );
#1101 = VECTOR ( 'NONE', #8774, 39.37007874015748100 ) ;
#1102 = ADVANCED_FACE ( 'NONE', ( #7882 ), #5466, .F. ) ;
#1103 = CARTESIAN_POINT ( 'NONE',  ( -0.5835843491441992100, -0.2451162578789475900, -1.549630237924370000 ) ) ;
#1104 = CARTESIAN_POINT ( 'NONE',  ( -0.8950859135963114000, -0.3474619484788339400, -1.544375087694437500 ) ) ;
#1105 =( LENGTH_UNIT ( ) NAMED_UNIT ( * ) SI_UNIT ( $, .METRE. ) );
#1106 =( GEOMETRIC_REPRESENTATION_CONTEXT ( 3 ) GLOBAL_UNCERTAINTY_ASSIGNED_CONTEXT ( ( #7004 ) ) GLOBAL_UNIT_ASSIGNED_CONTEXT ( ( #6498, #2418, #7172 ) ) REPRESENTATION_CONTEXT ( 'NONE', 'WORKASPACE' ) );
#1107 =( GEOMETRIC_REPRESENTATION_CONTEXT ( 3 ) GLOBAL_UNCERTAINTY_ASSIGNED_CONTEXT ( ( #662 ) ) GLOBAL_UNIT_ASSIGNED_CONTEXT ( ( #8524, #4497, #367 ) ) REPRESENTATION_CONTEXT ( 'NONE', 'WORKASPACE' ) );
#1108 = FILL_AREA_STYLE ('',( #3192 ) ) ;
#1109 = EDGE_CURVE ( 'NONE', #6280, #2786, #1840, .T. ) ;
#1110 = UNCERTAINTY_MEASURE_WITH_UNIT (LENGTH_MEASURE( 1.000000000000000100E-005 ), #7289, 'distance_accuracy_value', 'NONE');
#1111 = CARTESIAN_POINT ( 'NONE',  ( -0.7282875163485864600, -0.3315016303536168500, -1.259000000000018500 ) ) ;
#1112 = CARTESIAN_POINT ( 'NONE',  ( -0.7282875163485813500, -0.3315016303536163500, -0.5169583694396621100 ) ) ;
#1113 = FILL_AREA_STYLE_COLOUR ( '', #4410 ) ;
#1114 = FACE_OUTER_BOUND ( 'NONE', #2807, .T. ) ;
#1115 = FACE_OUTER_BOUND ( 'NONE', #696, .T. ) ;
#1116 = STYLED_ITEM ( 'NONE', ( #3441 ), #1307 ) ;
#1117 = STYLED_ITEM ( 'NONE', ( #4120 ), #8098 ) ;
#1118 = PRESENTATION_LAYER_ASSIGNMENT (  '', '', ( #645 ) ) ;
#1119 = UNCERTAINTY_MEASURE_WITH_UNIT (LENGTH_MEASURE( 1.000000000000000100E-005 ), #7130, 'distance_accuracy_value', 'NONE');
#1120 = VERTEX_POINT ( 'NONE', #8250 ) ;
#1121 = FILL_AREA_STYLE ('',( #8576 ) ) ;
#1122 =( LENGTH_UNIT ( ) NAMED_UNIT ( * ) SI_UNIT ( $, .METRE. ) );
#1123 = DIMENSIONAL_EXPONENTS ( 1.000000000000000000, 0.0000000000000000000, 0.0000000000000000000, 0.0000000000000000000, 0.0000000000000000000, 0.0000000000000000000, 0.0000000000000000000 ) ;
#1124 = DIRECTION ( 'NONE',  ( 1.000000000000000000, 0.0000000000000000000, 0.0000000000000000000 ) ) ;
#1125 = CARTESIAN_POINT ( 'NONE',  ( -0.9023489323572349000, -0.3949326071932846600, -1.576218575822558900 ) ) ;
#1126 = ORIENTED_EDGE ( 'NONE', *, *, #392, .F. ) ;
#1127 = CARTESIAN_POINT ( 'NONE',  ( -0.5492875163485913000, -0.3315016303536181300, -1.694000000000017900 ) ) ;
#1128 = CONICAL_SURFACE ( 'NONE', #6088, 0.4220000000000000400, 1.379611867197881000 ) ;
#1129 = PRESENTATION_LAYER_ASSIGNMENT (  '', '', ( #656 ) ) ;
#1130 = SURFACE_STYLE_FILL_AREA ( #2603 ) ;
#1131 = LINE ( 'NONE', #4746, #6370 ) ;
#1132 = CARTESIAN_POINT ( 'NONE',  ( -0.7282875163485818000, -0.3315016303536155200, -0.9319999999999999400 ) ) ;
#1133 = VERTEX_POINT ( 'NONE', #7539 ) ;
#1134 = DIMENSIONAL_EXPONENTS ( 1.000000000000000000, 0.0000000000000000000, 0.0000000000000000000, 0.0000000000000000000, 0.0000000000000000000, 0.0000000000000000000, 0.0000000000000000000 ) ;
#1135 = VERTEX_POINT ( 'NONE', #2843 ) ;
#1136 = PRESENTATION_LAYER_ASSIGNMENT (  '', '', ( #226 ) ) ;
#1137 = FILL_AREA_STYLE ('',( #8596 ) ) ;
#1138 = EDGE_LOOP ( 'NONE', ( #1272, #64 ) ) ;
#1139 = CYLINDRICAL_SURFACE ( 'NONE', #3820, 0.03750000000000029700 ) ;
#1140 = DIRECTION ( 'NONE',  ( 7.472189016151557300E-032, 6.165649696520689200E-033, 1.000000000000000000 ) ) ;
#1141 = FILL_AREA_STYLE ('',( #3889 ) ) ;
#1142 =( NAMED_UNIT ( * ) SI_UNIT ( $, .STERADIAN. ) SOLID_ANGLE_UNIT ( ) );
#1143 =( CONVERSION_BASED_UNIT ( 'INCH', #5791 ) LENGTH_UNIT ( ) NAMED_UNIT ( #5617 ) );
#1144 = ADVANCED_FACE ( 'NONE', ( #5263 ), #6201, .F. ) ;
#1145 = ORIENTED_EDGE ( 'NONE', *, *, #3094, .F. ) ;
#1146 = LENGTH_MEASURE_WITH_UNIT ( LENGTH_MEASURE( 0.02539999999999999900 ), #874 );
#1147 = EDGE_CURVE ( 'NONE', #2496, #4079, #7997, .T. ) ;
#1148 = COLOUR_RGB ( '',0.5019607843137254800, 0.5019607843137254800, 0.5019607843137254800 ) ;
#1149 = VERTEX_POINT ( 'NONE', #3536 ) ;
#1150 =( NAMED_UNIT ( * ) SI_UNIT ( $, .STERADIAN. ) SOLID_ANGLE_UNIT ( ) );
#1151 = VECTOR ( 'NONE', #4347, 39.37007874015748100 ) ;
#1152 = EDGE_LOOP ( 'NONE', ( #8608, #5641 ) ) ;
#1153 = CIRCLE ( 'NONE', #1328, 0.05250000000000005400 ) ;
#1154 = SURFACE_STYLE_USAGE ( .BOTH. , #5259 ) ;
#1155 = EDGE_LOOP ( 'NONE', ( #2638, #2783, #2655, #2674 ) ) ;
#1156 = FILL_AREA_STYLE_COLOUR ( '', #6078 ) ;
#1157 = STYLED_ITEM ( 'NONE', ( #5531 ), #3904 ) ;
#1158 = CARTESIAN_POINT ( 'NONE',  ( -0.7477818014501350600, -0.2887351382321021700, -1.599000000000018600 ) ) ;
#1159 = CARTESIAN_POINT ( 'NONE',  ( -0.7982924918837077700, -0.3509881857369173100, -1.546958371598314000 ) ) ;
#1160 = ORIENTED_EDGE ( 'NONE', *, *, #3938, .F. ) ;
#1161 = ORIENTED_EDGE ( 'NONE', *, *, #2348, .T. ) ;
#1162 = CIRCLE ( 'NONE', #325, 0.3800000000000004500 ) ;
#1163 = ORIENTED_EDGE ( 'NONE', *, *, #7296, .T. ) ;
#1164 = DIRECTION ( 'NONE',  ( 9.726753936418404900E-033, 1.224606353822377300E-016, 1.000000000000000000 ) ) ;
#1165 =( GEOMETRIC_REPRESENTATION_CONTEXT ( 3 ) GLOBAL_UNCERTAINTY_ASSIGNED_CONTEXT ( ( #949 ) ) GLOBAL_UNIT_ASSIGNED_CONTEXT ( ( #2126, #6862, #2826 ) ) REPRESENTATION_CONTEXT ( 'NONE', 'WORKASPACE' ) );
#1166 = ORIENTED_EDGE ( 'NONE', *, *, #1980, .T. ) ;
#1167 = DIMENSIONAL_EXPONENTS ( 1.000000000000000000, 0.0000000000000000000, 0.0000000000000000000, 0.0000000000000000000, 0.0000000000000000000, 0.0000000000000000000, 0.0000000000000000000 ) ;
#1168 = ORIENTED_EDGE ( 'NONE', *, *, #2558, .F. ) ;
#1169 = DIRECTION ( 'NONE',  ( 1.774952849390946600E-032, -1.224606353822380000E-016, 1.000000000000000000 ) ) ;
#1170 = EDGE_CURVE ( 'NONE', #6273, #1767, #977, .T. ) ;
#1171 = MECHANICAL_DESIGN_GEOMETRIC_PRESENTATION_REPRESENTATION (  '', ( #248 ), #1632 ) ;
#1172 = STYLED_ITEM ( 'NONE', ( #6999 ), #7756 ) ;
#1173 = DIRECTION ( 'NONE',  ( 0.0000000000000000000, 0.0000000000000000000, 1.000000000000000000 ) ) ;
#1174 = DIRECTION ( 'NONE',  ( 0.0000000000000000000, -1.000000000000000000, -7.189073667537525300E-016 ) ) ;
#1175 = EDGE_CURVE ( 'NONE', #6816, #506, #7051, .T. ) ;
#1176 = EDGE_LOOP ( 'NONE', ( #944, #2911, #5015, #3258, #3514, #6691 ) ) ;
#1177 = ORIENTED_EDGE ( 'NONE', *, *, #7324, .F. ) ;
#1178 = CARTESIAN_POINT ( 'NONE',  ( -0.7282875163485864600, -0.3315016303536168500, -1.259000000000018500 ) ) ;
#1179 =( LENGTH_UNIT ( ) NAMED_UNIT ( * ) SI_UNIT ( $, .METRE. ) );
#1180 = FACE_OUTER_BOUND ( 'NONE', #4086, .T. ) ;
#1181 = DIMENSIONAL_EXPONENTS ( 1.000000000000000000, 0.0000000000000000000, 0.0000000000000000000, 0.0000000000000000000, 0.0000000000000000000, 0.0000000000000000000, 0.0000000000000000000 ) ;
#1182 = DIRECTION ( 'NONE',  ( 1.000000000000000000, 0.0000000000000000000, 0.0000000000000000000 ) ) ;
#1183 = SURFACE_STYLE_USAGE ( .BOTH. , #5285 ) ;
#1184 = MECHANICAL_DESIGN_GEOMETRIC_PRESENTATION_REPRESENTATION (  '', ( #258 ), #1645 ) ;
#1185 = PRESENTATION_LAYER_ASSIGNMENT (  '', '', ( #8638 ) ) ;
#1186 = ORIENTED_EDGE ( 'NONE', *, *, #7595, .F. ) ;
#1187 = EDGE_CURVE ( 'NONE', #6385, #1726, #8834, .T. ) ;
#1188 = ADVANCED_FACE ( 'NONE', ( #2588 ), #8722, .T. ) ;
#1189 = DIRECTION ( 'NONE',  ( -1.000000000000000000, 0.0000000000000000000, 1.050710766793944300E-014 ) ) ;
#1190 = FILL_AREA_STYLE ('',( #494 ) ) ;
#1191 = MECHANICAL_DESIGN_GEOMETRIC_PRESENTATION_REPRESENTATION (  '', ( #266 ), #1651 ) ;
#1192 = ORIENTED_EDGE ( 'NONE', *, *, #4752, .F. ) ;
#1193 = DIRECTION ( 'NONE',  ( 0.0000000000000000000, 1.000000000000000000, 0.0000000000000000000 ) ) ;
#1194 =( LENGTH_UNIT ( ) NAMED_UNIT ( * ) SI_UNIT ( $, .METRE. ) );
#1195 = EDGE_CURVE ( 'NONE', #1089, #7730, #1725, .T. ) ;
#1196 =( CONVERSION_BASED_UNIT ( 'INCH', #6853 ) LENGTH_UNIT ( ) NAMED_UNIT ( #2892 ) );
#1197 = CARTESIAN_POINT ( 'NONE',  ( -1.188147005758116000, -0.5970016303536215300, 0.2849999999999986400 ) ) ;
#1198 = COLOUR_RGB ( '',0.5019607843137254800, 0.5019607843137254800, 0.5019607843137254800 ) ;
#1199 = MECHANICAL_DESIGN_GEOMETRIC_PRESENTATION_REPRESENTATION (  '', ( #281 ), #1662 ) ;
#1200 = DIRECTION ( 'NONE',  ( 9.726753936418404900E-033, 1.224606353822377300E-016, 1.000000000000000000 ) ) ;
#1201 =( LENGTH_UNIT ( ) NAMED_UNIT ( * ) SI_UNIT ( $, .METRE. ) );
#1202 = DIRECTION ( 'NONE',  ( -9.711944615174957000E-017, 7.459504271329836200E-017, 1.000000000000000000 ) ) ;
#1203 = DIMENSIONAL_EXPONENTS ( 1.000000000000000000, 0.0000000000000000000, 0.0000000000000000000, 0.0000000000000000000, 0.0000000000000000000, 0.0000000000000000000, 0.0000000000000000000 ) ;
#1204 = SURFACE_STYLE_USAGE ( .BOTH. , #5318 ) ;
#1205 = CIRCLE ( 'NONE', #4686, 0.1635000000000010100 ) ;
#1206 = PRESENTATION_LAYER_ASSIGNMENT (  '', '', ( #736 ) ) ;
#1207 = UNCERTAINTY_MEASURE_WITH_UNIT (LENGTH_MEASURE( 1.000000000000000100E-005 ), #6218, 'distance_accuracy_value', 'NONE');
#1208 = AXIS2_PLACEMENT_3D ( 'NONE', #5048, #3695, #272 ) ;
#1209 = PRESENTATION_LAYER_ASSIGNMENT (  '', '', ( #742 ) ) ;
#1210 = EDGE_CURVE ( 'NONE', #3321, #1048, #7155, .T. ) ;
#1211 = SURFACE_STYLE_FILL_AREA ( #3119 ) ;
#1212 = CARTESIAN_POINT ( 'NONE',  ( -0.3242987751665605300, -0.3315016303536155200, -0.4780205392684319700 ) ) ;
#1213 = PRESENTATION_STYLE_ASSIGNMENT (( #7804 ) ) ;
#1214 = DIRECTION ( 'NONE',  ( 7.472189016151557300E-032, 6.165649696520689200E-033, 1.000000000000000000 ) ) ;
#1215 =( NAMED_UNIT ( * ) SI_UNIT ( $, .STERADIAN. ) SOLID_ANGLE_UNIT ( ) );
#1217 = ADVANCED_FACE ( 'NONE', ( #3559 ), #630, .F. ) ;
#1216 = UNCERTAINTY_MEASURE_WITH_UNIT (LENGTH_MEASURE( 1.000000000000000100E-005 ), #744, 'distance_accuracy_value', 'NONE');
#1218 = ORIENTED_EDGE ( 'NONE', *, *, #1064, .F. ) ;
#1219 = FACE_OUTER_BOUND ( 'NONE', #2719, .T. ) ;
#1220 = LENGTH_MEASURE_WITH_UNIT ( LENGTH_MEASURE( 0.02539999999999999900 ), #4979 );
#1221 = AXIS2_PLACEMENT_3D ( 'NONE', #629, #5430, #1316 ) ;
#1222 = STYLED_ITEM ( 'NONE', ( #747 ), #8472 ) ;
#1223 = AXIS2_PLACEMENT_3D ( 'NONE', #2052, #6794, #2744 ) ;
#1224 = VERTEX_POINT ( 'NONE', #7024 ) ;
#1225 = EDGE_CURVE ( 'NONE', #5505, #391, #3783, .T. ) ;
#1226 = SURFACE_STYLE_USAGE ( .BOTH. , #5343 ) ;
#1227 =( LENGTH_UNIT ( ) NAMED_UNIT ( * ) SI_UNIT ( $, .METRE. ) );
#1228 = ORIENTED_EDGE ( 'NONE', *, *, #7450, .T. ) ;
#1229 = FACE_OUTER_BOUND ( 'NONE', #2779, .T. ) ;
#1230 =( CONVERSION_BASED_UNIT ( 'INCH', #7661 ) LENGTH_UNIT ( ) NAMED_UNIT ( #7401 ) );
#1231 = VERTEX_POINT ( 'NONE', #2341 ) ;
#1233 = CIRCLE ( 'NONE', #8188, 0.3080726718553441500 ) ;
#1232 = COLOUR_RGB ( '',0.5019607843137254800, 0.5019607843137254800, 0.5019607843137254800 ) ;
#1234 = AXIS2_PLACEMENT_3D ( 'NONE', #63, #4864, #738 ) ;
#1235 = DIRECTION ( 'NONE',  ( 0.7071067811865474600, 8.659560562354931600E-017, -0.7071067811865475700 ) ) ;
#1236 = ORIENTED_EDGE ( 'NONE', *, *, #2330, .F. ) ;
#1237 = DIMENSIONAL_EXPONENTS ( 1.000000000000000000, 0.0000000000000000000, 0.0000000000000000000, 0.0000000000000000000, 0.0000000000000000000, 0.0000000000000000000, 0.0000000000000000000 ) ;
#1238 = SURFACE_STYLE_USAGE ( .BOTH. , #5353 ) ;
#1239 = EDGE_LOOP ( 'NONE', ( #1655, #77, #7205, #6693, #5961, #596, #3562, #8387 ) ) ;
#1240 = AXIS2_PLACEMENT_3D ( 'NONE', #677, #3445, #4837 ) ;
#1241 = LENGTH_MEASURE_WITH_UNIT ( LENGTH_MEASURE( 0.02539999999999999900 ), #3028 );
#1242 = SURFACE_SIDE_STYLE ('',( #2116 ) ) ;
#1243 = PRESENTATION_STYLE_ASSIGNMENT (( #5410 ) ) ;
#1244 = EDGE_LOOP ( 'NONE', ( #6044, #8419, #1069, #8684 ) ) ;
#1245 = FACE_BOUND ( 'NONE', #1361, .T. ) ;
#1246 = CARTESIAN_POINT ( 'NONE',  ( -0.4807875163485896800, -0.3315016303536180700, -1.212000000000017500 ) ) ;
#1247 = EDGE_LOOP ( 'NONE', ( #3003, #8775, #4193, #2040, #802 ) ) ;
#1248 = ORIENTED_EDGE ( 'NONE', *, *, #8726, .F. ) ;
#1249 = AXIS2_PLACEMENT_3D ( 'NONE', #8626, #4606, #476 ) ;
#1250 = DIMENSIONAL_EXPONENTS ( 1.000000000000000000, 0.0000000000000000000, 0.0000000000000000000, 0.0000000000000000000, 0.0000000000000000000, 0.0000000000000000000, 0.0000000000000000000 ) ;
#1251 = VECTOR ( 'NONE', #5803, 39.37007874015748100 ) ;
#1252 = CARTESIAN_POINT ( 'NONE',  ( -0.7282875163485813500, -0.3315016303536163500, -0.3769583694396621000 ) ) ;
#1253 = DIRECTION ( 'NONE',  ( 0.0000000000000000000, 0.0000000000000000000, 1.000000000000000000 ) ) ;
#1254 = ORIENTED_EDGE ( 'NONE', *, *, #2170, .T. ) ;
#1255 = ORIENTED_EDGE ( 'NONE', *, *, #2107, .F. ) ;
#1256 = LINE ( 'NONE', #6125, #8280 ) ;
#1258 = FILL_AREA_STYLE_COLOUR ( '', #3164 ) ;
#1257 =( NAMED_UNIT ( * ) SI_UNIT ( $, .STERADIAN. ) SOLID_ANGLE_UNIT ( ) );
#1259 = DIRECTION ( 'NONE',  ( 0.0000000000000000000, 0.0000000000000000000, 1.000000000000000000 ) ) ;
#1260 = PRESENTATION_STYLE_ASSIGNMENT (( #8295 ) ) ;
#1261 = VERTEX_POINT ( 'NONE', #6419 ) ;
#1262 = DIRECTION ( 'NONE',  ( 9.726753936418404900E-033, 1.224606353822377300E-016, 1.000000000000000000 ) ) ;
#1263 = DIMENSIONAL_EXPONENTS ( 1.000000000000000000, 0.0000000000000000000, 0.0000000000000000000, 0.0000000000000000000, 0.0000000000000000000, 0.0000000000000000000, 0.0000000000000000000 ) ;
#1264 = CARTESIAN_POINT ( 'NONE',  ( -0.6812875163485716500, -0.3315016303536143000, 1.478999999999975900 ) ) ;
#1265 = VERTEX_POINT ( 'NONE', #7083 ) ;
#1266 =( GEOMETRIC_REPRESENTATION_CONTEXT ( 3 ) GLOBAL_UNCERTAINTY_ASSIGNED_CONTEXT ( ( #2947 ) ) GLOBAL_UNIT_ASSIGNED_CONTEXT ( ( #6356, #2282, #7021 ) ) REPRESENTATION_CONTEXT ( 'NONE', 'WORKASPACE' ) );
#1267 = DIRECTION ( 'NONE',  ( 1.000000000000000000, 2.906221269855595000E-015, -5.812442539711189900E-015 ) ) ;
#1268 = ADVANCED_FACE ( 'NONE', ( #7873 ), #5250, .F. ) ;
#1269 = LENGTH_MEASURE_WITH_UNIT ( LENGTH_MEASURE( 0.02539999999999999900 ), #8185 );
#1270 = AXIS2_PLACEMENT_3D ( 'NONE', #5715, #1612, #6391 ) ;
#1271 = VECTOR ( 'NONE', #6709, 39.37007874015748100 ) ;
#1272 = ORIENTED_EDGE ( 'NONE', *, *, #3637, .T. ) ;
#1273 = CARTESIAN_POINT ( 'NONE',  ( -0.5727875163485819400, -0.3315016303536152400, -1.144181362094663300 ) ) ;
#1274 = PRESENTATION_STYLE_ASSIGNMENT (( #7904 ) ) ;
#1275 = ORIENTED_EDGE ( 'NONE', *, *, #6319, .T. ) ;
#1276 = SURFACE_SIDE_STYLE ('',( #1451 ) ) ;
#1277 = UNCERTAINTY_MEASURE_WITH_UNIT (LENGTH_MEASURE( 1.000000000000000100E-005 ), #6534, 'distance_accuracy_value', 'NONE');
#1278 = SURFACE_SIDE_STYLE ('',( #6214 ) ) ;
#1279 = LENGTH_MEASURE_WITH_UNIT ( LENGTH_MEASURE( 0.02539999999999999900 ), #4311 );
#1280 = AXIS2_PLACEMENT_3D ( 'NONE', #2914, #7628, #3600 ) ;
#1281 = VERTEX_POINT ( 'NONE', #7772 ) ;
#1282 = STYLED_ITEM ( 'NONE', ( #5301 ), #7964 ) ;
#1283 = AXIS2_PLACEMENT_3D ( 'NONE', #8208, #4171, #53 ) ;
#1284 = DIMENSIONAL_EXPONENTS ( 1.000000000000000000, 0.0000000000000000000, 0.0000000000000000000, 0.0000000000000000000, 0.0000000000000000000, 0.0000000000000000000, 0.0000000000000000000 ) ;
#1286 = DIRECTION ( 'NONE',  ( 0.0000000000000000000, 0.0000000000000000000, 1.000000000000000000 ) ) ;
#1285 = SURFACE_SIDE_STYLE ('',( #170 ) ) ;
#1287 = FILL_AREA_STYLE_COLOUR ( '', #6456 ) ;
#1288 = EDGE_LOOP ( 'NONE', ( #3860, #6941 ) ) ;
#1290 = CARTESIAN_POINT ( 'NONE',  ( -0.6582878328833463600, -0.3507893128163314700, -1.546958366050126500 ) ) ;
#1289 = DIRECTION ( 'NONE',  ( -0.0000000000000000000, 0.0000000000000000000, 1.000000000000000000 ) ) ;
#1291 =( NAMED_UNIT ( * ) SI_UNIT ( $, .STERADIAN. ) SOLID_ANGLE_UNIT ( ) );
#1292 = PRESENTATION_LAYER_ASSIGNMENT (  '', '', ( #829 ) ) ;
#1293 = CARTESIAN_POINT ( 'NONE',  ( -0.7282875163485818000, -0.3315016303536155200, -0.4780205392684319700 ) ) ;
#1294 = EDGE_LOOP ( 'NONE', ( #7963, #2527, #7199, #1032, #1160 ) ) ;
#1295 = ORIENTED_EDGE ( 'NONE', *, *, #2382, .T. ) ;
#1296 = LINE ( 'NONE', #6428, #6536 ) ;
#1297 =( CONVERSION_BASED_UNIT ( 'INCH', #6834 ) LENGTH_UNIT ( ) NAMED_UNIT ( #1203 ) );
#1298 =( LENGTH_UNIT ( ) NAMED_UNIT ( * ) SI_UNIT ( $, .METRE. ) );
#1299 = PRESENTATION_LAYER_ASSIGNMENT (  '', '', ( #841 ) ) ;
#1300 = LINE ( 'NONE', #1994, #1101 ) ;
#1301 = CARTESIAN_POINT ( 'NONE',  ( -0.7282875163485816900, -0.4240016303536156600, -1.319958369439661900 ) ) ;
#1302 = PRESENTATION_STYLE_ASSIGNMENT (( #121 ) ) ;
#1303 = FILL_AREA_STYLE_COLOUR ( '', #6942 ) ;
#1304 = DIRECTION ( 'NONE',  ( -9.726753936418404900E-033, -1.224606353822377300E-016, -1.000000000000000000 ) ) ;
#1305 = EDGE_CURVE ( 'NONE', #1706, #6408, #7037, .T. ) ;
#1306 = CARTESIAN_POINT ( 'NONE',  ( -0.7282875163485818000, -0.3315016303536156300, 0.2589999999999986800 ) ) ;
#1307 = ADVANCED_FACE ( 'NONE', ( #8826 ), #4404, .T. ) ;
#1308 = SURFACE_STYLE_USAGE ( .BOTH. , #5421 ) ;
#1309 = FACE_BOUND ( 'NONE', #8697, .T. ) ;
#1310 = AXIS2_PLACEMENT_3D ( 'NONE', #3735, #290, #3763 ) ;
#1311 = SURFACE_SIDE_STYLE ('',( #3054 ) ) ;
#1312 = DIRECTION ( 'NONE',  ( 5.389556073798634900E-015, 1.412857278674264800E-015, 1.000000000000000000 ) ) ;
#1314 = DIRECTION ( 'NONE',  ( -1.000000000000000000, 0.0000000000000000000, 0.0000000000000000000 ) ) ;
#1313 = SURFACE_SIDE_STYLE ('',( #2940 ) ) ;
#1315 = CIRCLE ( 'NONE', #3145, 0.6350000000000005600 ) ;
#1316 = DIRECTION ( 'NONE',  ( 1.000000000000000000, 0.0000000000000000000, 0.0000000000000000000 ) ) ;
#1317 = UNCERTAINTY_MEASURE_WITH_UNIT (LENGTH_MEASURE( 1.000000000000000100E-005 ), #3702, 'distance_accuracy_value', 'NONE');
#1318 = CARTESIAN_POINT ( 'NONE',  ( -0.8917875163481903100, -0.3315016303536180700, -1.279000000001063500 ) ) ;
#1319 = ORIENTED_EDGE ( 'NONE', *, *, #303, .T. ) ;
#1320 = DIRECTION ( 'NONE',  ( 1.000000000000000000, 0.0000000000000000000, 0.0000000000000000000 ) ) ;
#1321 = PRESENTATION_LAYER_ASSIGNMENT (  '', '', ( #8780 ) ) ;
#1322 = FACE_OUTER_BOUND ( 'NONE', #7014, .T. ) ;
#1323 = CARTESIAN_POINT ( 'NONE',  ( -0.7282875163485816900, -0.2390016303536157100, -1.319958369439661900 ) ) ;
#1324 = PRESENTATION_STYLE_ASSIGNMENT (( #6434 ) ) ;
#1325 = COLOUR_RGB ( '',0.5019607843137254800, 0.5019607843137254800, 0.5019607843137254800 ) ;
#1326 = LENGTH_MEASURE_WITH_UNIT ( LENGTH_MEASURE( 0.02539999999999999900 ), #5624 );
#1327 = MECHANICAL_DESIGN_GEOMETRIC_PRESENTATION_REPRESENTATION (  '', ( #421 ), #1810 ) ;
#1328 = AXIS2_PLACEMENT_3D ( 'NONE', #3567, #8278, #4225 ) ;
#1329 =( NAMED_UNIT ( * ) SI_UNIT ( $, .STERADIAN. ) SOLID_ANGLE_UNIT ( ) );
#1330 = EDGE_CURVE ( 'NONE', #5355, #2491, #6195, .T. ) ;
#1331 = ORIENTED_EDGE ( 'NONE', *, *, #8353, .T. ) ;
#1332 = CIRCLE ( 'NONE', #7430, 0.1174999999999999100 ) ;
#1333 = DIRECTION ( 'NONE',  ( 3.701147322201667000E-032, -1.000000000000000000, 5.771509845769573100E-016 ) ) ;
#1334 = CARTESIAN_POINT ( 'NONE',  ( -0.7282875163485818000, -0.3315016303536152400, -1.216958369439662000 ) ) ;
#1335 = COLOUR_RGB ( '',0.5019607843137254800, 0.5019607843137254800, 0.5019607843137254800 ) ;
#1336 = FACE_OUTER_BOUND ( 'NONE', #2554, .T. ) ;
#1337 = ORIENTED_EDGE ( 'NONE', *, *, #6591, .T. ) ;
#1339 = DIRECTION ( 'NONE',  ( 7.472189016151557300E-032, 6.165649696520689200E-033, 1.000000000000000000 ) ) ;
#1338 = FILL_AREA_STYLE ('',( #6764 ) ) ;
#1340 = VERTEX_POINT ( 'NONE', #1731 ) ;
#1341 = PRESENTATION_STYLE_ASSIGNMENT (( #1776 ) ) ;
#1342 = AXIS2_PLACEMENT_3D ( 'NONE', #6485, #2410, #7167 ) ;
#1343 = AXIS2_PLACEMENT_3D ( 'NONE', #1621, #5747, #1649 ) ;
#1344 = VERTEX_POINT ( 'NONE', #340 ) ;
#1345 = EDGE_CURVE ( 'NONE', #269, #213, #2804, .T. ) ;
#1346 = DIRECTION ( 'NONE',  ( -1.000000000000000000, 0.0000000000000000000, 0.0000000000000000000 ) ) ;
#1347 = DIMENSIONAL_EXPONENTS ( 1.000000000000000000, 0.0000000000000000000, 0.0000000000000000000, 0.0000000000000000000, 0.0000000000000000000, 0.0000000000000000000, 0.0000000000000000000 ) ;
#1348 = VERTEX_POINT ( 'NONE', #5822 ) ;
#1350 = CARTESIAN_POINT ( 'NONE',  ( -0.8917875163485919900, -0.3315016303536180700, -3.282590941438460400 ) ) ;
#1349 = DIRECTION ( 'NONE',  ( 0.0000000000000000000, 0.0000000000000000000, 1.000000000000000000 ) ) ;
#1351 = CONICAL_SURFACE ( 'NONE', #1392, 0.1634999999928855000, 1.178097245086630300 ) ;
#1352 = AXIS2_PLACEMENT_3D ( 'NONE', #3920, #7957, #7307 ) ;
#1353 = CIRCLE ( 'NONE', #6362, 0.09250000000000004100 ) ;
#1354 = ORIENTED_EDGE ( 'NONE', *, *, #3350, .T. ) ;
#1355 = SURFACE_STYLE_FILL_AREA ( #1592 ) ;
#1356 =( LENGTH_UNIT ( ) NAMED_UNIT ( * ) SI_UNIT ( $, .METRE. ) );
#1357 = ORIENTED_EDGE ( 'NONE', *, *, #4550, .F. ) ;
#1358 = DIRECTION ( 'NONE',  ( -9.726753936418404900E-033, -1.224606353822377800E-016, -1.000000000000000000 ) ) ;
#1359 = ORIENTED_EDGE ( 'NONE', *, *, #5736, .T. ) ;
#1360 =( CONVERSION_BASED_UNIT ( 'INCH', #3198 ) LENGTH_UNIT ( ) NAMED_UNIT ( #649 ) );
#1361 = EDGE_LOOP ( 'NONE', ( #4058, #7164 ) ) ;
#1362 = EDGE_CURVE ( 'NONE', #4499, #985, #722, .T. ) ;
#1363 = LENGTH_MEASURE_WITH_UNIT ( LENGTH_MEASURE( 0.02539999999999999900 ), #1179 );
#1364 = SURFACE_STYLE_FILL_AREA ( #1613 ) ;
#1365 = ORIENTED_EDGE ( 'NONE', *, *, #7526, .F. ) ;
#1366 = ORIENTED_EDGE ( 'NONE', *, *, #1345, .F. ) ;
#1367 = LENGTH_MEASURE_WITH_UNIT ( LENGTH_MEASURE( 0.02539999999999999900 ), #1201 );
#1368 = MECHANICAL_DESIGN_GEOMETRIC_PRESENTATION_REPRESENTATION (  '', ( #454 ), #1847 ) ;
#1369 = CARTESIAN_POINT ( 'NONE',  ( -0.7282875163485818000, -0.3315016303536155200, -0.7570000000000005600 ) ) ;
#1370 = CARTESIAN_POINT ( 'NONE',  ( -0.7282875163485818000, -0.3315016303536155200, -0.4992337427040284800 ) ) ;
#1371 = FILL_AREA_STYLE ('',( #8830 ) ) ;
#1372 = LENGTH_MEASURE_WITH_UNIT ( LENGTH_MEASURE( 0.02539999999999999900 ), #4930 );
#1373 = DIMENSIONAL_EXPONENTS ( 1.000000000000000000, 0.0000000000000000000, 0.0000000000000000000, 0.0000000000000000000, 0.0000000000000000000, 0.0000000000000000000, 0.0000000000000000000 ) ;
#1375 = DIRECTION ( 'NONE',  ( 1.000000000000000000, 0.0000000000000000000, 0.0000000000000000000 ) ) ;
#1374 = CARTESIAN_POINT ( 'NONE',  ( -0.7807875163485817900, -0.3315016303536157900, -0.5249583694396620100 ) ) ;
#1376 = UNCERTAINTY_MEASURE_WITH_UNIT (LENGTH_MEASURE( 1.000000000000000100E-005 ), #5796, 'distance_accuracy_value', 'NONE');
#1377 = ORIENTED_EDGE ( 'NONE', *, *, #3033, .F. ) ;
#1378 = FACE_OUTER_BOUND ( 'NONE', #6669, .T. ) ;
#1379 = DIRECTION ( 'NONE',  ( -1.000000000000000000, 0.0000000000000000000, 0.0000000000000000000 ) ) ;
#1380 = DIRECTION ( 'NONE',  ( -9.711944615174957000E-017, 7.459504271329836200E-017, 1.000000000000000000 ) ) ;
#1382 = PLANE ( 'NONE',  #6981 ) ;
#1381 = SURFACE_SIDE_STYLE ('',( #3696 ) ) ;
#1383 = AXIS2_PLACEMENT_3D ( 'NONE', #4613, #5962, #5304 ) ;
#1384 = PLANE ( 'NONE',  #7616 ) ;
#1385 = DIMENSIONAL_EXPONENTS ( 1.000000000000000000, 0.0000000000000000000, 0.0000000000000000000, 0.0000000000000000000, 0.0000000000000000000, 0.0000000000000000000, 0.0000000000000000000 ) ;
#1386 = LENGTH_MEASURE_WITH_UNIT ( LENGTH_MEASURE( 0.02539999999999999900 ), #2397 );
#1387 = LENGTH_MEASURE_WITH_UNIT ( LENGTH_MEASURE( 0.02539999999999999900 ), #3604 );
#1388 = ORIENTED_EDGE ( 'NONE', *, *, #665, .T. ) ;
#1389 = PRESENTATION_STYLE_ASSIGNMENT (( #5741 ) ) ;
#1390 = UNCERTAINTY_MEASURE_WITH_UNIT (LENGTH_MEASURE( 1.000000000000000100E-005 ), #8710, 'distance_accuracy_value', 'NONE');
#1391 = DIRECTION ( 'NONE',  ( -0.0000000000000000000, -1.000000000000000000, -0.0000000000000000000 ) ) ;
#1392 = AXIS2_PLACEMENT_3D ( 'NONE', #4958, #7590, #837 ) ;
#1393 = STYLED_ITEM ( 'NONE', ( #623 ), #7192 ) ;
#1394 =( NAMED_UNIT ( * ) PLANE_ANGLE_UNIT ( ) SI_UNIT ( $, .RADIAN. ) );
#1395 = EDGE_CURVE ( 'NONE', #525, #3400, #5464, .T. ) ;
#1396 = DIRECTION ( 'NONE',  ( -0.9488864299340638000, -0.3156177166874302200, -1.126055187715457500E-016 ) ) ;
#1397 = ORIENTED_EDGE ( 'NONE', *, *, #8410, .T. ) ;
#1398 = MANIFOLD_SOLID_BREP ( 'Combine5', #2237 ) ;
#1399 =( NAMED_UNIT ( * ) PLANE_ANGLE_UNIT ( ) SI_UNIT ( $, .RADIAN. ) );
#1400 = DIMENSIONAL_EXPONENTS ( 1.000000000000000000, 0.0000000000000000000, 0.0000000000000000000, 0.0000000000000000000, 0.0000000000000000000, 0.0000000000000000000, 0.0000000000000000000 ) ;
#1401 =( LENGTH_UNIT ( ) NAMED_UNIT ( * ) SI_UNIT ( $, .METRE. ) );
#1402 = DIRECTION ( 'NONE',  ( -5.389556073798635700E-015, -1.412857278674264800E-015, -1.000000000000000000 ) ) ;
#1403 = LENGTH_MEASURE_WITH_UNIT ( LENGTH_MEASURE( 0.02539999999999999900 ), #8365 );
#1404 = AXIS2_PLACEMENT_3D ( 'NONE', #3925, #8636, #4619 ) ;
#1405 = AXIS2_PLACEMENT_3D ( 'NONE', #7909, #3885, #8590 ) ;
#1406 = PRESENTATION_LAYER_ASSIGNMENT (  '', '', ( #481 ) ) ;
#1407 = DIRECTION ( 'NONE',  ( 1.324963830349198200E-016, -4.495203217082431200E-017, 1.000000000000000000 ) ) ;
#1408 = ORIENTED_EDGE ( 'NONE', *, *, #7764, .F. ) ;
#1409 = EDGE_CURVE ( 'NONE', #4905, #2868, #6422, .T. ) ;
#1410 = SURFACE_SIDE_STYLE ('',( #3731 ) ) ;
#1411 = COLOUR_RGB ( '',0.5019607843137254800, 0.5019607843137254800, 0.5019607843137254800 ) ;
#1412 =( CONVERSION_BASED_UNIT ( 'INCH', #378 ) LENGTH_UNIT ( ) NAMED_UNIT ( #1385 ) );
#1413 = COLOUR_RGB ( '',0.5019607843137254800, 0.5019607843137254800, 0.5019607843137254800 ) ;
#1415 = FILL_AREA_STYLE_COLOUR ( '', #7225 ) ;
#1414 = DIRECTION ( 'NONE',  ( 4.403749299921646300E-016, -0.4999999999721918600, -0.8660254038004935300 ) ) ;
#1416 = DIRECTION ( 'NONE',  ( 0.9488864299340639100, 0.3156177166874301100, -5.559999410096621000E-015 ) ) ;
#1417 = AXIS2_PLACEMENT_3D ( 'NONE', #8081, #4035, #8758 ) ;
#1418 = DIMENSIONAL_EXPONENTS ( 1.000000000000000000, 0.0000000000000000000, 0.0000000000000000000, 0.0000000000000000000, 0.0000000000000000000, 0.0000000000000000000, 0.0000000000000000000 ) ;
#1419 = CARTESIAN_POINT ( 'NONE',  ( -0.7282875163485818000, -0.3315016303536155200, -0.9670000000000005300 ) ) ;
#1420 = PRESENTATION_STYLE_ASSIGNMENT (( #8146 ) ) ;
#1421 =( NAMED_UNIT ( * ) SI_UNIT ( $, .STERADIAN. ) SOLID_ANGLE_UNIT ( ) );
#1422 = PRESENTATION_LAYER_ASSIGNMENT (  '', '', ( #37 ) ) ;
#1423 = SURFACE_STYLE_USAGE ( .BOTH. , #5524 ) ;
#1424 = DIRECTION ( 'NONE',  ( -0.0000000000000000000, -0.0000000000000000000, -1.000000000000000000 ) ) ;
#1425 = DIRECTION ( 'NONE',  ( -5.389556073798634900E-015, -1.412857278674264800E-015, -1.000000000000000000 ) ) ;
#1426 = CARTESIAN_POINT ( 'NONE',  ( -0.5947875163485811800, -0.3315016303536163500, -0.3769583694396621000 ) ) ;
#1427 =( CONVERSION_BASED_UNIT ( 'INCH', #6648 ) LENGTH_UNIT ( ) NAMED_UNIT ( #3962 ) );
#1428 = ORIENTED_EDGE ( 'NONE', *, *, #6733, .F. ) ;
#1429 = CARTESIAN_POINT ( 'NONE',  ( -0.7282875163485813500, -0.3315016303536163500, -0.6419583694396621100 ) ) ;
#1430 = CIRCLE ( 'NONE', #4205, 0.04799345780212514700 ) ;
#1431 = PRESENTATION_LAYER_ASSIGNMENT (  '', '', ( #987 ) ) ;
#1432 = FACE_OUTER_BOUND ( 'NONE', #8072, .T. ) ;
#1433 = CIRCLE ( 'NONE', #4340, 0.3880000000000000100 ) ;
#1434 =( LENGTH_UNIT ( ) NAMED_UNIT ( * ) SI_UNIT ( $, .METRE. ) );
#1435 = ADVANCED_FACE ( 'NONE', ( #1180 ), #107, .T. ) ;
#1436 = SURFACE_STYLE_USAGE ( .BOTH. , #5544 ) ;
#1437 = EDGE_CURVE ( 'NONE', #5855, #5242, #2155, .T. ) ;
#1438 = DIMENSIONAL_EXPONENTS ( 1.000000000000000000, 0.0000000000000000000, 0.0000000000000000000, 0.0000000000000000000, 0.0000000000000000000, 0.0000000000000000000, 0.0000000000000000000 ) ;
#1440 =( NAMED_UNIT ( * ) SI_UNIT ( $, .STERADIAN. ) SOLID_ANGLE_UNIT ( ) );
#1439 =( LENGTH_UNIT ( ) NAMED_UNIT ( * ) SI_UNIT ( $, .METRE. ) );
#1441 = ORIENTED_EDGE ( 'NONE', *, *, #2619, .F. ) ;
#1442 = CARTESIAN_POINT ( 'NONE',  ( -0.5832875163485815600, -0.3315016303536157900, -0.9299583694396620400 ) ) ;
#1443 = FILL_AREA_STYLE_COLOUR ( '', #833 ) ;
#1444 = PRESENTATION_STYLE_ASSIGNMENT (( #2524 ) ) ;
#1445 = CARTESIAN_POINT ( 'NONE',  ( -0.7282875163485818000, -0.3315016303536155200, -0.7139482375457254500 ) ) ;
#1446 = ORIENTED_EDGE ( 'NONE', *, *, #3862, .F. ) ;
#1447 =( NAMED_UNIT ( * ) SI_UNIT ( $, .STERADIAN. ) SOLID_ANGLE_UNIT ( ) );
#1448 =( GEOMETRIC_REPRESENTATION_CONTEXT ( 3 ) GLOBAL_UNCERTAINTY_ASSIGNED_CONTEXT ( ( #5065 ) ) GLOBAL_UNIT_ASSIGNED_CONTEXT ( ( #4312, #210, #4996 ) ) REPRESENTATION_CONTEXT ( 'NONE', 'WORKASPACE' ) );
#1449 = ORIENTED_EDGE ( 'NONE', *, *, #940, .T. ) ;
#1450 = ORIENTED_EDGE ( 'NONE', *, *, #3033, .T. ) ;
#1451 = SURFACE_STYLE_FILL_AREA ( #5387 ) ;
#1452 = VECTOR ( 'NONE', #5217, 39.37007874015748100 ) ;
#1453 = EDGE_CURVE ( 'NONE', #3746, #6104, #7356, .T. ) ;
#1454 = PRESENTATION_LAYER_ASSIGNMENT (  '', '', ( #1003 ) ) ;
#1455 = AXIS2_PLACEMENT_3D ( 'NONE', #3980, #3248, #8685 ) ;
#1456 = CARTESIAN_POINT ( 'NONE',  ( -0.7282875163485818000, -0.3315016303536155200, -0.9669999999999999700 ) ) ;
#1457 =( NAMED_UNIT ( * ) PLANE_ANGLE_UNIT ( ) SI_UNIT ( $, .RADIAN. ) );
#1458 = ORIENTED_EDGE ( 'NONE', *, *, #3683, .T. ) ;
#1459 =( NAMED_UNIT ( * ) SI_UNIT ( $, .STERADIAN. ) SOLID_ANGLE_UNIT ( ) );
#1460 = EDGE_LOOP ( 'NONE', ( #5411, #2520, #6172, #7824, #4044 ) ) ;
#1461 = SURFACE_STYLE_USAGE ( .BOTH. , #5562 ) ;
#1462 =( LENGTH_UNIT ( ) NAMED_UNIT ( * ) SI_UNIT ( $, .METRE. ) );
#1463 = VERTEX_POINT ( 'NONE', #1855 ) ;
#1464 = VERTEX_POINT ( 'NONE', #5934 ) ;
#1465 = CARTESIAN_POINT ( 'NONE',  ( -0.7282875163485816900, -0.3315016303536160700, -1.089958369439662200 ) ) ;
#1466 = ORIENTED_EDGE ( 'NONE', *, *, #4510, .T. ) ;
#1467 = STYLED_ITEM ( 'NONE', ( #6826 ), #6459 ) ;
#1468 = DIRECTION ( 'NONE',  ( 8.091966805877559700E-017, 4.045983402938781700E-017, 1.000000000000000000 ) ) ;
#1469 = COLOUR_RGB ( '',0.5019607843137254800, 0.5019607843137254800, 0.5019607843137254800 ) ;
#1470 = ORIENTED_EDGE ( 'NONE', *, *, #3938, .T. ) ;
#1471 = CARTESIAN_POINT ( 'NONE',  ( -0.8207875163485812700, -0.3315016303536152400, -1.526958369439661800 ) ) ;
#1472 = CARTESIAN_POINT ( 'NONE',  ( -0.7282875163485818000, -0.3315016303536154600, -0.5081049102779643400 ) ) ;
#1473 = VERTEX_POINT ( 'NONE', #7924 ) ;
#1474 = LINE ( 'NONE', #5379, #8489 ) ;
#1475 = FILL_AREA_STYLE_COLOUR ( '', #5236 ) ;
#1476 = AXIS2_PLACEMENT_3D ( 'NONE', #5631, #3623, #2273 ) ;
#1477 = DIRECTION ( 'NONE',  ( -9.711944615174957000E-017, 7.459504271329836200E-017, 1.000000000000000000 ) ) ;
#1478 = CIRCLE ( 'NONE', #6684, 0.3549999999999999300 ) ;
#1479 = ORIENTED_EDGE ( 'NONE', *, *, #6359, .F. ) ;
#1480 = EDGE_CURVE ( 'NONE', #1089, #8595, #1942, .T. ) ;
#1481 = ADVANCED_FACE ( 'NONE', ( #7150 ), #2539, .F. ) ;
#1482 =( LENGTH_UNIT ( ) NAMED_UNIT ( * ) SI_UNIT ( $, .METRE. ) );
#1483 = DIMENSIONAL_EXPONENTS ( 1.000000000000000000, 0.0000000000000000000, 0.0000000000000000000, 0.0000000000000000000, 0.0000000000000000000, 0.0000000000000000000, 0.0000000000000000000 ) ;
#1484 =( GEOMETRIC_REPRESENTATION_CONTEXT ( 3 ) GLOBAL_UNCERTAINTY_ASSIGNED_CONTEXT ( ( #1668 ) ) GLOBAL_UNIT_ASSIGNED_CONTEXT ( ( #7358, #3323, #8030 ) ) REPRESENTATION_CONTEXT ( 'NONE', 'WORKASPACE' ) );
#1485 = SURFACE_STYLE_USAGE ( .BOTH. , #5589 ) ;
#1486 = FILL_AREA_STYLE_COLOUR ( '', #8495 ) ;
#1487 = UNCERTAINTY_MEASURE_WITH_UNIT (LENGTH_MEASURE( 1.000000000000000100E-005 ), #783, 'distance_accuracy_value', 'NONE');
#1488 = ORIENTED_EDGE ( 'NONE', *, *, #6090, .T. ) ;
#1489 = AXIS2_PLACEMENT_3D ( 'NONE', #1515, #6305, #2230 ) ;
#1490 = LINE ( 'NONE', #4467, #5142 ) ;
#1491 = CARTESIAN_POINT ( 'NONE',  ( -0.2684280269390437700, -0.5970016303536150900, 0.2849999999999986400 ) ) ;
#1492 = LENGTH_MEASURE_WITH_UNIT ( LENGTH_MEASURE( 0.02539999999999999900 ), #5965 );
#1493 =( NAMED_UNIT ( * ) SI_UNIT ( $, .STERADIAN. ) SOLID_ANGLE_UNIT ( ) );
#1494 = FILL_AREA_STYLE_COLOUR ( '', #5735 ) ;
#1495 = ORIENTED_EDGE ( 'NONE', *, *, #4739, .T. ) ;
#1496 = UNCERTAINTY_MEASURE_WITH_UNIT (LENGTH_MEASURE( 1.000000000000000100E-005 ), #600, 'distance_accuracy_value', 'NONE');
#1497 =( NAMED_UNIT ( * ) PLANE_ANGLE_UNIT ( ) SI_UNIT ( $, .RADIAN. ) );
#1498 = DIRECTION ( 'NONE',  ( -1.000000000000000000, 0.0000000000000000000, 0.0000000000000000000 ) ) ;
#1499 =( CONVERSION_BASED_UNIT ( 'INCH', #4150 ) LENGTH_UNIT ( ) NAMED_UNIT ( #6107 ) );
#1500 = PRESENTATION_LAYER_ASSIGNMENT (  '', '', ( #1055 ) ) ;
#1501 = DIRECTION ( 'NONE',  ( -1.774952849390946600E-032, 1.224606353822380000E-016, -1.000000000000000000 ) ) ;
#1502 =( NAMED_UNIT ( * ) SI_UNIT ( $, .STERADIAN. ) SOLID_ANGLE_UNIT ( ) );
#1503 =( LENGTH_UNIT ( ) NAMED_UNIT ( * ) SI_UNIT ( $, .METRE. ) );
#1504 = STYLED_ITEM ( 'NONE', ( #8251 ), #585 ) ;
#1505 = VERTEX_POINT ( 'NONE', #515 ) ;
#1506 =( GEOMETRIC_REPRESENTATION_CONTEXT ( 3 ) GLOBAL_UNCERTAINTY_ASSIGNED_CONTEXT ( ( #2331 ) ) GLOBAL_UNIT_ASSIGNED_CONTEXT ( ( #7366, #3336, #8044 ) ) REPRESENTATION_CONTEXT ( 'NONE', 'WORKASPACE' ) );
#1507 = FILL_AREA_STYLE_COLOUR ( '', #729 ) ;
#1508 = EDGE_CURVE ( 'NONE', #5228, #6685, #2915, .T. ) ;
#1509 = DIRECTION ( 'NONE',  ( 2.985768325466478400E-031, -6.902532920683853300E-031, -1.000000000000000000 ) ) ;
#1510 = CARTESIAN_POINT ( 'NONE',  ( -0.7282875163485818000, -0.3315016303536155200, -0.2971044699417552700 ) ) ;
#1511 =( LENGTH_UNIT ( ) NAMED_UNIT ( * ) SI_UNIT ( $, .METRE. ) );
#1512 = SURFACE_STYLE_USAGE ( .BOTH. , #5614 ) ;
#1513 = VERTEX_POINT ( 'NONE', #1158 ) ;
#1514 = SURFACE_STYLE_USAGE ( .BOTH. , #5619 ) ;
#1515 = CARTESIAN_POINT ( 'NONE',  ( -0.5489479810910521400, -0.2718498818996934500, -1.267000000000018100 ) ) ;
#1516 = STYLED_ITEM ( 'NONE', ( #3456 ), #8543 ) ;
#1517 =( GEOMETRIC_REPRESENTATION_CONTEXT ( 3 ) GLOBAL_UNCERTAINTY_ASSIGNED_CONTEXT ( ( #1487 ) ) GLOBAL_UNIT_ASSIGNED_CONTEXT ( ( #783, #5595, #1493 ) ) REPRESENTATION_CONTEXT ( 'NONE', 'WORKASPACE' ) );
#1518 = CARTESIAN_POINT ( 'NONE',  ( -0.7282875163485818000, -0.3315016303536155200, -0.4992337427040285400 ) ) ;
#1519 = FACE_OUTER_BOUND ( 'NONE', #3772, .T. ) ;
#1520 = EDGE_CURVE ( 'NONE', #2381, #2031, #6308, .T. ) ;
#1522 =( LENGTH_UNIT ( ) NAMED_UNIT ( * ) SI_UNIT ( $, .METRE. ) );
#1521 =( CONVERSION_BASED_UNIT ( 'INCH', #1326 ) LENGTH_UNIT ( ) NAMED_UNIT ( #6842 ) );
#1523 = CIRCLE ( 'NONE', #7603, 0.1419999999999998800 ) ;
#1524 =( NAMED_UNIT ( * ) SI_UNIT ( $, .STERADIAN. ) SOLID_ANGLE_UNIT ( ) );
#1525 = FILL_AREA_STYLE ('',( #7583 ) ) ;
#1526 = STYLED_ITEM ( 'NONE', ( #3532 ), #1826 ) ;
#1527 = ADVANCED_FACE ( 'NONE', ( #2697 ), #7032, .T. ) ;
#1528 = CARTESIAN_POINT ( 'NONE',  ( -1.116287516348581900, -0.3315016303536154600, -0.7554925145934504600 ) ) ;
#1530 = DIRECTION ( 'NONE',  ( 5.389556073798635700E-015, 1.412857278674264800E-015, 1.000000000000000000 ) ) ;
#1529 =( CONVERSION_BASED_UNIT ( 'INCH', #5905 ) LENGTH_UNIT ( ) NAMED_UNIT ( #5573 ) );
#1531 = CARTESIAN_POINT ( 'NONE',  ( -0.7282875163485818000, -0.3315016303536155200, 0.02223988196073611200 ) ) ;
#1532 = UNCERTAINTY_MEASURE_WITH_UNIT (LENGTH_MEASURE( 1.000000000000000100E-005 ), #2583, 'distance_accuracy_value', 'NONE');
#1533 =( NAMED_UNIT ( * ) PLANE_ANGLE_UNIT ( ) SI_UNIT ( $, .RADIAN. ) );
#1534 = FACE_OUTER_BOUND ( 'NONE', #7202, .T. ) ;
#1535 = EDGE_CURVE ( 'NONE', #4304, #1602, #8820, .T. ) ;
#1536 = DIRECTION ( 'NONE',  ( -0.9488864299340638000, -0.3156177166874302200, -1.126055187715457500E-016 ) ) ;
#1537 = PRESENTATION_LAYER_ASSIGNMENT (  '', '', ( #1093 ) ) ;
#1538 = CARTESIAN_POINT ( 'NONE',  ( -0.6357875163485817700, -0.3315016303536152400, -1.526958369439661800 ) ) ;
#1539 = DIRECTION ( 'NONE',  ( -5.389556073798634900E-015, -1.412857278674264800E-015, -1.000000000000000000 ) ) ;
#1540 = FILL_AREA_STYLE_COLOUR ( '', #5932 ) ;
#1541 = DIRECTION ( 'NONE',  ( -0.7071067811865512400, 0.0000000000000000000, -0.7071067811865438000 ) ) ;
#1542 = DIRECTION ( 'NONE',  ( -9.726753936418404900E-033, -1.224606353822377300E-016, -1.000000000000000000 ) ) ;
#1543 = ORIENTED_EDGE ( 'NONE', *, *, #3926, .T. ) ;
#1544 = CARTESIAN_POINT ( 'NONE',  ( -0.7282875163485813500, -0.3315016303536163500, -0.6419583694396621100 ) ) ;
#1545 = COLOUR_RGB ( '',0.5019607843137254800, 0.5019607843137254800, 0.5019607843137254800 ) ;
#1546 = VECTOR ( 'NONE', #2180, 39.37007874015748100 ) ;
#1547 = UNCERTAINTY_MEASURE_WITH_UNIT (LENGTH_MEASURE( 1.000000000000000100E-005 ), #3169, 'distance_accuracy_value', 'NONE');
#1549 = CARTESIAN_POINT ( 'NONE',  ( -0.06328751634858109700, -0.3315016303536159100, 0.2549999999999985100 ) ) ;
#1548 = DIRECTION ( 'NONE',  ( 1.000000000000000000, 0.0000000000000000000, -5.812442539711189900E-015 ) ) ;
#1550 =( LENGTH_UNIT ( ) NAMED_UNIT ( * ) SI_UNIT ( $, .METRE. ) );
#1551 = VERTEX_POINT ( 'NONE', #8721 ) ;
#1552 = AXIS2_PLACEMENT_3D ( 'NONE', #8548, #4528, #398 ) ;
#1553 = VERTEX_POINT ( 'NONE', #7368 ) ;
#1554 = DIRECTION ( 'NONE',  ( 1.774952849390946600E-032, -1.224606353822380000E-016, 1.000000000000000000 ) ) ;
#1555 = TOROIDAL_SURFACE ( 'NONE', #5919, 0.2155537069039520600, 0.04799345780212511300 ) ;
#1556 = PRESENTATION_STYLE_ASSIGNMENT (( #1436 ) ) ;
#1557 = CIRCLE ( 'NONE', #384, 0.1227063868997186800 ) ;
#1558 = LENGTH_MEASURE_WITH_UNIT ( LENGTH_MEASURE( 0.02539999999999999900 ), #1987 );
#1559 =( NAMED_UNIT ( * ) SI_UNIT ( $, .STERADIAN. ) SOLID_ANGLE_UNIT ( ) );
#1560 = STYLED_ITEM ( 'NONE', ( #4377 ), #230 ) ;
#1561 = VERTEX_POINT ( 'NONE', #6042 ) ;
#1562 =( CONVERSION_BASED_UNIT ( 'INCH', #6363 ) LENGTH_UNIT ( ) NAMED_UNIT ( #2163 ) );
#1564 = CARTESIAN_POINT ( 'NONE',  ( -0.5851604478524286000, -0.2443748299833468400, -1.539000000000018100 ) ) ;
#1563 = CARTESIAN_POINT ( 'NONE',  ( -0.7282875163485816900, -0.3315016303536160700, -1.089958369439662200 ) ) ;
#1565 =( NAMED_UNIT ( * ) PLANE_ANGLE_UNIT ( ) SI_UNIT ( $, .RADIAN. ) );
#1566 = EDGE_CURVE ( 'NONE', #5632, #7122, #5249, .T. ) ;
#1567 = DIRECTION ( 'NONE',  ( 0.9488864299340644700, 0.3156177166874279400, 0.0000000000000000000 ) ) ;
#1568 = ORIENTED_EDGE ( 'NONE', *, *, #7890, .F. ) ;
#1569 = SURFACE_STYLE_FILL_AREA ( #1092 ) ;
#1570 = ORIENTED_EDGE ( 'NONE', *, *, #4834, .T. ) ;
#1571 = PRESENTATION_STYLE_ASSIGNMENT (( #5820 ) ) ;
#1572 = ORIENTED_EDGE ( 'NONE', *, *, #7903, .F. ) ;
#1573 =( LENGTH_UNIT ( ) NAMED_UNIT ( * ) SI_UNIT ( $, .METRE. ) );
#1574 = SURFACE_STYLE_USAGE ( .BOTH. , #5686 ) ;
#1575 = COLOUR_RGB ( '',0.5019607843137254800, 0.5019607843137254800, 0.5019607843137254800 ) ;
#1576 = AXIS2_PLACEMENT_3D ( 'NONE', #311, #5108, #1008 ) ;
#1577 = DIRECTION ( 'NONE',  ( 1.000000000000000000, 0.0000000000000000000, 1.270626973800399200E-015 ) ) ;
#1578 = PRESENTATION_LAYER_ASSIGNMENT (  '', '', ( #1117 ) ) ;
#1579 = MECHANICAL_DESIGN_GEOMETRIC_PRESENTATION_REPRESENTATION (  '', ( #645 ), #2049 ) ;
#1580 = ADVANCED_FACE ( 'NONE', ( #1604 ), #6191, .T. ) ;
#1581 = ORIENTED_EDGE ( 'NONE', *, *, #4078, .F. ) ;
#1582 = CARTESIAN_POINT ( 'NONE',  ( -0.7282875163485818000, -0.5815016303536153500, 1.168000000000000100 ) ) ;
#1583 = ORIENTED_EDGE ( 'NONE', *, *, #1520, .T. ) ;
#1584 = DIRECTION ( 'NONE',  ( 0.0000000000000000000, 0.0000000000000000000, -1.000000000000000000 ) ) ;
#1585 = ORIENTED_EDGE ( 'NONE', *, *, #5736, .F. ) ;
#1586 = VERTEX_POINT ( 'NONE', #3338 ) ;
#1587 = VECTOR ( 'NONE', #7799, 39.37007874015748100 ) ;
#1588 = CONICAL_SURFACE ( 'NONE', #6561, 0.6650000000000008100, 0.7853981633974488300 ) ;
#1589 = EDGE_LOOP ( 'NONE', ( #4066, #1027, #8632, #8297 ) ) ;
#1591 =( CONVERSION_BASED_UNIT ( 'INCH', #993 ) LENGTH_UNIT ( ) NAMED_UNIT ( #3859 ) );
#1590 =( NAMED_UNIT ( * ) SI_UNIT ( $, .STERADIAN. ) SOLID_ANGLE_UNIT ( ) );
#1592 = FILL_AREA_STYLE ('',( #8386 ) ) ;
#1593 = ORIENTED_EDGE ( 'NONE', *, *, #6255, .T. ) ;
#1594 = MECHANICAL_DESIGN_GEOMETRIC_PRESENTATION_REPRESENTATION (  '', ( #656 ), #2057 ) ;
#1595 =( NAMED_UNIT ( * ) PLANE_ANGLE_UNIT ( ) SI_UNIT ( $, .RADIAN. ) );
#1596 = PRESENTATION_STYLE_ASSIGNMENT (( #2802 ) ) ;
#1597 = DIRECTION ( 'NONE',  ( 1.000000000000000000, 0.0000000000000000000, 9.862267125353252400E-016 ) ) ;
#1599 = CARTESIAN_POINT ( 'NONE',  ( -0.5543006887685769700, -0.2679434733210918600, -1.501802667784113400 ) ) ;
#1598 = CARTESIAN_POINT ( 'NONE',  ( -0.7282875163485818000, -0.3315016303536155200, -0.4780205392684319700 ) ) ;
#1600 =( NAMED_UNIT ( * ) PLANE_ANGLE_UNIT ( ) SI_UNIT ( $, .RADIAN. ) );
#1601 =( CONVERSION_BASED_UNIT ( 'INCH', #4915 ) LENGTH_UNIT ( ) NAMED_UNIT ( #6787 ) );
#1602 = VERTEX_POINT ( 'NONE', #2700 ) ;
#1603 = MECHANICAL_DESIGN_GEOMETRIC_PRESENTATION_REPRESENTATION (  '', ( #226 ), #2064 ) ;
#1604 = FACE_OUTER_BOUND ( 'NONE', #8041, .T. ) ;
#1605 = DIRECTION ( 'NONE',  ( 2.985768325466478400E-031, -6.902532920683853300E-031, -1.000000000000000000 ) ) ;
#1606 = UNCERTAINTY_MEASURE_WITH_UNIT (LENGTH_MEASURE( 1.000000000000000100E-005 ), #7806, 'distance_accuracy_value', 'NONE');
#1607 = DIRECTION ( 'NONE',  ( -9.726753936418404900E-033, -1.224606353822377300E-016, -1.000000000000000000 ) ) ;
#1608 = EDGE_CURVE ( 'NONE', #1561, #3876, #7984, .T. ) ;
#1609 = EDGE_LOOP ( 'NONE', ( #1779, #7776, #5680, #2659 ) ) ;
#1610 = CARTESIAN_POINT ( 'NONE',  ( -0.8992902963385700500, -0.3993246331289193000, -1.502876386601741200 ) ) ;
#1611 = CYLINDRICAL_SURFACE ( 'NONE', #3618, 0.1635000000000010100 ) ;
#1612 = DIRECTION ( 'NONE',  ( -4.377961528315000500E-016, -4.377961528315013300E-016, 1.000000000000000000 ) ) ;
#1613 = FILL_AREA_STYLE ('',( #234 ) ) ;
#1614 = PRESENTATION_LAYER_ASSIGNMENT (  '', '', ( #1157 ) ) ;
#1615 = FACE_OUTER_BOUND ( 'NONE', #5359, .T. ) ;
#1616 = PRESENTATION_STYLE_ASSIGNMENT (( #6926 ) ) ;
#1617 = ORIENTED_EDGE ( 'NONE', *, *, #6231, .T. ) ;
#1618 = VECTOR ( 'NONE', #5529, 39.37007874015748100 ) ;
#1619 = UNCERTAINTY_MEASURE_WITH_UNIT (LENGTH_MEASURE( 1.000000000000000100E-005 ), #5678, 'distance_accuracy_value', 'NONE');
#1621 = CARTESIAN_POINT ( 'NONE',  ( -0.7282875163485818000, -0.3315016303536159600, -1.349538768355159600 ) ) ;
#1620 = CARTESIAN_POINT ( 'NONE',  ( -0.7630070256437782000, -0.2671706293754738700, -1.546958367436494800 ) ) ;
#1622 = SURFACE_STYLE_USAGE ( .BOTH. , #5719 ) ;
#1623 = ADVANCED_FACE ( 'NONE', ( #4621 ), #5350, .F. ) ;
#1624 = CARTESIAN_POINT ( 'NONE',  ( -0.5392875163485912900, -0.3315016303536180700, -1.694000000000017900 ) ) ;
#1625 = ORIENTED_EDGE ( 'NONE', *, *, #2565, .T. ) ;
#1626 = COLOUR_RGB ( '',1.000000000000000000, 1.000000000000000000, 1.000000000000000000 ) ;
#1628 = FILL_AREA_STYLE_COLOUR ( '', #4698 ) ;
#1627 =( CONVERSION_BASED_UNIT ( 'INCH', #538 ) LENGTH_UNIT ( ) NAMED_UNIT ( #1483 ) );
#1629 = AXIS2_PLACEMENT_3D ( 'NONE', #8197, #689, #3503 ) ;
#1630 = DIRECTION ( 'NONE',  ( 0.0000000000000000000, 1.000000000000000000, 4.727918588621872600E-016 ) ) ;
#1631 = EDGE_CURVE ( 'NONE', #1513, #2231, #7140, .T. ) ;
#1632 =( GEOMETRIC_REPRESENTATION_CONTEXT ( 3 ) GLOBAL_UNCERTAINTY_ASSIGNED_CONTEXT ( ( #295 ) ) GLOBAL_UNIT_ASSIGNED_CONTEXT ( ( #7314, #3282, #8002 ) ) REPRESENTATION_CONTEXT ( 'NONE', 'WORKASPACE' ) );
#1633 = PRESENTATION_LAYER_ASSIGNMENT (  '', '', ( #1172 ) ) ;
#1634 = LENGTH_MEASURE_WITH_UNIT ( LENGTH_MEASURE( 0.02539999999999999900 ), #1105 );
#1635 = EDGE_CURVE ( 'NONE', #7826, #6378, #95, .T. ) ;
#1636 = SURFACE_STYLE_FILL_AREA ( #5873 ) ;
#1637 = CARTESIAN_POINT ( 'NONE',  ( -0.7477818014501332900, -0.2887351382321016700, -1.259000000000018500 ) ) ;
#1638 = CARTESIAN_POINT ( 'NONE',  ( -0.7282875163485818000, -0.05650163035361519000, 1.048844797839501900 ) ) ;
#1639 = CARTESIAN_POINT ( 'NONE',  ( -0.8950859135963111800, -0.3474619484788339400, -1.539000000000018100 ) ) ;
#1640 =( CONVERSION_BASED_UNIT ( 'INCH', #4933 ) LENGTH_UNIT ( ) NAMED_UNIT ( #4515 ) );
#1641 = VECTOR ( 'NONE', #156, 39.37007874015748100 ) ;
#1642 =( LENGTH_UNIT ( ) NAMED_UNIT ( * ) SI_UNIT ( $, .METRE. ) );
#1643 = CARTESIAN_POINT ( 'NONE',  ( -1.103287516348582200, -0.3315016303536154600, 0.02223988196073611200 ) ) ;
#1644 = CONICAL_SURFACE ( 'NONE', #6117, 0.1341250670346256500, 0.6349275248870700500 ) ;
#1645 =( GEOMETRIC_REPRESENTATION_CONTEXT ( 3 ) GLOBAL_UNCERTAINTY_ASSIGNED_CONTEXT ( ( #7233 ) ) GLOBAL_UNIT_ASSIGNED_CONTEXT ( ( #8627, #4607, #477 ) ) REPRESENTATION_CONTEXT ( 'NONE', 'WORKASPACE' ) );
#1646 = MECHANICAL_DESIGN_GEOMETRIC_PRESENTATION_REPRESENTATION (  '', ( #8638 ), #2102 ) ;
#1647 = EDGE_CURVE ( 'NONE', #1048, #4304, #3768, .T. ) ;
#1649 = DIRECTION ( 'NONE',  ( 1.000000000000000000, 0.0000000000000000000, 0.0000000000000000000 ) ) ;
#1648 = CARTESIAN_POINT ( 'NONE',  ( -0.3532875163485813500, -0.3315016303536155200, 0.02223988196073611200 ) ) ;
#1650 =( CONVERSION_BASED_UNIT ( 'INCH', #2944 ) LENGTH_UNIT ( ) NAMED_UNIT ( #7807 ) );
#1651 =( GEOMETRIC_REPRESENTATION_CONTEXT ( 3 ) GLOBAL_UNCERTAINTY_ASSIGNED_CONTEXT ( ( #1784 ) ) GLOBAL_UNIT_ASSIGNED_CONTEXT ( ( #1412, #6190, #2108 ) ) REPRESENTATION_CONTEXT ( 'NONE', 'WORKASPACE' ) );
#1652 = SURFACE_SIDE_STYLE ('',( #3180 ) ) ;
#1653 = FILL_AREA_STYLE ('',( #5756 ) ) ;
#1654 = CARTESIAN_POINT ( 'NONE',  ( -0.7282875163485819100, -0.3315016303536162400, -0.9627890334555905300 ) ) ;
#1655 = ORIENTED_EDGE ( 'NONE', *, *, #2039, .F. ) ;
#1656 = CARTESIAN_POINT ( 'NONE',  ( -0.7282875163485818000, -0.3315016303536155200, -1.012000000000000000 ) ) ;
#1657 = B_SPLINE_CURVE_WITH_KNOTS ( 'NONE', 3,
 ( #1564, #5677, #3660, #8366, #4330, #223, #5014, #901, #5701, #1599, #6374, #2300, #7047, #2995, #7700, #3694, #8397, #4355, #245, #5047, #936, #5725 ),
 .UNSPECIFIED., .F., .F.,
 ( 4, 2, 2, 2, 2, 2, 2, 2, 2, 2, 4 ),
 ( 0.003216895333350621800, 0.003618398217500576700, 0.004019901101650531900, 0.004421403985800486300, 0.004622155427875459200, 0.004822906869950432900, 0.005023658312025405800, 0.005224409754100378700, 0.005625912638250331300, 0.006027415522400282300, 0.006428918406550234100 ),
 .UNSPECIFIED. ) ;
#1658 = CIRCLE ( 'NONE', #3426, 0.1675602491018269300 ) ;
#1659 = EDGE_CURVE ( 'NONE', #8706, #227, #3544, .T. ) ;
#1660 = ORIENTED_EDGE ( 'NONE', *, *, #758, .T. ) ;
#1661 = DIRECTION ( 'NONE',  ( 0.0000000000000000000, -2.060206105850781500E-016, -1.000000000000000000 ) ) ;
#1662 =( GEOMETRIC_REPRESENTATION_CONTEXT ( 3 ) GLOBAL_UNCERTAINTY_ASSIGNED_CONTEXT ( ( #7991 ) ) GLOBAL_UNIT_ASSIGNED_CONTEXT ( ( #7210, #3166, #7881 ) ) REPRESENTATION_CONTEXT ( 'NONE', 'WORKASPACE' ) );
#1663 = FACE_OUTER_BOUND ( 'NONE', #8496, .T. ) ;
#1664 = CARTESIAN_POINT ( 'NONE',  ( -0.7282875163485818000, -0.3315016303536157900, -0.5249583694396620100 ) ) ;
#1665 = ADVANCED_FACE ( 'NONE', ( #6913 ), #2, .F. ) ;
#1666 = LINE ( 'NONE', #1809, #3495 ) ;
#1667 = DIRECTION ( 'NONE',  ( 0.0000000000000000000, 1.000000000000000000, 4.377961528377805600E-016 ) ) ;
#1668 = UNCERTAINTY_MEASURE_WITH_UNIT (LENGTH_MEASURE( 1.000000000000000100E-005 ), #7358, 'distance_accuracy_value', 'NONE');
#1669 = EDGE_LOOP ( 'NONE', ( #639, #1926, #2540, #1295, #968, #1581 ) ) ;
#1670 = SURFACE_STYLE_USAGE ( .BOTH. , #5773 ) ;
#1671 = VERTEX_POINT ( 'NONE', #4810 ) ;
#1672 = VERTEX_POINT ( 'NONE', #6852 ) ;
#1673 = CIRCLE ( 'NONE', #416, 0.02999999999999995400 ) ;
#1674 = VECTOR ( 'NONE', #4552, 39.37007874015748100 ) ;
#1675 = ORIENTED_EDGE ( 'NONE', *, *, #2796, .F. ) ;
#1676 =( NAMED_UNIT ( * ) PLANE_ANGLE_UNIT ( ) SI_UNIT ( $, .RADIAN. ) );
#1677 = MECHANICAL_DESIGN_GEOMETRIC_PRESENTATION_REPRESENTATION (  '', ( #736 ), #2145 ) ;
#1678 = ORIENTED_EDGE ( 'NONE', *, *, #1631, .T. ) ;
#1679 = FACE_OUTER_BOUND ( 'NONE', #3750, .T. ) ;
#1680 = ORIENTED_EDGE ( 'NONE', *, *, #1064, .T. ) ;
#1681 = LENGTH_MEASURE_WITH_UNIT ( LENGTH_MEASURE( 0.02539999999999999900 ), #994 );
#1683 = SURFACE_SIDE_STYLE ('',( #4118 ) ) ;
#1682 = CIRCLE ( 'NONE', #2201, 0.2149999999999997500 ) ;
#1684 = PRESENTATION_LAYER_ASSIGNMENT (  '', '', ( #300 ) ) ;
#1685 = MECHANICAL_DESIGN_GEOMETRIC_PRESENTATION_REPRESENTATION (  '', ( #742 ), #2152 ) ;
#1686 = DIRECTION ( 'NONE',  ( 1.000000000000000000, 0.0000000000000000000, 4.811513434270445100E-032 ) ) ;
#1687 = ORIENTED_EDGE ( 'NONE', *, *, #7903, .T. ) ;
#1688 = SURFACE_SIDE_STYLE ('',( #6051 ) ) ;
#1689 = EDGE_CURVE ( 'NONE', #8286, #7126, #6079, .T. ) ;
#1690 = ORIENTED_EDGE ( 'NONE', *, *, #316, .F. ) ;
#1691 = SURFACE_STYLE_FILL_AREA ( #3529 ) ;
#1692 = ORIENTED_EDGE ( 'NONE', *, *, #6628, .T. ) ;
#1693 = ORIENTED_EDGE ( 'NONE', *, *, #228, .F. ) ;
#1694 = CYLINDRICAL_SURFACE ( 'NONE', #2913, 0.2750000000000003600 ) ;
#1695 = DIRECTION ( 'NONE',  ( 0.7071067811865466800, 8.659560562354923000E-017, -0.7071067811865483500 ) ) ;
#1696 = PRESENTATION_STYLE_ASSIGNMENT (( #5607 ) ) ;
#1697 =( NAMED_UNIT ( * ) PLANE_ANGLE_UNIT ( ) SI_UNIT ( $, .RADIAN. ) );
#1698 = AXIS2_PLACEMENT_3D ( 'NONE', #2666, #1970, #1997 ) ;
#1699 = SURFACE_SIDE_STYLE ('',( #2484 ) ) ;
#1700 = AXIS2_PLACEMENT_3D ( 'NONE', #8212, #4173, #59 ) ;
#1701 = AXIS2_PLACEMENT_3D ( 'NONE', #8123, #4082, #8797 ) ;
#1702 = VECTOR ( 'NONE', #197, 39.37007874015748100 ) ;
#1703 = EDGE_CURVE ( 'NONE', #603, #5632, #4279, .T. ) ;
#1704 =( NAMED_UNIT ( * ) SI_UNIT ( $, .STERADIAN. ) SOLID_ANGLE_UNIT ( ) );
#1705 = CARTESIAN_POINT ( 'NONE',  ( -0.2684280269390437700, -0.5970016303536150900, 0.2849999999999986400 ) ) ;
#1706 = VERTEX_POINT ( 'NONE', #8215 ) ;
#1707 = CIRCLE ( 'NONE', #301, 0.08600000000000011800 ) ;
#1708 = AXIS2_PLACEMENT_3D ( 'NONE', #5513, #1416, #6193 ) ;
#1709 = SURFACE_STYLE_FILL_AREA ( #2789 ) ;
#1711 = DIRECTION ( 'NONE',  ( 0.0000000000000000000, -1.000000000000000000, -0.0000000000000000000 ) ) ;
#1710 = DIRECTION ( 'NONE',  ( 0.0000000000000000000, -0.0000000000000000000, 1.000000000000000000 ) ) ;
#1712 = PLANE ( 'NONE',  #131 ) ;
#1713 = STYLED_ITEM ( 'NONE', ( #6178 ), #7025 ) ;
#1714 = VERTEX_POINT ( 'NONE', #5549 ) ;
#1715 = SURFACE_STYLE_FILL_AREA ( #3006 ) ;
#1716 = CIRCLE ( 'NONE', #1739, 0.1559999999975166800 ) ;
#1717 = ADVANCED_FACE ( 'NONE', ( #620 ), #7026, .T. ) ;
#1718 = ORIENTED_EDGE ( 'NONE', *, *, #4550, .T. ) ;
#1719 = FILL_AREA_STYLE_COLOUR ( '', #1782 ) ;
#1720 = CARTESIAN_POINT ( 'NONE',  ( -0.7182820955463802300, -0.3774242996420063000, -1.259000000000018500 ) ) ;
#1721 = FILL_AREA_STYLE_COLOUR ( '', #6099 ) ;
#1722 = CARTESIAN_POINT ( 'NONE',  ( -0.6561312028632940700, -0.3241023516423280300, -1.546958369270722100 ) ) ;
#1723 = PRESENTATION_STYLE_ASSIGNMENT (( #7946 ) ) ;
#1724 = AXIS2_PLACEMENT_3D ( 'NONE', #1112, #5902, #1845 ) ;
#1725 = CIRCLE ( 'NONE', #5414, 0.04700000000000006900 ) ;
#1726 = VERTEX_POINT ( 'NONE', #2873 ) ;
#1727 = PRESENTATION_STYLE_ASSIGNMENT (( #1514 ) ) ;
#1728 =( NAMED_UNIT ( * ) SI_UNIT ( $, .STERADIAN. ) SOLID_ANGLE_UNIT ( ) );
#1729 =( LENGTH_UNIT ( ) NAMED_UNIT ( * ) SI_UNIT ( $, .METRE. ) );
#1730 = FACE_BOUND ( 'NONE', #6323, .T. ) ;
#1731 = CARTESIAN_POINT ( 'NONE',  ( -0.8509939032525472000, -0.3315016303536152400, -1.216958369439662000 ) ) ;
#1732 = CARTESIAN_POINT ( 'NONE',  ( -0.7282875163485816900, -0.4240016303536153200, -1.526958369439661800 ) ) ;
#1733 = ORIENTED_EDGE ( 'NONE', *, *, #1195, .F. ) ;
#1734 = CIRCLE ( 'NONE', #2576, 0.1634999999995992700 ) ;
#1735 = ADVANCED_FACE ( 'NONE', ( #7859 ), #1384, .T. ) ;
#1736 = DIRECTION ( 'NONE',  ( 0.0000000000000000000, 0.0000000000000000000, 1.000000000000000000 ) ) ;
#1737 = AXIS2_PLACEMENT_3D ( 'NONE', #4273, #8312, #7684 ) ;
#1738 = CYLINDRICAL_SURFACE ( 'NONE', #4912, 0.2475000000000015200 ) ;
#1739 = AXIS2_PLACEMENT_3D ( 'NONE', #7713, #3706, #8409 ) ;
#1740 = EDGE_LOOP ( 'NONE', ( #2005, #4235, #1248, #4379 ) ) ;
#1741 = DIRECTION ( 'NONE',  ( 0.0000000000000000000, 0.0000000000000000000, -1.000000000000000000 ) ) ;
#1742 = DIRECTION ( 'NONE',  ( -9.711944615174957000E-017, 7.459504271329836200E-017, 1.000000000000000000 ) ) ;
#1743 = LENGTH_MEASURE_WITH_UNIT ( LENGTH_MEASURE( 0.02539999999999999900 ), #4026 );
#1744 = CARTESIAN_POINT ( 'NONE',  ( -0.7087932312470413000, -0.3742681224751326400, -1.599000000000018600 ) ) ;
#1745 = DIRECTION ( 'NONE',  ( -2.465190328815661900E-032, 1.224606353822379700E-016, -1.000000000000000000 ) ) ;
#1746 = LINE ( 'NONE', #4349, #6956 ) ;
#1747 = AXIS2_PLACEMENT_3D ( 'NONE', #1178, #5960, #1879 ) ;
#1748 = CARTESIAN_POINT ( 'NONE',  ( -0.7282875203951045800, -0.2589999864697574700, -1.546958369372103400 ) ) ;
#1749 = CYLINDRICAL_SURFACE ( 'NONE', #3245, 0.1526804222532867900 ) ;
#1750 = AXIS2_PLACEMENT_3D ( 'NONE', #136, #4203, #4937 ) ;
#1751 = PRESENTATION_LAYER_ASSIGNMENT (  '', '', ( #1282 ) ) ;
#1752 = STYLED_ITEM ( 'NONE', ( #8760 ), #5571 ) ;
#1753 = DIRECTION ( 'NONE',  ( 9.726753936418404900E-033, 1.224606353822377300E-016, 1.000000000000000000 ) ) ;
#1754 = FACE_OUTER_BOUND ( 'NONE', #7107, .T. ) ;
#1755 = DIRECTION ( 'NONE',  ( 1.923836615256525400E-016, -5.771509845769573100E-016, -1.000000000000000000 ) ) ;
#1756 = SURFACE_STYLE_FILL_AREA ( #6762 ) ;
#1757 = DIRECTION ( 'NONE',  ( -9.711944615174957000E-017, 7.459504271329836200E-017, 1.000000000000000000 ) ) ;
#1758 = DIMENSIONAL_EXPONENTS ( 1.000000000000000000, 0.0000000000000000000, 0.0000000000000000000, 0.0000000000000000000, 0.0000000000000000000, 0.0000000000000000000, 0.0000000000000000000 ) ;
#1759 = CARTESIAN_POINT ( 'NONE',  ( -0.3532875163485818000, -0.3315016303536155200, -0.4702450015220069900 ) ) ;
#1760 = CARTESIAN_POINT ( 'NONE',  ( -0.5507294700033579200, -0.2833866571350499000, -1.575123613398295500 ) ) ;
#1761 = DIRECTION ( 'NONE',  ( -1.000000000000000000, 0.0000000000000000000, 0.0000000000000000000 ) ) ;
#1762 = CARTESIAN_POINT ( 'NONE',  ( -0.7282875163485818000, -0.6065016303536160400, 0.1249999999999987000 ) ) ;
#1763 = MECHANICAL_DESIGN_GEOMETRIC_PRESENTATION_REPRESENTATION (  '', ( #829 ), #2238 ) ;
#1765 = DIRECTION ( 'NONE',  ( -1.000000000000000000, 0.0000000000000000000, 5.389556073798631000E-015 ) ) ;
#1764 =( LENGTH_UNIT ( ) NAMED_UNIT ( * ) SI_UNIT ( $, .METRE. ) );
#1766 = SURFACE_SIDE_STYLE ('',( #5642 ) ) ;
#1767 = VERTEX_POINT ( 'NONE', #7591 ) ;
#1768 = DIMENSIONAL_EXPONENTS ( 1.000000000000000000, 0.0000000000000000000, 0.0000000000000000000, 0.0000000000000000000, 0.0000000000000000000, 0.0000000000000000000, 0.0000000000000000000 ) ;
#1769 = UNCERTAINTY_MEASURE_WITH_UNIT (LENGTH_MEASURE( 1.000000000000000100E-005 ), #2229, 'distance_accuracy_value', 'NONE');
#1770 = MECHANICAL_DESIGN_GEOMETRIC_PRESENTATION_REPRESENTATION (  '', ( #841 ), #2251 ) ;
#1771 = SURFACE_SIDE_STYLE ('',( #1636 ) ) ;
#1772 = COLOUR_RGB ( '',0.5019607843137254800, 0.5019607843137254800, 0.5019607843137254800 ) ;
#1773 = DIRECTION ( 'NONE',  ( -9.726753936418404900E-033, -1.224606353822377300E-016, -1.000000000000000000 ) ) ;
#1774 =( LENGTH_UNIT ( ) NAMED_UNIT ( * ) SI_UNIT ( $, .METRE. ) );
#1775 = ADVANCED_FACE ( 'NONE', ( #4389 ), #3761, .F. ) ;
#1776 = SURFACE_STYLE_USAGE ( .BOTH. , #5879 ) ;
#1777 = ORIENTED_EDGE ( 'NONE', *, *, #8338, .F. ) ;
#1778 = LENGTH_MEASURE_WITH_UNIT ( LENGTH_MEASURE( 0.02539999999999999900 ), #142 );
#1779 = ORIENTED_EDGE ( 'NONE', *, *, #3466, .F. ) ;
#1780 = FACE_OUTER_BOUND ( 'NONE', #3932, .T. ) ;
#1781 = EDGE_CURVE ( 'NONE', #2096, #8595, #2792, .T. ) ;
#1782 = COLOUR_RGB ( '',0.5019607843137254800, 0.5019607843137254800, 0.5019607843137254800 ) ;
#1783 =( NAMED_UNIT ( * ) PLANE_ANGLE_UNIT ( ) SI_UNIT ( $, .RADIAN. ) );
#1784 = UNCERTAINTY_MEASURE_WITH_UNIT (LENGTH_MEASURE( 1.000000000000000100E-005 ), #1412, 'distance_accuracy_value', 'NONE');
#1785 = EDGE_LOOP ( 'NONE', ( #1572, #6314 ) ) ;
#1786 =( LENGTH_UNIT ( ) NAMED_UNIT ( * ) SI_UNIT ( $, .METRE. ) );
#1787 = CARTESIAN_POINT ( 'NONE',  ( -1.188147005758121600, -0.06600163035361952800, 0.2849999999999987000 ) ) ;
#1788 = ORIENTED_EDGE ( 'NONE', *, *, #5161, .T. ) ;
#1789 = STYLED_ITEM ( 'NONE', ( #6694 ), #3796 ) ;
#1790 = LINE ( 'NONE', #1323, #8781 ) ;
#1791 =( NAMED_UNIT ( * ) SI_UNIT ( $, .STERADIAN. ) SOLID_ANGLE_UNIT ( ) );
#1792 = VERTEX_POINT ( 'NONE', #8332 ) ;
#1793 = FILL_AREA_STYLE_COLOUR ( '', #2352 ) ;
#1794 = LINE ( 'NONE', #5795, #2661 ) ;
#1795 = CIRCLE ( 'NONE', #688, 0.08600000000000011800 ) ;
#1796 = CARTESIAN_POINT ( 'NONE',  ( -0.5851604478524286000, -0.2443748299833468400, -1.539000000000018100 ) ) ;
#1797 = VERTEX_POINT ( 'NONE', #4299 ) ;
#1798 =( NAMED_UNIT ( * ) PLANE_ANGLE_UNIT ( ) SI_UNIT ( $, .RADIAN. ) );
#1799 = LENGTH_MEASURE_WITH_UNIT ( LENGTH_MEASURE( 0.02539999999999999900 ), #4501 );
#1800 = ORIENTED_EDGE ( 'NONE', *, *, #4466, .F. ) ;
#1802 = SURFACE_SIDE_STYLE ('',( #5272 ) ) ;
#1801 = CARTESIAN_POINT ( 'NONE',  ( -0.7282875163485818000, -0.3315016303536159600, 0.2849999999999991400 ) ) ;
#1803 = CARTESIAN_POINT ( 'NONE',  ( -1.108287516348582100, -0.3315016303536154600, 0.02223988196073611200 ) ) ;
#1804 = EDGE_LOOP ( 'NONE', ( #5519, #3219, #2896, #692 ) ) ;
#1805 = PRESENTATION_STYLE_ASSIGNMENT (( #60 ) ) ;
#1806 = MECHANICAL_DESIGN_GEOMETRIC_PRESENTATION_REPRESENTATION (  '', ( #8780 ), #2276 ) ;
#1807 = ORIENTED_EDGE ( 'NONE', *, *, #4935, .F. ) ;
#1808 = EDGE_LOOP ( 'NONE', ( #5253, #3945, #6073, #1168 ) ) ;
#1809 = CARTESIAN_POINT ( 'NONE',  ( -0.7282875163485818000, -0.08150163035361573900, 1.168000000000000100 ) ) ;
#1810 =( GEOMETRIC_REPRESENTATION_CONTEXT ( 3 ) GLOBAL_UNCERTAINTY_ASSIGNED_CONTEXT ( ( #5076 ) ) GLOBAL_UNIT_ASSIGNED_CONTEXT ( ( #3815, #8530, #4504 ) ) REPRESENTATION_CONTEXT ( 'NONE', 'WORKASPACE' ) );
#1811 = STYLED_ITEM ( 'NONE', ( #6165 ), #7635 ) ;
#1812 = DIRECTION ( 'NONE',  ( -1.000000000000000000, 0.0000000000000000000, 1.050710766793944300E-014 ) ) ;
#1813 = EDGE_LOOP ( 'NONE', ( #4600, #3888 ) ) ;
#1814 = DIRECTION ( 'NONE',  ( -7.472189016151557300E-032, -6.165649696520689200E-033, -1.000000000000000000 ) ) ;
#1815 = EDGE_CURVE ( 'NONE', #4598, #6058, #1923, .T. ) ;
#1816 = ORIENTED_EDGE ( 'NONE', *, *, #6442, .F. ) ;
#1817 = FACE_OUTER_BOUND ( 'NONE', #7156, .T. ) ;
#1818 = CIRCLE ( 'NONE', #6963, 0.4039887411820212200 ) ;
#1819 = SURFACE_STYLE_USAGE ( .BOTH. , #5909 ) ;
#1820 = DIMENSIONAL_EXPONENTS ( 1.000000000000000000, 0.0000000000000000000, 0.0000000000000000000, 0.0000000000000000000, 0.0000000000000000000, 0.0000000000000000000, 0.0000000000000000000 ) ;
#1821 = ORIENTED_EDGE ( 'NONE', *, *, #5084, .F. ) ;
#1822 =( NAMED_UNIT ( * ) PLANE_ANGLE_UNIT ( ) SI_UNIT ( $, .RADIAN. ) );
#1823 = STYLED_ITEM ( 'NONE', ( #2489 ), #8661 ) ;
#1824 = AXIS2_PLACEMENT_3D ( 'NONE', #6454, #2384, #7124 ) ;
#1825 = EDGE_CURVE ( 'NONE', #6258, #2703, #86, .T. ) ;
#1826 = ADVANCED_FACE ( 'NONE', ( #6906 ), #6292, .T. ) ;
#1827 = SURFACE_STYLE_FILL_AREA ( #8078 ) ;
#1828 = DIRECTION ( 'NONE',  ( 5.389556073798634900E-015, 1.412857278674264800E-015, 1.000000000000000000 ) ) ;
#1829 = CARTESIAN_POINT ( 'NONE',  ( -0.8976395220563402300, -0.4011545579629412500, -1.574385194178753900 ) ) ;
#1830 = DIRECTION ( 'NONE',  ( -1.000000000000000000, 0.0000000000000000000, 0.0000000000000000000 ) ) ;
#1831 = SURFACE_STYLE_FILL_AREA ( #7361 ) ;
#1832 = CIRCLE ( 'NONE', #7188, 0.3230726718553440000 ) ;
#1833 = STYLED_ITEM ( 'NONE', ( #5967 ), #1961 ) ;
#1834 = ORIENTED_EDGE ( 'NONE', *, *, #3847, .F. ) ;
#1835 = DIRECTION ( 'NONE',  ( -9.726753936418404900E-033, -1.224606353822377300E-016, -1.000000000000000000 ) ) ;
#1836 = DIRECTION ( 'NONE',  ( -0.0000000000000000000, 0.0000000000000000000, 1.000000000000000000 ) ) ;
#1837 = PRESENTATION_STYLE_ASSIGNMENT (( #404 ) ) ;
#1838 = VECTOR ( 'NONE', #5180, 39.37007874015748100 ) ;
#1839 = SURFACE_STYLE_USAGE ( .BOTH. , #5921 ) ;
#1840 = CIRCLE ( 'NONE', #6929, 0.1890000000000007800 ) ;
#1841 = FILL_AREA_STYLE ('',( #8598 ) ) ;
#1842 = EDGE_CURVE ( 'NONE', #6378, #7826, #2676, .T. ) ;
#1843 = ORIENTED_EDGE ( 'NONE', *, *, #3007, .F. ) ;
#1844 = SURFACE_STYLE_USAGE ( .BOTH. , #5925 ) ;
#1845 = DIRECTION ( 'NONE',  ( -1.000000000000000000, 0.0000000000000000000, 0.0000000000000000000 ) ) ;
#1846 =( NAMED_UNIT ( * ) SI_UNIT ( $, .STERADIAN. ) SOLID_ANGLE_UNIT ( ) );
#1847 =( GEOMETRIC_REPRESENTATION_CONTEXT ( 3 ) GLOBAL_UNCERTAINTY_ASSIGNED_CONTEXT ( ( #3931 ) ) GLOBAL_UNIT_ASSIGNED_CONTEXT ( ( #6238, #2168, #6905 ) ) REPRESENTATION_CONTEXT ( 'NONE', 'WORKASPACE' ) );
#1848 = FACE_OUTER_BOUND ( 'NONE', #2647, .T. ) ;
#1849 = VECTOR ( 'NONE', #3367, 39.37007874015748100 ) ;
#1850 = CARTESIAN_POINT ( 'NONE',  ( -0.7087932312470395200, -0.3742681224751320300, -1.259000000000018500 ) ) ;
#1851 = ORIENTED_EDGE ( 'NONE', *, *, #1881, .T. ) ;
#1852 = LINE ( 'NONE', #6535, #5477 ) ;
#1853 =( CONVERSION_BASED_UNIT ( 'INCH', #6259 ) LENGTH_UNIT ( ) NAMED_UNIT ( #22 ) );
#1854 = DIRECTION ( 'NONE',  ( 0.0000000000000000000, 0.0000000000000000000, 1.000000000000000000 ) ) ;
#1855 = CARTESIAN_POINT ( 'NONE',  ( -0.3435325178705881400, -0.3315016303536154600, -0.4587867965644043000 ) ) ;
#1856 = CARTESIAN_POINT ( 'NONE',  ( -0.7897817423709723200, -0.3706621432171916000, -1.546958359758456400 ) ) ;
#1857 = COLOUR_RGB ( '',0.5019607843137254800, 0.5019607843137254800, 0.5019607843137254800 ) ;
#1858 = CONICAL_SURFACE ( 'NONE', #2278, 0.1554999999993057200, 0.8992405046020450800 ) ;
#1859 = SURFACE_SIDE_STYLE ('',( #7658 ) ) ;
#1860 = FACE_OUTER_BOUND ( 'NONE', #5442, .T. ) ;
#1861 = PRESENTATION_LAYER_ASSIGNMENT (  '', '', ( #466 ) ) ;
#1862 = CARTESIAN_POINT ( 'NONE',  ( -0.8883880557642692700, -0.4090297558867472800, -1.568940284703685300 ) ) ;
#1863 = AXIS2_PLACEMENT_3D ( 'NONE', #7654, #3628, #8331 ) ;
#1864 = AXIS2_PLACEMENT_3D ( 'NONE', #4337, #1607, #5733 ) ;
#1865 = CARTESIAN_POINT ( 'NONE',  ( -0.7282875163485818000, 0.09049836964638489900, 1.048844797839501900 ) ) ;
#1866 = FACE_OUTER_BOUND ( 'NONE', #3141, .T. ) ;
#1867 = EDGE_CURVE ( 'NONE', #4471, #1551, #4498, .T. ) ;
#1868 = COLOUR_RGB ( '',0.5019607843137254800, 0.5019607843137254800, 0.5019607843137254800 ) ;
#1869 = CARTESIAN_POINT ( 'NONE',  ( -0.8007550479916301100, -0.3284990219698559200, -1.546958369403528300 ) ) ;
#1870 = SURFACE_SIDE_STYLE ('',( #5060 ) ) ;
#1871 = DIRECTION ( 'NONE',  ( 1.923836615256525400E-016, -5.771509845769573100E-016, -1.000000000000000000 ) ) ;
#1872 = CARTESIAN_POINT ( 'NONE',  ( -0.3435325178705881400, -0.3315016303536154600, -1.025562063698267200 ) ) ;
#1873 = ADVANCED_FACE ( 'NONE', ( #7850 ), #1588, .T. ) ;
#1874 = SURFACE_SIDE_STYLE ('',( #925 ) ) ;
#1875 = COLOUR_RGB ( '',0.5019607843137254800, 0.5019607843137254800, 0.5019607843137254800 ) ;
#1876 = STYLED_ITEM ( 'NONE', ( #3555 ), #1481 ) ;
#1877 = AXIS2_PLACEMENT_3D ( 'NONE', #1801, #6562, #2497 ) ;
#1878 = MECHANICAL_DESIGN_GEOMETRIC_PRESENTATION_REPRESENTATION (  '', ( #481 ), #2343 ) ;
#1879 = DIRECTION ( 'NONE',  ( 1.000000000000000000, -8.718663809566784900E-015, -5.812442539711189900E-015 ) ) ;
#1880 = EDGE_LOOP ( 'NONE', ( #8507, #5664, #3505, #1177 ) ) ;
#1881 = EDGE_CURVE ( 'NONE', #4691, #6600, #3418, .T. ) ;
#1882 = FILL_AREA_STYLE_COLOUR ( '', #3834 ) ;
#1883 =( NAMED_UNIT ( * ) PLANE_ANGLE_UNIT ( ) SI_UNIT ( $, .RADIAN. ) );
#1884 =( CONVERSION_BASED_UNIT ( 'INCH', #1492 ) LENGTH_UNIT ( ) NAMED_UNIT ( #1983 ) );
#1885 = DIRECTION ( 'NONE',  ( 0.0000000000000000000, 0.0000000000000000000, 1.000000000000000000 ) ) ;
#1886 = ORIENTED_EDGE ( 'NONE', *, *, #7296, .F. ) ;
#1887 = SURFACE_SIDE_STYLE ('',( #3042 ) ) ;
#1888 = STYLED_ITEM ( 'NONE', ( #7137 ), #6878 ) ;
#1889 = UNCERTAINTY_MEASURE_WITH_UNIT (LENGTH_MEASURE( 1.000000000000000100E-005 ), #5884, 'distance_accuracy_value', 'NONE');
#1890 = SURFACE_STYLE_USAGE ( .BOTH. , #5973 ) ;
#1891 = CIRCLE ( 'NONE', #363, 0.3230726718553440000 ) ;
#1892 = EDGE_LOOP ( 'NONE', ( #5368, #1366 ) ) ;
#1893 = ORIENTED_EDGE ( 'NONE', *, *, #6654, .F. ) ;
#1894 = MECHANICAL_DESIGN_GEOMETRIC_PRESENTATION_REPRESENTATION (  '', ( #37 ), #2370 ) ;
#1895 = CIRCLE ( 'NONE', #3301, 0.1435000000000000400 ) ;
#1896 =( NAMED_UNIT ( * ) PLANE_ANGLE_UNIT ( ) SI_UNIT ( $, .RADIAN. ) );
#1897 = ORIENTED_EDGE ( 'NONE', *, *, #57, .F. ) ;
#1898 =( NAMED_UNIT ( * ) SI_UNIT ( $, .STERADIAN. ) SOLID_ANGLE_UNIT ( ) );
#1899 = DIRECTION ( 'NONE',  ( 0.0000000000000000000, 1.000000000000000000, 0.0000000000000000000 ) ) ;
#1900 = COLOUR_RGB ( '',0.5019607843137254800, 0.5019607843137254800, 0.5019607843137254800 ) ;
#1901 = UNCERTAINTY_MEASURE_WITH_UNIT (LENGTH_MEASURE( 1.000000000000000100E-005 ), #7929, 'distance_accuracy_value', 'NONE');
#1902 = VERTEX_POINT ( 'NONE', #6607 ) ;
#1903 = ORIENTED_EDGE ( 'NONE', *, *, #6754, .T. ) ;
#1904 = CARTESIAN_POINT ( 'NONE',  ( -0.7282875163485818000, -0.3315016303536156800, -1.435026648845783100E-015 ) ) ;
#1905 = ORIENTED_EDGE ( 'NONE', *, *, #3390, .T. ) ;
#1906 = SURFACE_STYLE_USAGE ( .BOTH. , #5994 ) ;
#1907 = FACE_OUTER_BOUND ( 'NONE', #6584, .T. ) ;
#1908 = VERTEX_POINT ( 'NONE', #4581 ) ;
#1909 = FACE_OUTER_BOUND ( 'NONE', #8, .T. ) ;
#1910 = CARTESIAN_POINT ( 'NONE',  ( -0.7282875163485818000, -0.08150163035361573900, -0.8895780908448961400 ) ) ;
#1911 = DIRECTION ( 'NONE',  ( 2.985768325466478400E-031, -6.902532920683852400E-031, -1.000000000000000000 ) ) ;
#1912 = DIMENSIONAL_EXPONENTS ( 1.000000000000000000, 0.0000000000000000000, 0.0000000000000000000, 0.0000000000000000000, 0.0000000000000000000, 0.0000000000000000000, 0.0000000000000000000 ) ;
#1913 = VERTEX_POINT ( 'NONE', #5929 ) ;
#1914 =( NAMED_UNIT ( * ) PLANE_ANGLE_UNIT ( ) SI_UNIT ( $, .RADIAN. ) );
#1915 = MECHANICAL_DESIGN_GEOMETRIC_PRESENTATION_REPRESENTATION (  '', ( #987 ), #2380 ) ;
#1916 = ORIENTED_EDGE ( 'NONE', *, *, #5682, .T. ) ;
#1917 = ADVANCED_FACE ( 'NONE', ( #7017 ), #4378, .F. ) ;
#1918 =( CONVERSION_BASED_UNIT ( 'INCH', #963 ) LENGTH_UNIT ( ) NAMED_UNIT ( #5306 ) );
#1919 = EDGE_CURVE ( 'NONE', #7510, #6084, #6170, .T. ) ;
#1920 = ORIENTED_EDGE ( 'NONE', *, *, #4592, .F. ) ;
#1921 = CARTESIAN_POINT ( 'NONE',  ( -0.7752875163485824000, -0.3315016303536165700, -0.5169583694396615600 ) ) ;
#1922 = SURFACE_STYLE_FILL_AREA ( #4936 ) ;
#1923 = LINE ( 'NONE', #6350, #5342 ) ;
#1924 = SURFACE_SIDE_STYLE ('',( #7721 ) ) ;
#1925 = AXIS2_PLACEMENT_3D ( 'NONE', #169, #854, #2394 ) ;
#1926 = ORIENTED_EDGE ( 'NONE', *, *, #4466, .T. ) ;
#1927 = CIRCLE ( 'NONE', #8668, 0.2750000000000003600 ) ;
#1928 = SURFACE_SIDE_STYLE ('',( #306 ) ) ;
#1929 = VECTOR ( 'NONE', #605, 39.37007874015748100 ) ;
#1930 = EDGE_CURVE ( 'NONE', #3868, #2703, #942, .T. ) ;
#1931 = STYLED_ITEM ( 'NONE', ( #1953 ), #1062 ) ;
#1932 = MECHANICAL_DESIGN_GEOMETRIC_PRESENTATION_REPRESENTATION (  '', ( #1003 ), #2392 ) ;
#1933 = AXIS2_PLACEMENT_3D ( 'NONE', #6686, #2630, #7363 ) ;
#1934 = APPLICATION_PROTOCOL_DEFINITION ( 'draft international standard', 'automotive_design', 1998, #2623 ) ;
#1935 = VECTOR ( 'NONE', #4756, 39.37007874015748900 ) ;
#1936 = CARTESIAN_POINT ( 'NONE',  ( -0.7282875163485818000, -0.3315016303536155200, 1.048844797839501900 ) ) ;
#1937 = ORIENTED_EDGE ( 'NONE', *, *, #6555, .F. ) ;
#1938 = LINE ( 'NONE', #5709, #8716 ) ;
#1939 = VECTOR ( 'NONE', #1541, 39.37007874015748100 ) ;
#1940 =( CONVERSION_BASED_UNIT ( 'INCH', #6141 ) LENGTH_UNIT ( ) NAMED_UNIT ( #4839 ) );
#1941 =( NAMED_UNIT ( * ) PLANE_ANGLE_UNIT ( ) SI_UNIT ( $, .RADIAN. ) );
#1942 = CIRCLE ( 'NONE', #1404, 0.04699999999999951400 ) ;
#1943 = UNCERTAINTY_MEASURE_WITH_UNIT (LENGTH_MEASURE( 1.000000000000000100E-005 ), #893, 'distance_accuracy_value', 'NONE');
#1944 = SURFACE_SIDE_STYLE ('',( #6175 ) ) ;
#1945 =( NAMED_UNIT ( * ) SI_UNIT ( $, .STERADIAN. ) SOLID_ANGLE_UNIT ( ) );
#1946 = PRESENTATION_LAYER_ASSIGNMENT (  '', '', ( #1467 ) ) ;
#1947 = EDGE_LOOP ( 'NONE', ( #4881, #5476, #6920, #5753, #4024, #2966, #8168, #8050, #1718 ) ) ;
#1948 = DIRECTION ( 'NONE',  ( 1.220408817397570400E-016, -1.013066643420215200E-017, -1.000000000000000000 ) ) ;
#1949 =( CONVERSION_BASED_UNIT ( 'INCH', #647 ) LENGTH_UNIT ( ) NAMED_UNIT ( #4648 ) );
#1950 =( LENGTH_UNIT ( ) NAMED_UNIT ( * ) SI_UNIT ( $, .METRE. ) );
#1951 = COLOUR_RGB ( '',0.5019607843137254800, 0.5019607843137254800, 0.5019607843137254800 ) ;
#1952 = STYLED_ITEM ( 'NONE', ( #7808 ), #2361 ) ;
#1953 = PRESENTATION_STYLE_ASSIGNMENT (( #4815 ) ) ;
#1954 = ORIENTED_EDGE ( 'NONE', *, *, #4959, .T. ) ;
#1955 = DIRECTION ( 'NONE',  ( 5.389556073798634900E-015, 1.412857278674264800E-015, 1.000000000000000000 ) ) ;
#1956 = CARTESIAN_POINT ( 'NONE',  ( -0.7315959760738657300, -0.3057129876160432100, -1.259000000000018500 ) ) ;
#1957 = EDGE_CURVE ( 'NONE', #1553, #227, #7962, .T. ) ;
#1958 = DIRECTION ( 'NONE',  ( 1.000000000000000000, 0.0000000000000000000, -0.0000000000000000000 ) ) ;
#1959 = PRODUCT_CONTEXT ( 'NONE', #2623, 'mechanical' ) ;
#1960 = COLOUR_RGB ( '',0.5019607843137254800, 0.5019607843137254800, 0.5019607843137254800 ) ;
#1961 = ADVANCED_FACE ( 'NONE', ( #2557 ), #3937, .T. ) ;
#1962 = ORIENTED_EDGE ( 'NONE', *, *, #8033, .F. ) ;
#1963 = AXIS2_PLACEMENT_3D ( 'NONE', #8709, #5329, #4679 ) ;
#1965 = DIRECTION ( 'NONE',  ( 7.472189016151557300E-032, 6.165649696520689200E-033, 1.000000000000000000 ) ) ;
#1964 = DIRECTION ( 'NONE',  ( 0.0000000000000000000, -1.000000000000000000, 2.054021047867864900E-016 ) ) ;
#1966 = STYLED_ITEM ( 'NONE', ( #7431 ), #3674 ) ;
#1967 = SURFACE_SIDE_STYLE ('',( #5720 ) ) ;
#1968 = FILL_AREA_STYLE_COLOUR ( '', #7311 ) ;
#1969 = CARTESIAN_POINT ( 'NONE',  ( -0.7265757701019828200, -0.4039681160577789900, -1.546958369330799800 ) ) ;
#1970 = DIRECTION ( 'NONE',  ( -7.472189016151557300E-032, -6.165649696520689200E-033, -1.000000000000000000 ) ) ;
#1971 = DIRECTION ( 'NONE',  ( 5.389556073798634900E-015, 1.412857278674264800E-015, 1.000000000000000000 ) ) ;
#1972 = DIRECTION ( 'NONE',  ( 1.000000000000000000, -1.224646799147352000E-016, 1.923836615256526200E-016 ) ) ;
#1973 = CIRCLE ( 'NONE', #8741, 0.08600000000001811800 ) ;
#1974 = MECHANICAL_DESIGN_GEOMETRIC_PRESENTATION_REPRESENTATION (  '', ( #1055 ), #2438 ) ;
#1975 = CIRCLE ( 'NONE', #7631, 0.1435000000000000400 ) ;
#1976 = DIRECTION ( 'NONE',  ( 9.726753936418404900E-033, 1.224606353822377300E-016, 1.000000000000000000 ) ) ;
#1977 = PRESENTATION_LAYER_ASSIGNMENT (  '', '', ( #1504 ) ) ;
#1978 = AXIS2_PLACEMENT_3D ( 'NONE', #6771, #2728, #7453 ) ;
#1979 =( LENGTH_UNIT ( ) NAMED_UNIT ( * ) SI_UNIT ( $, .METRE. ) );
#1980 = EDGE_CURVE ( 'NONE', #7396, #1586, #5745, .T. ) ;
#1981 =( LENGTH_UNIT ( ) NAMED_UNIT ( * ) SI_UNIT ( $, .METRE. ) );
#1982 = SURFACE_SIDE_STYLE ('',( #3121 ) ) ;
#1983 = DIMENSIONAL_EXPONENTS ( 1.000000000000000000, 0.0000000000000000000, 0.0000000000000000000, 0.0000000000000000000, 0.0000000000000000000, 0.0000000000000000000, 0.0000000000000000000 ) ;
#1984 = PRESENTATION_STYLE_ASSIGNMENT (( #5876 ) ) ;
#1985 = CARTESIAN_POINT ( 'NONE',  ( -0.7282875163485818000, -0.3315016303536155200, -0.8820000000000006700 ) ) ;
#1986 = EDGE_LOOP ( 'NONE', ( #4145, #2425, #2980, #1365, #4690, #2149 ) ) ;
#1988 = CARTESIAN_POINT ( 'NONE',  ( -0.7282875163485668100, 0.1134983696463671800, 0.2849999999999988100 ) ) ;
#1987 =( LENGTH_UNIT ( ) NAMED_UNIT ( * ) SI_UNIT ( $, .METRE. ) );
#1989 = PRESENTATION_LAYER_ASSIGNMENT (  '', '', ( #1516 ) ) ;
#1990 = PRESENTATION_LAYER_ASSIGNMENT (  '', '', ( #2459 ) ) ;
#1991 = VERTEX_POINT ( 'NONE', #3982 ) ;
#1992 = EDGE_CURVE ( 'NONE', #2861, #3826, #2106, .T. ) ;
#1993 = DIMENSIONAL_EXPONENTS ( 1.000000000000000000, 0.0000000000000000000, 0.0000000000000000000, 0.0000000000000000000, 0.0000000000000000000, 0.0000000000000000000, 0.0000000000000000000 ) ;
#1995 = CARTESIAN_POINT ( 'NONE',  ( -0.6562800644567206000, -0.3397370786982446000, -1.546958369141418800 ) ) ;
#1994 = CARTESIAN_POINT ( 'NONE',  ( -0.7807875163485817900, -0.3315016303536157900, -0.5249583694396620100 ) ) ;
#1996 = EDGE_LOOP ( 'NONE', ( #4489, #7359, #5231, #2217 ) ) ;
#1997 = DIRECTION ( 'NONE',  ( -1.000000000000000000, 0.0000000000000000000, 0.0000000000000000000 ) ) ;
#1998 = ORIENTED_EDGE ( 'NONE', *, *, #8338, .T. ) ;
#1999 = FACE_OUTER_BOUND ( 'NONE', #2893, .T. ) ;
#2000 = PRESENTATION_LAYER_ASSIGNMENT (  '', '', ( #1526 ) ) ;
#2001 = CIRCLE ( 'NONE', #3326, 0.08600000000000011800 ) ;
#2002 = ADVANCED_FACE ( 'NONE', ( #2337 ), #8256, .T. ) ;
#2003 = EDGE_LOOP ( 'NONE', ( #7415, #3351 ) ) ;
#2004 =( NAMED_UNIT ( * ) SI_UNIT ( $, .STERADIAN. ) SOLID_ANGLE_UNIT ( ) );
#2005 = ORIENTED_EDGE ( 'NONE', *, *, #6359, .T. ) ;
#2006 = LENGTH_MEASURE_WITH_UNIT ( LENGTH_MEASURE( 0.02539999999999999900 ), #2389 );
#2007 =( NAMED_UNIT ( * ) PLANE_ANGLE_UNIT ( ) SI_UNIT ( $, .RADIAN. ) );
#2008 = CIRCLE ( 'NONE', #6187, 0.3749999999999999400 ) ;
#2009 = ORIENTED_EDGE ( 'NONE', *, *, #686, .F. ) ;
#2010 = COLOUR_RGB ( '',0.5019607843137254800, 0.5019607843137254800, 0.5019607843137254800 ) ;
#2011 = EDGE_CURVE ( 'NONE', #5027, #2207, #3082, .T. ) ;
#2012 = DIRECTION ( 'NONE',  ( -1.774952849390946600E-032, 1.224606353822380000E-016, -1.000000000000000000 ) ) ;
#2013 = FACE_BOUND ( 'NONE', #7736, .T. ) ;
#2014 = ORIENTED_EDGE ( 'NONE', *, *, #2415, .F. ) ;
#2015 = ORIENTED_EDGE ( 'NONE', *, *, #849, .F. ) ;
#2016 = MECHANICAL_DESIGN_GEOMETRIC_PRESENTATION_REPRESENTATION (  '', ( #1093 ), #2483 ) ;
#2017 = DIRECTION ( 'NONE',  ( -0.0000000000000000000, -0.0000000000000000000, 1.000000000000000000 ) ) ;
#2018 = DIRECTION ( 'NONE',  ( 0.0000000000000000000, -1.000000000000000000, 9.485583311334238700E-017 ) ) ;
#2019 = VERTEX_POINT ( 'NONE', #7413 ) ;
#2020 = DIMENSIONAL_EXPONENTS ( 1.000000000000000000, 0.0000000000000000000, 0.0000000000000000000, 0.0000000000000000000, 0.0000000000000000000, 0.0000000000000000000, 0.0000000000000000000 ) ;
#2021 = ORIENTED_EDGE ( 'NONE', *, *, #691, .F. ) ;
#2022 = VECTOR ( 'NONE', #8840, 39.37007874015748100 ) ;
#2023 =( CONVERSION_BASED_UNIT ( 'INCH', #5493 ) LENGTH_UNIT ( ) NAMED_UNIT ( #3138 ) );
#2024 = ORIENTED_EDGE ( 'NONE', *, *, #5121, .F. ) ;
#2025 = EDGE_LOOP ( 'NONE', ( #5413, #2601, #438, #8107, #8458 ) ) ;
#2026 =( LENGTH_UNIT ( ) NAMED_UNIT ( * ) SI_UNIT ( $, .METRE. ) );
#2027 = ORIENTED_EDGE ( 'NONE', *, *, #1147, .F. ) ;
#2028 = CARTESIAN_POINT ( 'NONE',  ( -0.7282875163485818000, -0.07900163035361543200, -0.9669999999999999700 ) ) ;
#2030 = CARTESIAN_POINT ( 'NONE',  ( -0.7282875163485816900, 0.3334983696463850200, 0.02999999999999864200 ) ) ;
#2029 =( LENGTH_UNIT ( ) NAMED_UNIT ( * ) SI_UNIT ( $, .METRE. ) );
#2031 = VERTEX_POINT ( 'NONE', #2696 ) ;
#2032 = AXIS2_PLACEMENT_3D ( 'NONE', #5852, #1755, #6523 ) ;
#2033 = SURFACE_SIDE_STYLE ('',( #965 ) ) ;
#2034 = PRESENTATION_STYLE_ASSIGNMENT (( #2793 ) ) ;
#2035 = DIMENSIONAL_EXPONENTS ( 1.000000000000000000, 0.0000000000000000000, 0.0000000000000000000, 0.0000000000000000000, 0.0000000000000000000, 0.0000000000000000000, 0.0000000000000000000 ) ;
#2036 = AXIS2_PLACEMENT_3D ( 'NONE', #3846, #8552, #4532 ) ;
#2037 = CIRCLE ( 'NONE', #5164, 0.1735000000000002100 ) ;
#2038 = CARTESIAN_POINT ( 'NONE',  ( -0.9932875163485821400, -0.3315016303536155200, -0.8820000000000006700 ) ) ;
#2039 = EDGE_CURVE ( 'NONE', #1135, #922, #6474, .T. ) ;
#2040 = ORIENTED_EDGE ( 'NONE', *, *, #5448, .F. ) ;
#2041 = CARTESIAN_POINT ( 'NONE',  ( -0.7282875163485818000, -0.3315016303536155200, -0.4702450015220069900 ) ) ;
#2042 = DIRECTION ( 'NONE',  ( 0.0000000000000000000, 0.0000000000000000000, -1.000000000000000000 ) ) ;
#2043 = CARTESIAN_POINT ( 'NONE',  ( -0.9757875163485927300, -0.3315016303536180700, -1.267000000000018100 ) ) ;
#2044 = DIRECTION ( 'NONE',  ( 1.000000000000000000, 0.0000000000000000000, 0.0000000000000000000 ) ) ;
#2045 = LINE ( 'NONE', #4962, #7253 ) ;
#2046 = AXIS2_PLACEMENT_3D ( 'NONE', #1664, #3673, #6448 ) ;
#2047 = EDGE_LOOP ( 'NONE', ( #4406, #5441, #4802, #7552 ) ) ;
#2048 = MECHANICAL_DESIGN_GEOMETRIC_PRESENTATION_REPRESENTATION (  '', ( #1117 ), #2509 ) ;
#2049 =( GEOMETRIC_REPRESENTATION_CONTEXT ( 3 ) GLOBAL_UNCERTAINTY_ASSIGNED_CONTEXT ( ( #5339 ) ) GLOBAL_UNIT_ASSIGNED_CONTEXT ( ( #5694, #1595, #6368 ) ) REPRESENTATION_CONTEXT ( 'NONE', 'WORKASPACE' ) );
#2050 = CARTESIAN_POINT ( 'NONE',  ( -0.5897875163485900600, -0.3315016303536180700, -3.282590941438460400 ) ) ;
#2052 = CARTESIAN_POINT ( 'NONE',  ( -0.7282875163485818000, -0.3315016303536152400, -1.216958369439662000 ) ) ;
#2051 = SURFACE_STYLE_USAGE ( .BOTH. , #6122 ) ;
#2053 = UNCERTAINTY_MEASURE_WITH_UNIT (LENGTH_MEASURE( 1.000000000000000100E-005 ), #8248, 'distance_accuracy_value', 'NONE');
#2054 = DIRECTION ( 'NONE',  ( 1.224646799147353200E-016, 1.000000000000000000, 0.0000000000000000000 ) ) ;
#2055 = VERTEX_POINT ( 'NONE', #2028 ) ;
#2056 = CARTESIAN_POINT ( 'NONE',  ( -1.132276257530602900, -0.3315016303536154600, -0.9670000000000006400 ) ) ;
#2057 =( GEOMETRIC_REPRESENTATION_CONTEXT ( 3 ) GLOBAL_UNCERTAINTY_ASSIGNED_CONTEXT ( ( #2722 ) ) GLOBAL_UNIT_ASSIGNED_CONTEXT ( ( #8584, #4560, #440 ) ) REPRESENTATION_CONTEXT ( 'NONE', 'WORKASPACE' ) );
#2058 = FACE_OUTER_BOUND ( 'NONE', #8067, .T. ) ;
#2059 = UNCERTAINTY_MEASURE_WITH_UNIT (LENGTH_MEASURE( 1.000000000000000100E-005 ), #1562, 'distance_accuracy_value', 'NONE');
#2060 =( NAMED_UNIT ( * ) PLANE_ANGLE_UNIT ( ) SI_UNIT ( $, .RADIAN. ) );
#2061 = ORIENTED_EDGE ( 'NONE', *, *, #7723, .T. ) ;
#2062 = DIRECTION ( 'NONE',  ( 0.0000000000000000000, 0.0000000000000000000, -1.000000000000000000 ) ) ;
#2063 =( NAMED_UNIT ( * ) SI_UNIT ( $, .STERADIAN. ) SOLID_ANGLE_UNIT ( ) );
#2064 =( GEOMETRIC_REPRESENTATION_CONTEXT ( 3 ) GLOBAL_UNCERTAINTY_ASSIGNED_CONTEXT ( ( #3676 ) ) GLOBAL_UNIT_ASSIGNED_CONTEXT ( ( #8276, #4223, #128 ) ) REPRESENTATION_CONTEXT ( 'NONE', 'WORKASPACE' ) );
#2065 = VECTOR ( 'NONE', #1349, 39.37007874015748100 ) ;
#2066 = SURFACE_SIDE_STYLE ('',( #6775 ) ) ;
#2067 = DIRECTION ( 'NONE',  ( 1.000000000000000000, 0.0000000000000000000, 0.0000000000000000000 ) ) ;
#2068 = DIRECTION ( 'NONE',  ( 1.000000000000000000, 0.0000000000000000000, 0.0000000000000000000 ) ) ;
#2069 = EDGE_CURVE ( 'NONE', #850, #4804, #4884, .T. ) ;
#2070 = SURFACE_STYLE_USAGE ( .BOTH. , #6146 ) ;
#2072 = DIRECTION ( 'NONE',  ( 0.0000000000000000000, 0.0000000000000000000, -1.000000000000000000 ) ) ;
#2071 = CARTESIAN_POINT ( 'NONE',  ( -0.7282875163485818000, -0.3315016303536155200, -0.2971044699417552700 ) ) ;
#2073 = MECHANICAL_DESIGN_GEOMETRIC_PRESENTATION_REPRESENTATION (  '', ( #1157 ), #2538 ) ;
#2074 = FILL_AREA_STYLE_COLOUR ( '', #7187 ) ;
#2075 = CARTESIAN_POINT ( 'NONE',  ( -0.7282875163485818000, -0.9965016303536165000, 0.02999999999999890300 ) ) ;
#2077 = FILL_AREA_STYLE ('',( #673 ) ) ;
#2076 =( LENGTH_UNIT ( ) NAMED_UNIT ( * ) SI_UNIT ( $, .METRE. ) );
#2078 = COLOUR_RGB ( '',0.5019607843137254800, 0.5019607843137254800, 0.5019607843137254800 ) ;
#2079 = DIRECTION ( 'NONE',  ( -2.985768325466478400E-031, 6.902532920683853300E-031, 1.000000000000000000 ) ) ;
#2080 = CIRCLE ( 'NONE', #2190, 0.2750000000000003600 ) ;
#2081 = FILL_AREA_STYLE ('',( #6 ) ) ;
#2082 = ORIENTED_EDGE ( 'NONE', *, *, #7778, .T. ) ;
#2083 = AXIS2_PLACEMENT_3D ( 'NONE', #1456, #6233, #2160 ) ;
#2084 = LENGTH_MEASURE_WITH_UNIT ( LENGTH_MEASURE( 0.02539999999999999900 ), #5003 );
#2085 = EDGE_CURVE ( 'NONE', #2256, #8373, #2866, .T. ) ;
#2086 = AXIS2_PLACEMENT_3D ( 'NONE', #6666, #2611, #7350 ) ;
#2087 = MECHANICAL_DESIGN_GEOMETRIC_PRESENTATION_REPRESENTATION (  '', ( #1172 ), #2560 ) ;
#2088 = CARTESIAN_POINT ( 'NONE',  ( -0.5313681661388747200, -0.2264824915598553600, -1.539000000000018100 ) ) ;
#2089 = EDGE_CURVE ( 'NONE', #7218, #4158, #1233, .T. ) ;
#2090 = ORIENTED_EDGE ( 'NONE', *, *, #8109, .F. ) ;
#2091 =( NAMED_UNIT ( * ) PLANE_ANGLE_UNIT ( ) SI_UNIT ( $, .RADIAN. ) );
#2092 = FILL_AREA_STYLE ('',( #2772 ) ) ;
#2093 = SURFACE_STYLE_FILL_AREA ( #718 ) ;
#2094 = CYLINDRICAL_SURFACE ( 'NONE', #4142, 0.1890000000000011700 ) ;
#2095 = FILL_AREA_STYLE_COLOUR ( '', #1868 ) ;
#2096 = VERTEX_POINT ( 'NONE', #8805 ) ;
#2098 = CARTESIAN_POINT ( 'NONE',  ( -0.7282875163485818000, -0.3315016303536157900, -0.9299583694396620400 ) ) ;
#2097 =( LENGTH_UNIT ( ) NAMED_UNIT ( * ) SI_UNIT ( $, .METRE. ) );
#2099 = EDGE_LOOP ( 'NONE', ( #2169, #4990 ) ) ;
#2100 = CIRCLE ( 'NONE', #1057, 0.1434999999999999900 ) ;
#2101 = AXIS2_PLACEMENT_3D ( 'NONE', #2526, #7250, #1174 ) ;
#2102 =( GEOMETRIC_REPRESENTATION_CONTEXT ( 3 ) GLOBAL_UNCERTAINTY_ASSIGNED_CONTEXT ( ( #818 ) ) GLOBAL_UNIT_ASSIGNED_CONTEXT ( ( #6737, #2682, #7399 ) ) REPRESENTATION_CONTEXT ( 'NONE', 'WORKASPACE' ) );
#2103 = ORIENTED_EDGE ( 'NONE', *, *, #7087, .T. ) ;
#2104 = DIRECTION ( 'NONE',  ( 1.923836615256525400E-016, -5.771509845769573100E-016, -1.000000000000000000 ) ) ;
#2106 = LINE ( 'NONE', #563, #277 ) ;
#2105 = LENGTH_MEASURE_WITH_UNIT ( LENGTH_MEASURE( 0.02539999999999999900 ), #1786 );
#2107 = EDGE_CURVE ( 'NONE', #5027, #269, #6260, .T. ) ;
#2108 =( NAMED_UNIT ( * ) SI_UNIT ( $, .STERADIAN. ) SOLID_ANGLE_UNIT ( ) );
#2109 = EDGE_LOOP ( 'NONE', ( #8505, #4252, #2977, #1446 ) ) ;
#2111 = CARTESIAN_POINT ( 'NONE',  ( -0.2684280269390437700, -0.5110016303536149000, 0.2849999999999986400 ) ) ;
#2110 = DIRECTION ( 'NONE',  ( 0.0000000000000000000, 0.0000000000000000000, 1.000000000000000000 ) ) ;
#2112 = CARTESIAN_POINT ( 'NONE',  ( -0.7282875163485728100, -0.3315016303536133500, 1.478999999999976800 ) ) ;
#2113 = DIMENSIONAL_EXPONENTS ( 1.000000000000000000, 0.0000000000000000000, 0.0000000000000000000, 0.0000000000000000000, 0.0000000000000000000, 0.0000000000000000000, 0.0000000000000000000 ) ;
#2114 = LENGTH_MEASURE_WITH_UNIT ( LENGTH_MEASURE( 0.02539999999999999900 ), #903 );
#2115 = PRESENTATION_LAYER_ASSIGNMENT (  '', '', ( #2584 ) ) ;
#2116 = SURFACE_STYLE_FILL_AREA ( #5357 ) ;
#2117 = ORIENTED_EDGE ( 'NONE', *, *, #1520, .F. ) ;
#2118 = FACE_OUTER_BOUND ( 'NONE', #3508, .T. ) ;
#2119 = CARTESIAN_POINT ( 'NONE',  ( -0.8682875163485817000, -0.3315016303536162400, -0.5249583694396620100 ) ) ;
#2120 = ORIENTED_EDGE ( 'NONE', *, *, #4270, .T. ) ;
#2121 = DIRECTION ( 'NONE',  ( 0.0000000000000000000, 1.000000000000000000, 0.0000000000000000000 ) ) ;
#2122 = ORIENTED_EDGE ( 'NONE', *, *, #555, .T. ) ;
#2123 = CARTESIAN_POINT ( 'NONE',  ( -0.7282875163485882400, -0.3315016303536172900, -1.599000000000018600 ) ) ;
#2124 = EDGE_CURVE ( 'NONE', #648, #5433, #8047, .T. ) ;
#2125 = COLOUR_RGB ( '',0.5019607843137254800, 0.5019607843137254800, 0.5019607843137254800 ) ;
#2126 =( CONVERSION_BASED_UNIT ( 'INCH', #7090 ) LENGTH_UNIT ( ) NAMED_UNIT ( #5593 ) );
#2127 = ORIENTED_EDGE ( 'NONE', *, *, #7569, .F. ) ;
#2128 = FILL_AREA_STYLE_COLOUR ( '', #7507 ) ;
#2129 = DIMENSIONAL_EXPONENTS ( 1.000000000000000000, 0.0000000000000000000, 0.0000000000000000000, 0.0000000000000000000, 0.0000000000000000000, 0.0000000000000000000, 0.0000000000000000000 ) ;
#2130 = ORIENTED_EDGE ( 'NONE', *, *, #1175, .F. ) ;
#2131 = DIRECTION ( 'NONE',  ( 2.985768325466478400E-031, -6.902532920683853300E-031, -1.000000000000000000 ) ) ;
#2132 = EDGE_LOOP ( 'NONE', ( #4359, #5555, #1834, #8614, #8779, #5120 ) ) ;
#2133 = PRESENTATION_LAYER_ASSIGNMENT (  '', '', ( #8321 ) ) ;
#2134 =( NAMED_UNIT ( * ) SI_UNIT ( $, .STERADIAN. ) SOLID_ANGLE_UNIT ( ) );
#2135 = PRESENTATION_STYLE_ASSIGNMENT (( #1461 ) ) ;
#2137 = DIRECTION ( 'NONE',  ( 1.000000000000000000, 0.0000000000000000000, -0.0000000000000000000 ) ) ;
#2136 = CARTESIAN_POINT ( 'NONE',  ( -0.7282875163485818000, -0.3315016303536155200, -0.9004020128478198400 ) ) ;
#2138 = VERTEX_POINT ( 'NONE', #4111 ) ;
#2139 = CIRCLE ( 'NONE', #1417, 0.02999999999999995400 ) ;
#2140 =( NAMED_UNIT ( * ) PLANE_ANGLE_UNIT ( ) SI_UNIT ( $, .RADIAN. ) );
#2141 =( CONVERSION_BASED_UNIT ( 'INCH', #8360 ) LENGTH_UNIT ( ) NAMED_UNIT ( #6832 ) );
#2142 = FACE_OUTER_BOUND ( 'NONE', #4394, .T. ) ;
#2144 = DIRECTION ( 'NONE',  ( 0.0000000000000000000, -1.000000000000000000, 1.091198681679803100E-016 ) ) ;
#2143 =( NAMED_UNIT ( * ) PLANE_ANGLE_UNIT ( ) SI_UNIT ( $, .RADIAN. ) );
#2145 =( GEOMETRIC_REPRESENTATION_CONTEXT ( 3 ) GLOBAL_UNCERTAINTY_ASSIGNED_CONTEXT ( ( #4788 ) ) GLOBAL_UNIT_ASSIGNED_CONTEXT ( ( #2318, #7069, #3019 ) ) REPRESENTATION_CONTEXT ( 'NONE', 'WORKASPACE' ) );
#2146 = FILL_AREA_STYLE_COLOUR ( '', #1469 ) ;
#2147 = DIRECTION ( 'NONE',  ( 1.923836615256525400E-016, -5.771509845769573100E-016, -1.000000000000000000 ) ) ;
#2148 = ORIENTED_EDGE ( 'NONE', *, *, #4380, .T. ) ;
#2149 = ORIENTED_EDGE ( 'NONE', *, *, #7707, .F. ) ;
#2150 = DIRECTION ( 'NONE',  ( 1.000000000000000000, 0.0000000000000000000, 0.0000000000000000000 ) ) ;
#2151 = MECHANICAL_DESIGN_GEOMETRIC_PRESENTATION_REPRESENTATION (  '', ( #300 ), #2615 ) ;
#2152 =( GEOMETRIC_REPRESENTATION_CONTEXT ( 3 ) GLOBAL_UNCERTAINTY_ASSIGNED_CONTEXT ( ( #7066 ) ) GLOBAL_UNIT_ASSIGNED_CONTEXT ( ( #4555, #433, #5222 ) ) REPRESENTATION_CONTEXT ( 'NONE', 'WORKASPACE' ) );
#2153 = DIMENSIONAL_EXPONENTS ( 1.000000000000000000, 0.0000000000000000000, 0.0000000000000000000, 0.0000000000000000000, 0.0000000000000000000, 0.0000000000000000000, 0.0000000000000000000 ) ;
#2154 = DIRECTION ( 'NONE',  ( 0.0000000000000000000, -0.0000000000000000000, 1.000000000000000000 ) ) ;
#2155 = LINE ( 'NONE', #4585, #3778 ) ;
#2156 = EDGE_CURVE ( 'NONE', #1348, #6084, #2651, .T. ) ;
#2157 = CARTESIAN_POINT ( 'NONE',  ( -0.7282875163485818000, 0.04349836964638489900, -0.5050000000000006700 ) ) ;
#2158 = ORIENTED_EDGE ( 'NONE', *, *, #3724, .F. ) ;
#2159 = LENGTH_MEASURE_WITH_UNIT ( LENGTH_MEASURE( 0.02539999999999999900 ), #6265 );
#2160 = DIRECTION ( 'NONE',  ( 0.0000000000000000000, -1.000000000000000000, 0.0000000000000000000 ) ) ;
#2161 = DIRECTION ( 'NONE',  ( 0.0000000000000000000, 1.000000000000000000, 0.0000000000000000000 ) ) ;
#2162 =( CONVERSION_BASED_UNIT ( 'INCH', #87 ) LENGTH_UNIT ( ) NAMED_UNIT ( #8063 ) );
#2163 = DIMENSIONAL_EXPONENTS ( 1.000000000000000000, 0.0000000000000000000, 0.0000000000000000000, 0.0000000000000000000, 0.0000000000000000000, 0.0000000000000000000, 0.0000000000000000000 ) ;
#2164 = UNCERTAINTY_MEASURE_WITH_UNIT (LENGTH_MEASURE( 1.000000000000000100E-005 ), #2525, 'distance_accuracy_value', 'NONE');
#2165 = PRESENTATION_LAYER_ASSIGNMENT (  '', '', ( #754 ) ) ;
#2166 = AXIS2_PLACEMENT_3D ( 'NONE', #4112, #655, #8183 ) ;
#2167 = STYLED_ITEM ( 'NONE', ( #1420 ), #5904 ) ;
#2168 =( NAMED_UNIT ( * ) PLANE_ANGLE_UNIT ( ) SI_UNIT ( $, .RADIAN. ) );
#2169 = ORIENTED_EDGE ( 'NONE', *, *, #2716, .F. ) ;
#2170 = EDGE_CURVE ( 'NONE', #7224, #2868, #6677, .T. ) ;
#2172 = CARTESIAN_POINT ( 'NONE',  ( -0.7282875163485882400, -0.3315016303536172900, -1.599000000000018600 ) ) ;
#2171 = DIRECTION ( 'NONE',  ( -0.0000000000000000000, -0.0000000000000000000, 1.000000000000000000 ) ) ;
#2173 = DIRECTION ( 'NONE',  ( 7.472189016151557300E-032, 6.165649696520689200E-033, 1.000000000000000000 ) ) ;
#2174 = AXIS2_PLACEMENT_3D ( 'NONE', #6224, #2147, #6885 ) ;
#2175 = ADVANCED_FACE ( 'NONE', ( #2433 ), #3396, .F. ) ;
#2176 = UNCERTAINTY_MEASURE_WITH_UNIT (LENGTH_MEASURE( 1.000000000000000100E-005 ), #285, 'distance_accuracy_value', 'NONE');
#2177 = FILL_AREA_STYLE_COLOUR ( '', #912 ) ;
#2178 = ORIENTED_EDGE ( 'NONE', *, *, #4302, .T. ) ;
#2179 = FACE_OUTER_BOUND ( 'NONE', #2025, .T. ) ;
#2180 = DIRECTION ( 'NONE',  ( 7.472189016151557300E-032, 6.165649696520689200E-033, 1.000000000000000000 ) ) ;
#2182 = DIRECTION ( 'NONE',  ( 1.220408817397570400E-016, -1.013066643420215200E-017, -1.000000000000000000 ) ) ;
#2181 = DIRECTION ( 'NONE',  ( -1.000000000000000000, 0.0000000000000000000, 0.0000000000000000000 ) ) ;
#2183 = DIRECTION ( 'NONE',  ( -1.000000000000000000, 0.0000000000000000000, 0.0000000000000000000 ) ) ;
#2184 = DIRECTION ( 'NONE',  ( 0.9488864299340645800, 0.3156177166874279400, -1.162488507942251900E-014 ) ) ;
#2185 = PRESENTATION_LAYER_ASSIGNMENT (  '', '', ( #1713 ) ) ;
#2186 = CIRCLE ( 'NONE', #1877, 0.6350000000000002300 ) ;
#2187 = DIRECTION ( 'NONE',  ( -5.389556073798635700E-015, -1.412857278674264800E-015, -1.000000000000000000 ) ) ;
#2188 = SURFACE_SIDE_STYLE ('',( #3449 ) ) ;
#2189 = PRESENTATION_STYLE_ASSIGNMENT (( #8207 ) ) ;
#2190 = AXIS2_PLACEMENT_3D ( 'NONE', #3265, #7982, #3941 ) ;
#2191 =( NAMED_UNIT ( * ) PLANE_ANGLE_UNIT ( ) SI_UNIT ( $, .RADIAN. ) );
#2192 = CARTESIAN_POINT ( 'NONE',  ( -0.7282875163485814700, -0.3315016303536160700, -1.092152231391074500 ) ) ;
#2193 = LINE ( 'NONE', #4085, #3805 ) ;
#2194 =( CONVERSION_BASED_UNIT ( 'INCH', #2159 ) LENGTH_UNIT ( ) NAMED_UNIT ( #2535 ) );
#2195 = CARTESIAN_POINT ( 'NONE',  ( -0.7282875163485818000, -0.3315016303536155200, -0.9004020128478198400 ) ) ;
#2196 = DIRECTION ( 'NONE',  ( 0.0000000000000000000, 1.000000000000000000, 0.0000000000000000000 ) ) ;
#2197 = DIMENSIONAL_EXPONENTS ( 1.000000000000000000, 0.0000000000000000000, 0.0000000000000000000, 0.0000000000000000000, 0.0000000000000000000, 0.0000000000000000000, 0.0000000000000000000 ) ;
#2199 = DIRECTION ( 'NONE',  ( 1.000000000000000000, 0.0000000000000000000, -5.812442539711189900E-015 ) ) ;
#2198 = DIRECTION ( 'NONE',  ( 1.040372781861529200E-016, -0.8495288458565174400, -0.5275421689852795000 ) ) ;
#2200 = VECTOR ( 'NONE', #8547, 39.37007874015748100 ) ;
#2201 = AXIS2_PLACEMENT_3D ( 'NONE', #5708, #1605, #6386 ) ;
#2202 = VECTOR ( 'NONE', #8475, 39.37007874015748900 ) ;
#2203 = CYLINDRICAL_SURFACE ( 'NONE', #8407, 0.4220000000000004300 ) ;
#2204 = STYLED_ITEM ( 'NONE', ( #6922 ), #93 ) ;
#2205 = CARTESIAN_POINT ( 'NONE',  ( -0.5882875163485816700, -0.3315016303536162400, -0.6699583694396619200 ) ) ;
#2206 =( NAMED_UNIT ( * ) SI_UNIT ( $, .STERADIAN. ) SOLID_ANGLE_UNIT ( ) );
#2207 = VERTEX_POINT ( 'NONE', #8211 ) ;
#2208 = CARTESIAN_POINT ( 'NONE',  ( -0.7282875163485882400, -0.3315016303536172900, -1.599000000000018600 ) ) ;
#2209 = FACE_BOUND ( 'NONE', #4423, .T. ) ;
#2210 = LENGTH_MEASURE_WITH_UNIT ( LENGTH_MEASURE( 0.02539999999999999900 ), #8267 );
#2211 =( NAMED_UNIT ( * ) PLANE_ANGLE_UNIT ( ) SI_UNIT ( $, .RADIAN. ) );
#2212 = ORIENTED_EDGE ( 'NONE', *, *, #2565, .F. ) ;
#2213 = AXIS2_PLACEMENT_3D ( 'NONE', #1850, #6604, #2531 ) ;
#2214 = VERTEX_POINT ( 'NONE', #56 ) ;
#2215 = CIRCLE ( 'NONE', #3824, 0.1341250670370399700 ) ;
#2216 = CARTESIAN_POINT ( 'NONE',  ( -0.9017875163485913300, -0.3315016303536180700, -1.704000000000018400 ) ) ;
#2217 = ORIENTED_EDGE ( 'NONE', *, *, #5278, .F. ) ;
#2218 = DIRECTION ( 'NONE',  ( -1.000000000000000000, 0.0000000000000000000, 0.0000000000000000000 ) ) ;
#2219 = FACE_OUTER_BOUND ( 'NONE', #2803, .T. ) ;
#2220 = LINE ( 'NONE', #485, #377 ) ;
#2221 = AXIS2_PLACEMENT_3D ( 'NONE', #2257, #6982, #2943 ) ;
#2222 =( NAMED_UNIT ( * ) PLANE_ANGLE_UNIT ( ) SI_UNIT ( $, .RADIAN. ) );
#2223 = MECHANICAL_DESIGN_GEOMETRIC_PRESENTATION_REPRESENTATION (  '', ( #1282 ), #2686 ) ;
#2224 = PRESENTATION_LAYER_ASSIGNMENT (  '', '', ( #1752 ) ) ;
#2225 = ADVANCED_FACE ( 'NONE', ( #1780, #6987 ), #4138, .T. ) ;
#2226 =( CONVERSION_BASED_UNIT ( 'INCH', #3612 ) LENGTH_UNIT ( ) NAMED_UNIT ( #7606 ) );
#2227 = DIMENSIONAL_EXPONENTS ( 1.000000000000000000, 0.0000000000000000000, 0.0000000000000000000, 0.0000000000000000000, 0.0000000000000000000, 0.0000000000000000000, 0.0000000000000000000 ) ;
#2228 = ORIENTED_EDGE ( 'NONE', *, *, #5906, .T. ) ;
#2229 =( CONVERSION_BASED_UNIT ( 'INCH', #3132 ) LENGTH_UNIT ( ) NAMED_UNIT ( #7958 ) );
#2230 = DIRECTION ( 'NONE',  ( -1.000000000000000000, 0.0000000000000000000, -1.220408817397850200E-016 ) ) ;
#2231 = VERTEX_POINT ( 'NONE', #7528 ) ;
#2232 = UNCERTAINTY_MEASURE_WITH_UNIT (LENGTH_MEASURE( 1.000000000000000100E-005 ), #8277, 'distance_accuracy_value', 'NONE');
#2234 =( NAMED_UNIT ( * ) PLANE_ANGLE_UNIT ( ) SI_UNIT ( $, .RADIAN. ) );
#2233 =( NAMED_UNIT ( * ) SI_UNIT ( $, .STERADIAN. ) SOLID_ANGLE_UNIT ( ) );
#2235 = ORIENTED_EDGE ( 'NONE', *, *, #2577, .T. ) ;
#2236 = DIRECTION ( 'NONE',  ( -1.000000000000000000, 0.0000000000000000000, 0.0000000000000000000 ) ) ;
#2237 = CLOSED_SHELL ( 'NONE', ( #1961, #1717, #8343, #7635, #6064, #6500, #4660, #5985, #791, #7161, #547, #2989, #5229, #4903, #5838, #7382, #954, #5940, #2903, #5144, #2002, #1665, #1481, #4019, #6420, #5276, #1735, #505, #3144, #6232 ) ) ;
#2238 =( GEOMETRIC_REPRESENTATION_CONTEXT ( 3 ) GLOBAL_UNCERTAINTY_ASSIGNED_CONTEXT ( ( #173 ) ) GLOBAL_UNIT_ASSIGNED_CONTEXT ( ( #7687, #3678, #8381 ) ) REPRESENTATION_CONTEXT ( 'NONE', 'WORKASPACE' ) );
#2239 = SURFACE_STYLE_USAGE ( .BOTH. , #6313 ) ;
#2240 = PRESENTATION_STYLE_ASSIGNMENT (( #2909 ) ) ;
#2241 = VECTOR ( 'NONE', #7180, 39.37007874015748900 ) ;
#2242 = ORIENTED_EDGE ( 'NONE', *, *, #508, .T. ) ;
#2243 = CYLINDRICAL_SURFACE ( 'NONE', #6851, 0.3080726718553441500 ) ;
#2244 = DIRECTION ( 'NONE',  ( -9.726753936418404900E-033, -1.224606353822377300E-016, -1.000000000000000000 ) ) ;
#2245 = DIRECTION ( 'NONE',  ( 1.220408817397570400E-016, -1.013066643420215200E-017, -1.000000000000000000 ) ) ;
#2247 = FILL_AREA_STYLE ('',( #4259 ) ) ;
#2246 =( NAMED_UNIT ( * ) SI_UNIT ( $, .STERADIAN. ) SOLID_ANGLE_UNIT ( ) );
#2248 = EDGE_LOOP ( 'NONE', ( #5547, #5436, #8525, #961, #1570 ) ) ;
#2249 = DIRECTION ( 'NONE',  ( 0.0000000000000000000, 0.0000000000000000000, 1.000000000000000000 ) ) ;
#2250 = VERTEX_POINT ( 'NONE', #94 ) ;
#2251 =( GEOMETRIC_REPRESENTATION_CONTEXT ( 3 ) GLOBAL_UNCERTAINTY_ASSIGNED_CONTEXT ( ( #8363 ) ) GLOBAL_UNIT_ASSIGNED_CONTEXT ( ( #4483, #354, #5154 ) ) REPRESENTATION_CONTEXT ( 'NONE', 'WORKASPACE' ) );
#2252 = LENGTH_MEASURE_WITH_UNIT ( LENGTH_MEASURE( 0.02539999999999999900 ), #6575 );
#2253 = CARTESIAN_POINT ( 'NONE',  ( -0.7282875163485818000, -0.3315016303536156300, 0.2849999999999987500 ) ) ;
#2254 = VECTOR ( 'NONE', #3611, 39.37007874015748100 ) ;
#2255 = DIMENSIONAL_EXPONENTS ( 1.000000000000000000, 0.0000000000000000000, 0.0000000000000000000, 0.0000000000000000000, 0.0000000000000000000, 0.0000000000000000000, 0.0000000000000000000 ) ;
#2256 = VERTEX_POINT ( 'NONE', #4172 ) ;
#2257 = CARTESIAN_POINT ( 'NONE',  ( -0.7282875163485818000, -0.3315016303536159600, 0.2549999999999985100 ) ) ;
#2258 = ORIENTED_EDGE ( 'NONE', *, *, #2589, .F. ) ;
#2259 = CARTESIAN_POINT ( 'NONE',  ( -1.036360188203925900, -0.3315016303536155200, 0.1249999999999986700 ) ) ;
#2260 = VERTEX_POINT ( 'NONE', #4885 ) ;
#2261 = EDGE_CURVE ( 'NONE', #1553, #3101, #7932, .T. ) ;
#2262 = DIRECTION ( 'NONE',  ( 0.0000000000000000000, 0.0000000000000000000, -1.000000000000000000 ) ) ;
#2263 = DIRECTION ( 'NONE',  ( -1.000000000000000000, 0.0000000000000000000, 0.0000000000000000000 ) ) ;
#2264 = DIRECTION ( 'NONE',  ( 3.520422672247766200E-016, -0.0000000000000000000, 1.000000000000000000 ) ) ;
#2265 = ORIENTED_EDGE ( 'NONE', *, *, #6641, .F. ) ;
#2266 = PRESENTATION_LAYER_ASSIGNMENT (  '', '', ( #1789 ) ) ;
#2267 = CYLINDRICAL_SURFACE ( 'NONE', #3440, 0.1554999999999998900 ) ;
#2268 = CARTESIAN_POINT ( 'NONE',  ( -0.7282875163485818000, -0.9965016303536163900, 0.02999999999999880500 ) ) ;
#2269 =( NAMED_UNIT ( * ) PLANE_ANGLE_UNIT ( ) SI_UNIT ( $, .RADIAN. ) );
#2270 = CARTESIAN_POINT ( 'NONE',  ( -0.7282875163485816900, -0.3315016303536160700, -1.119005744536216900 ) ) ;
#2271 = VERTEX_POINT ( 'NONE', #1471 ) ;
#2272 = ADVANCED_FACE ( 'NONE', ( #4350 ), #3493, .F. ) ;
#2273 = DIRECTION ( 'NONE',  ( -1.000000000000000000, 0.0000000000000000000, 5.135052619669662200E-017 ) ) ;
#2274 =( NAMED_UNIT ( * ) SI_UNIT ( $, .STERADIAN. ) SOLID_ANGLE_UNIT ( ) );
#2275 = DIRECTION ( 'NONE',  ( -5.389556073798634900E-015, -1.412857278674264800E-015, -1.000000000000000000 ) ) ;
#2276 =( GEOMETRIC_REPRESENTATION_CONTEXT ( 3 ) GLOBAL_UNCERTAINTY_ASSIGNED_CONTEXT ( ( #5722 ) ) GLOBAL_UNIT_ASSIGNED_CONTEXT ( ( #6735, #2677, #7397 ) ) REPRESENTATION_CONTEXT ( 'NONE', 'WORKASPACE' ) );
#2277 = CARTESIAN_POINT ( 'NONE',  ( -0.7282875163485818000, -0.5815016303536153500, 1.168000000000000100 ) ) ;
#2278 = AXIS2_PLACEMENT_3D ( 'NONE', #5146, #8461, #5171 ) ;
#2279 = ORIENTED_EDGE ( 'NONE', *, *, #6789, .T. ) ;
#2280 = PRESENTATION_LAYER_ASSIGNMENT (  '', '', ( #1811 ) ) ;
#2281 = EDGE_CURVE ( 'NONE', #1561, #497, #5299, .T. ) ;
#2282 =( NAMED_UNIT ( * ) PLANE_ANGLE_UNIT ( ) SI_UNIT ( $, .RADIAN. ) );
#2283 = UNCERTAINTY_MEASURE_WITH_UNIT (LENGTH_MEASURE( 1.000000000000000100E-005 ), #3952, 'distance_accuracy_value', 'NONE');
#2284 =( CONVERSION_BASED_UNIT ( 'INCH', #523 ) LENGTH_UNIT ( ) NAMED_UNIT ( #8043 ) );
#2285 = FILL_AREA_STYLE_COLOUR ( '', #4291 ) ;
#2286 = DIRECTION ( 'NONE',  ( 2.985768325466478400E-031, -6.902532920683852400E-031, -1.000000000000000000 ) ) ;
#2287 = EDGE_LOOP ( 'NONE', ( #8378, #8249 ) ) ;
#2288 = SURFACE_SIDE_STYLE ('',( #4295 ) ) ;
#2289 = PRESENTATION_LAYER_ASSIGNMENT (  '', '', ( #1823 ) ) ;
#2290 = AXIS2_PLACEMENT_3D ( 'NONE', #8468, #4446, #323 ) ;
#2291 = CONICAL_SURFACE ( 'NONE', #5713, 0.3350000000000006900, 0.7853981633974508300 ) ;
#2292 = EDGE_CURVE ( 'NONE', #2466, #1671, #42, .T. ) ;
#2293 = UNCERTAINTY_MEASURE_WITH_UNIT (LENGTH_MEASURE( 1.000000000000000100E-005 ), #5110, 'distance_accuracy_value', 'NONE');
#2295 =( NAMED_UNIT ( * ) SI_UNIT ( $, .STERADIAN. ) SOLID_ANGLE_UNIT ( ) );
#2294 = DIRECTION ( 'NONE',  ( 1.000000000000000000, 0.0000000000000000000, 0.0000000000000000000 ) ) ;
#2296 = CYLINDRICAL_SURFACE ( 'NONE', #2924, 0.04700000000000006900 ) ;
#2297 = PRESENTATION_LAYER_ASSIGNMENT (  '', '', ( #1833 ) ) ;
#2298 = SURFACE_SIDE_STYLE ('',( #2422 ) ) ;
#2299 = FILL_AREA_STYLE_COLOUR ( '', #7495 ) ;
#2300 = CARTESIAN_POINT ( 'NONE',  ( -0.5513545231653919100, -0.2753579631972228300, -1.501494814347901900 ) ) ;
#2301 = LENGTH_MEASURE_WITH_UNIT ( LENGTH_MEASURE( 0.02539999999999999900 ), #123 );
#2302 =( NAMED_UNIT ( * ) SI_UNIT ( $, .STERADIAN. ) SOLID_ANGLE_UNIT ( ) );
#2303 = CIRCLE ( 'NONE', #1223, 0.1526804222532867900 ) ;
#2304 = LENGTH_MEASURE_WITH_UNIT ( LENGTH_MEASURE( 0.02539999999999999900 ), #6818 );
#2305 = EDGE_CURVE ( 'NONE', #6803, #3833, #7092, .T. ) ;
#2306 = FILL_AREA_STYLE ('',( #6985 ) ) ;
#2307 = STYLED_ITEM ( 'NONE', ( #8752 ), #3144 ) ;
#2308 = FILL_AREA_STYLE_COLOUR ( '', #6921 ) ;
#2309 = CARTESIAN_POINT ( 'NONE',  ( -0.9035371166497543300, -0.3926578568278004100, -1.501505334079000300 ) ) ;
#2310 = ADVANCED_FACE ( 'NONE', ( #1663 ), #572, .T. ) ;
#2311 = CARTESIAN_POINT ( 'NONE',  ( -0.2684280269390455500, -0.06600163035361310300, 0.2849999999999987000 ) ) ;
#2312 = ORIENTED_EDGE ( 'NONE', *, *, #8011, .F. ) ;
#2313 = FILL_AREA_STYLE_COLOUR ( '', #6817 ) ;
#2314 = SURFACE_STYLE_USAGE ( .BOTH. , #6395 ) ;
#2315 = CYLINDRICAL_SURFACE ( 'NONE', #7394, 0.3080726718553441500 ) ;
#2316 = CIRCLE ( 'NONE', #5729, 0.1675602491018269300 ) ;
#2317 = CARTESIAN_POINT ( 'NONE',  ( -0.7822128425554482100, -0.2828753065258178300, -1.546958368260722600 ) ) ;
#2318 =( CONVERSION_BASED_UNIT ( 'INCH', #4369 ) LENGTH_UNIT ( ) NAMED_UNIT ( #3498 ) );
#2319 = ORIENTED_EDGE ( 'NONE', *, *, #8671, .T. ) ;
#2320 = MECHANICAL_DESIGN_GEOMETRIC_PRESENTATION_REPRESENTATION (  '', ( #466 ), #2788 ) ;
#2321 = DIRECTION ( 'NONE',  ( 2.915594446626999200E-032, 5.323731010893191500E-032, -1.000000000000000000 ) ) ;
#2322 = LINE ( 'NONE', #2088, #478 ) ;
#2323 = CARTESIAN_POINT ( 'NONE',  ( -0.5862875163485814500, -0.3315016303536163500, -0.5169583694396621100 ) ) ;
#2324 = STYLED_ITEM ( 'NONE', ( #6788 ), #353 ) ;
#2325 = MECHANICAL_DESIGN_GEOMETRIC_PRESENTATION_REPRESENTATION (  '', ( #1393 ), #2795 ) ;
#2326 = EDGE_LOOP ( 'NONE', ( #8205, #4031, #8807, #2158 ) ) ;
#2328 = FILL_AREA_STYLE ('',( #1628 ) ) ;
#2327 =( NAMED_UNIT ( * ) SI_UNIT ( $, .STERADIAN. ) SOLID_ANGLE_UNIT ( ) );
#2329 = SURFACE_SIDE_STYLE ('',( #6888 ) ) ;
#2330 = EDGE_CURVE ( 'NONE', #2019, #2786, #4228, .T. ) ;
#2331 = UNCERTAINTY_MEASURE_WITH_UNIT (LENGTH_MEASURE( 1.000000000000000100E-005 ), #7366, 'distance_accuracy_value', 'NONE');
#2332 = ORIENTED_EDGE ( 'NONE', *, *, #3431, .F. ) ;
#2333 = VECTOR ( 'NONE', #1814, 39.37007874015748100 ) ;
#2334 = LENGTH_MEASURE_WITH_UNIT ( LENGTH_MEASURE( 0.02539999999999999900 ), #4842 );
#2335 = ORIENTED_EDGE ( 'NONE', *, *, #2011, .T. ) ;
#2336 = PRESENTATION_STYLE_ASSIGNMENT (( #6670 ) ) ;
#2337 = FACE_OUTER_BOUND ( 'NONE', #1239, .T. ) ;
#2338 = VERTEX_POINT ( 'NONE', #4327 ) ;
#2339 = CARTESIAN_POINT ( 'NONE',  ( -1.188147005758116000, -0.6830016303536216000, 0.2849999999999986400 ) ) ;
#2340 = PRESENTATION_LAYER_ASSIGNMENT (  '', '', ( #1876 ) ) ;
#2341 = CARTESIAN_POINT ( 'NONE',  ( -0.8702875163485812600, -0.3315016303536163500, -0.5169583694396621100 ) ) ;
#2342 = AXIS2_PLACEMENT_3D ( 'NONE', #7876, #7783, #3856 ) ;
#2343 =( GEOMETRIC_REPRESENTATION_CONTEXT ( 3 ) GLOBAL_UNCERTAINTY_ASSIGNED_CONTEXT ( ( #550 ) ) GLOBAL_UNIT_ASSIGNED_CONTEXT ( ( #7297, #3264, #7981 ) ) REPRESENTATION_CONTEXT ( 'NONE', 'WORKASPACE' ) );
#2344 = EDGE_LOOP ( 'NONE', ( #2997, #8096, #1161, #869 ) ) ;
#2345 =( NAMED_UNIT ( * ) SI_UNIT ( $, .STERADIAN. ) SOLID_ANGLE_UNIT ( ) );
#2346 = UNCERTAINTY_MEASURE_WITH_UNIT (LENGTH_MEASURE( 1.000000000000000100E-005 ), #8298, 'distance_accuracy_value', 'NONE');
#2347 = ORIENTED_EDGE ( 'NONE', *, *, #1825, .T. ) ;
#2348 = EDGE_CURVE ( 'NONE', #522, #937, #779, .T. ) ;
#2349 =( NAMED_UNIT ( * ) PLANE_ANGLE_UNIT ( ) SI_UNIT ( $, .RADIAN. ) );
#2350 = DIRECTION ( 'NONE',  ( 0.0000000000000000000, 0.0000000000000000000, 1.000000000000000000 ) ) ;
#2351 = ORIENTED_EDGE ( 'NONE', *, *, #3490, .F. ) ;
#2352 = COLOUR_RGB ( '',0.5019607843137254800, 0.5019607843137254800, 0.5019607843137254800 ) ;
#2353 = LINE ( 'NONE', #1643, #3958 ) ;
#2354 = ORIENTED_EDGE ( 'NONE', *, *, #5746, .F. ) ;
#2355 = DIRECTION ( 'NONE',  ( 0.0000000000000000000, 0.0000000000000000000, -1.000000000000000000 ) ) ;
#2356 = DIRECTION ( 'NONE',  ( 5.135052619669662200E-017, -2.567526309834831100E-017, 1.000000000000000000 ) ) ;
#2357 = ORIENTED_EDGE ( 'NONE', *, *, #4859, .T. ) ;
#2358 = PRESENTATION_LAYER_ASSIGNMENT (  '', '', ( #1888 ) ) ;
#2359 =( NAMED_UNIT ( * ) SI_UNIT ( $, .STERADIAN. ) SOLID_ANGLE_UNIT ( ) );
#2360 = ORIENTED_EDGE ( 'NONE', *, *, #940, .F. ) ;
#2361 = ADVANCED_FACE ( 'NONE', ( #5836 ), #6766, .T. ) ;
#2362 =( LENGTH_UNIT ( ) NAMED_UNIT ( * ) SI_UNIT ( $, .METRE. ) );
#2363 = LENGTH_MEASURE_WITH_UNIT ( LENGTH_MEASURE( 0.02539999999999999900 ), #838 );
#2364 = FACE_BOUND ( 'NONE', #8369, .T. ) ;
#2365 = SURFACE_STYLE_USAGE ( .BOTH. , #6438 ) ;
#2367 = CARTESIAN_POINT ( 'NONE',  ( -0.7282875163485818000, -0.6545743022089599600, 0.01192732814465503400 ) ) ;
#2366 = DIRECTION ( 'NONE',  ( -1.000000000000000000, 0.0000000000000000000, 0.0000000000000000000 ) ) ;
#2368 = DIRECTION ( 'NONE',  ( 0.0000000000000000000, 0.0000000000000000000, -1.000000000000000000 ) ) ;
#2369 = EDGE_LOOP ( 'NONE', ( #2357, #4384, #8171, #1816 ) ) ;
#2370 =( GEOMETRIC_REPRESENTATION_CONTEXT ( 3 ) GLOBAL_UNCERTAINTY_ASSIGNED_CONTEXT ( ( #7696 ) ) GLOBAL_UNIT_ASSIGNED_CONTEXT ( ( #3049, #7760, #3743 ) ) REPRESENTATION_CONTEXT ( 'NONE', 'WORKASPACE' ) );
#2371 = LINE ( 'NONE', #3365, #5558 ) ;
#2372 = LENGTH_MEASURE_WITH_UNIT ( LENGTH_MEASURE( 0.02539999999999999900 ), #2729 );
#2373 = COLOUR_RGB ( '',0.5019607843137254800, 0.5019607843137254800, 0.5019607843137254800 ) ;
#2374 = VERTEX_POINT ( 'NONE', #931 ) ;
#2375 = ORIENTED_EDGE ( 'NONE', *, *, #6475, .T. ) ;
#2376 = CARTESIAN_POINT ( 'NONE',  ( -0.7282875163485818000, -0.3315016303536155200, -0.7554925145934504600 ) ) ;
#2377 = FACE_BOUND ( 'NONE', #7410, .T. ) ;
#2378 = FILL_AREA_STYLE_COLOUR ( '', #5042 ) ;
#2379 =( CONVERSION_BASED_UNIT ( 'INCH', #7121 ) LENGTH_UNIT ( ) NAMED_UNIT ( #3374 ) );
#2380 =( GEOMETRIC_REPRESENTATION_CONTEXT ( 3 ) GLOBAL_UNCERTAINTY_ASSIGNED_CONTEXT ( ( #2965 ) ) GLOBAL_UNIT_ASSIGNED_CONTEXT ( ( #715, #5522, #1421 ) ) REPRESENTATION_CONTEXT ( 'NONE', 'WORKASPACE' ) );
#2381 = VERTEX_POINT ( 'NONE', #1624 ) ;
#2382 = EDGE_CURVE ( 'NONE', #6273, #6480, #3387, .T. ) ;
#2384 = DIRECTION ( 'NONE',  ( -9.726753936418404900E-033, -1.224606353822377300E-016, -1.000000000000000000 ) ) ;
#2383 = CARTESIAN_POINT ( 'NONE',  ( -0.7282875163485818000, -0.3315016303536155200, -0.7570000000000005600 ) ) ;
#2385 =( LENGTH_UNIT ( ) NAMED_UNIT ( * ) SI_UNIT ( $, .METRE. ) );
#2386 = VERTEX_POINT ( 'NONE', #2323 ) ;
#2387 = SURFACE_SIDE_STYLE ('',( #178 ) ) ;
#2388 = STYLED_ITEM ( 'NONE', ( #7494 ), #5181 ) ;
#2389 =( LENGTH_UNIT ( ) NAMED_UNIT ( * ) SI_UNIT ( $, .METRE. ) );
#2390 = EDGE_CURVE ( 'NONE', #4043, #4465, #5187, .T. ) ;
#2391 = AXIS2_PLACEMENT_3D ( 'NONE', #5462, #1358, #6132 ) ;
#2392 =( GEOMETRIC_REPRESENTATION_CONTEXT ( 3 ) GLOBAL_UNCERTAINTY_ASSIGNED_CONTEXT ( ( #2605 ) ) GLOBAL_UNIT_ASSIGNED_CONTEXT ( ( #560, #5370, #1257 ) ) REPRESENTATION_CONTEXT ( 'NONE', 'WORKASPACE' ) );
#2393 = STYLED_ITEM ( 'NONE', ( #3915 ), #5369 ) ;
#2394 = DIRECTION ( 'NONE',  ( -1.000000000000000000, 0.0000000000000000000, 5.135052619669662200E-017 ) ) ;
#2395 = ORIENTED_EDGE ( 'NONE', *, *, #8221, .T. ) ;
#2396 = LINE ( 'NONE', #239, #7372 ) ;
#2397 =( LENGTH_UNIT ( ) NAMED_UNIT ( * ) SI_UNIT ( $, .METRE. ) );
#2398 = ADVANCED_FACE ( 'NONE', ( #8560 ), #2315, .F. ) ;
#2399 = DIRECTION ( 'NONE',  ( 2.985768325466481900E-031, 6.902532920683851500E-031, 1.000000000000000000 ) ) ;
#2400 = FACE_OUTER_BOUND ( 'NONE', #5001, .T. ) ;
#2401 = CARTESIAN_POINT ( 'NONE',  ( -0.7282875163485816900, -0.3315016303536162400, -0.6699583694396619200 ) ) ;
#2402 = FILL_AREA_STYLE ('',( #4442 ) ) ;
#2403 = CYLINDRICAL_SURFACE ( 'NONE', #4913, 0.1400000000000000100 ) ;
#2404 = DIRECTION ( 'NONE',  ( 7.472189016151557300E-032, 6.165649696520689200E-033, 1.000000000000000000 ) ) ;
#2405 = MECHANICAL_DESIGN_GEOMETRIC_PRESENTATION_REPRESENTATION (  '', ( #1467 ), #2863 ) ;
#2406 = SURFACE_SIDE_STYLE ('',( #2877 ) ) ;
#2407 = DIMENSIONAL_EXPONENTS ( 1.000000000000000000, 0.0000000000000000000, 0.0000000000000000000, 0.0000000000000000000, 0.0000000000000000000, 0.0000000000000000000, 0.0000000000000000000 ) ;
#2408 = PRESENTATION_LAYER_ASSIGNMENT (  '', '', ( #1952 ) ) ;
#2409 = DIRECTION ( 'NONE',  ( 5.091978803981729600E-016, -5.185649628039839500E-031, 1.000000000000000000 ) ) ;
#2411 = DIRECTION ( 'NONE',  ( 0.0000000000000000000, 0.0000000000000000000, 1.000000000000000000 ) ) ;
#2410 = DIRECTION ( 'NONE',  ( -0.0000000000000000000, -0.0000000000000000000, 1.000000000000000000 ) ) ;
#2412 = ADVANCED_FACE ( 'NONE', ( #7702 ), #8573, .F. ) ;
#2413 = CARTESIAN_POINT ( 'NONE',  ( -0.6582826615349006700, -0.3120150178808727100, -1.546958371595755600 ) ) ;
#2414 = LINE ( 'NONE', #3775, #2202 ) ;
#2415 = EDGE_CURVE ( 'NONE', #4594, #5726, #1557, .T. ) ;
#2416 = DIRECTION ( 'NONE',  ( 0.0000000000000000000, -1.000000000000000000, 0.0000000000000000000 ) ) ;
#2417 = ORIENTED_EDGE ( 'NONE', *, *, #3030, .T. ) ;
#2418 =( NAMED_UNIT ( * ) PLANE_ANGLE_UNIT ( ) SI_UNIT ( $, .RADIAN. ) );
#2419 = AXIS2_PLACEMENT_3D ( 'NONE', #4714, #581, #5391 ) ;
#2420 = SURFACE_SIDE_STYLE ('',( #962 ) ) ;
#2422 = SURFACE_STYLE_FILL_AREA ( #6371 ) ;
#2421 = PRESENTATION_LAYER_ASSIGNMENT (  '', '', ( #1966 ) ) ;
#2423 = FACE_OUTER_BOUND ( 'NONE', #3332, .T. ) ;
#2424 = FILL_AREA_STYLE ('',( #3786 ) ) ;
#2425 = ORIENTED_EDGE ( 'NONE', *, *, #484, .T. ) ;
#2426 = DIRECTION ( 'NONE',  ( -9.711944615174957000E-017, 7.459504271329836200E-017, 1.000000000000000000 ) ) ;
#2427 = CARTESIAN_POINT ( 'NONE',  ( -0.7410848403732063200, -0.3088691647829173700, -1.259000000000018500 ) ) ;
#2428 = ORIENTED_EDGE ( 'NONE', *, *, #2089, .F. ) ;
#2429 = FILL_AREA_STYLE ('',( #1047 ) ) ;
#2430 = PRESENTATION_STYLE_ASSIGNMENT (( #5684 ) ) ;
#2431 = ORIENTED_EDGE ( 'NONE', *, *, #303, .F. ) ;
#2432 = LINE ( 'NONE', #1301, #5848 ) ;
#2433 = FACE_OUTER_BOUND ( 'NONE', #3091, .T. ) ;
#2435 = PLANE ( 'NONE',  #6823 ) ;
#2434 = FILL_AREA_STYLE_COLOUR ( '', #5592 ) ;
#2436 = ORIENTED_EDGE ( 'NONE', *, *, #4871, .T. ) ;
#2437 = DIRECTION ( 'NONE',  ( -0.9488864299340638000, -0.3156177166874302200, -1.126055187715457500E-016 ) ) ;
#2438 =( GEOMETRIC_REPRESENTATION_CONTEXT ( 3 ) GLOBAL_UNCERTAINTY_ASSIGNED_CONTEXT ( ( #3 ) ) GLOBAL_UNIT_ASSIGNED_CONTEXT ( ( #7206, #3163, #7878 ) ) REPRESENTATION_CONTEXT ( 'NONE', 'WORKASPACE' ) );
#2439 = UNCERTAINTY_MEASURE_WITH_UNIT (LENGTH_MEASURE( 1.000000000000000100E-005 ), #7242, 'distance_accuracy_value', 'NONE');
#2440 = LINE ( 'NONE', #3052, #7624 ) ;
#2441 = ADVANCED_FACE ( 'NONE', ( #3398 ), #2530, .T. ) ;
#2442 = ORIENTED_EDGE ( 'NONE', *, *, #6276, .F. ) ;
#2443 = CARTESIAN_POINT ( 'NONE',  ( -1.103287516348581800, -0.3315016303536154600, -0.4702450015220069900 ) ) ;
#2444 = MECHANICAL_DESIGN_GEOMETRIC_PRESENTATION_REPRESENTATION (  '', ( #1504 ), #2912 ) ;
#2445 = AXIS2_PLACEMENT_3D ( 'NONE', #627, #5429, #1314 ) ;
#2446 = CARTESIAN_POINT ( 'NONE',  ( -0.2684280269390455500, -0.06600163035361310300, 0.2849999999999987000 ) ) ;
#2447 = CARTESIAN_POINT ( 'NONE',  ( -0.4052148444932378000, -0.3315016303536154600, -0.2971044699417552700 ) ) ;
#2448 = CARTESIAN_POINT ( 'NONE',  ( -0.6757875163485817000, -0.3315016303536157900, -0.5249583694396620100 ) ) ;
#2449 = EDGE_CURVE ( 'NONE', #489, #7740, #4351, .T. ) ;
#2450 = ORIENTED_EDGE ( 'NONE', *, *, #2964, .T. ) ;
#2451 = FACE_OUTER_BOUND ( 'NONE', #5587, .T. ) ;
#2452 = ORIENTED_EDGE ( 'NONE', *, *, #7138, .T. ) ;
#2453 = CARTESIAN_POINT ( 'NONE',  ( -0.8809679386018686200, -0.3315016303536152400, -1.216958369439662000 ) ) ;
#2454 = UNCERTAINTY_MEASURE_WITH_UNIT (LENGTH_MEASURE( 1.000000000000000100E-005 ), #5638, 'distance_accuracy_value', 'NONE');
#2455 = VERTEX_POINT ( 'NONE', #2443 ) ;
#2456 = ORIENTED_EDGE ( 'NONE', *, *, #3637, .F. ) ;
#2457 = CARTESIAN_POINT ( 'NONE',  ( -0.7282875163485818000, -0.3315016303536154600, -0.5081049102779643400 ) ) ;
#2458 = MECHANICAL_DESIGN_GEOMETRIC_PRESENTATION_REPRESENTATION (  '', ( #1516 ), #2923 ) ;
#2459 = STYLED_ITEM ( 'NONE', ( #5707 ), #6022 ) ;
#2460 = SURFACE_STYLE_FILL_AREA ( #3760 ) ;
#2461 = ORIENTED_EDGE ( 'NONE', *, *, #8195, .F. ) ;
#2462 = EDGE_CURVE ( 'NONE', #2491, #6167, #6147, .T. ) ;
#2463 = ADVANCED_FACE ( 'NONE', ( #914 ), #8666, .F. ) ;
#2464 = CARTESIAN_POINT ( 'NONE',  ( -0.5513219437352312500, -0.2755043754931846800, -1.576494665921036600 ) ) ;
#2465 = CARTESIAN_POINT ( 'NONE',  ( -0.3585325178705882600, -0.3315016303536154600, -0.3650000000000005500 ) ) ;
#2466 = VERTEX_POINT ( 'NONE', #5899 ) ;
#2467 = PRESENTATION_STYLE_ASSIGNMENT (( #3251 ) ) ;
#2468 = DIRECTION ( 'NONE',  ( -5.389556073798635700E-015, -1.412857278674264800E-015, -1.000000000000000000 ) ) ;
#2469 = MECHANICAL_DESIGN_GEOMETRIC_PRESENTATION_REPRESENTATION (  '', ( #1526 ), #2932 ) ;
#2470 = SURFACE_STYLE_FILL_AREA ( #8281 ) ;
#2471 =( NAMED_UNIT ( * ) PLANE_ANGLE_UNIT ( ) SI_UNIT ( $, .RADIAN. ) );
#2472 =( LENGTH_UNIT ( ) NAMED_UNIT ( * ) SI_UNIT ( $, .METRE. ) );
#2473 = ORIENTED_EDGE ( 'NONE', *, *, #519, .T. ) ;
#2474 = SURFACE_STYLE_FILL_AREA ( #3727 ) ;
#2475 =( LENGTH_UNIT ( ) NAMED_UNIT ( * ) SI_UNIT ( $, .METRE. ) );
#2476 = ORIENTED_EDGE ( 'NONE', *, *, #3239, .T. ) ;
#2477 = FILL_AREA_STYLE ('',( #1087 ) ) ;
#2478 = EDGE_CURVE ( 'NONE', #6533, #3868, #1666, .T. ) ;
#2479 =( NAMED_UNIT ( * ) PLANE_ANGLE_UNIT ( ) SI_UNIT ( $, .RADIAN. ) );
#2480 = SURFACE_STYLE_USAGE ( .BOTH. , #6546 ) ;
#2481 =( CONVERSION_BASED_UNIT ( 'INCH', #8147 ) LENGTH_UNIT ( ) NAMED_UNIT ( #8610 ) );
#2482 = SHAPE_DEFINITION_REPRESENTATION ( #3393, #4088 ) ;
#2483 =( GEOMETRIC_REPRESENTATION_CONTEXT ( 3 ) GLOBAL_UNCERTAINTY_ASSIGNED_CONTEXT ( ( #8631 ) ) GLOBAL_UNIT_ASSIGNED_CONTEXT ( ( #8119, #4080, #8793 ) ) REPRESENTATION_CONTEXT ( 'NONE', 'WORKASPACE' ) );
#2484 = SURFACE_STYLE_FILL_AREA ( #5798 ) ;
#2485 = EDGE_LOOP ( 'NONE', ( #336, #470 ) ) ;
#2486 = COLOUR_RGB ( '',0.5019607843137254800, 0.5019607843137254800, 0.5019607843137254800 ) ;
#2487 =( NAMED_UNIT ( * ) PLANE_ANGLE_UNIT ( ) SI_UNIT ( $, .RADIAN. ) );
#2488 = DIRECTION ( 'NONE',  ( 9.726753936418404900E-033, 1.224606353822377300E-016, 1.000000000000000000 ) ) ;
#2489 = PRESENTATION_STYLE_ASSIGNMENT (( #3800 ) ) ;
#2490 = FILL_AREA_STYLE ('',( #1793 ) ) ;
#2491 = VERTEX_POINT ( 'NONE', #2501 ) ;
#2492 = COLOUR_RGB ( '',0.5019607843137254800, 0.5019607843137254800, 0.5019607843137254800 ) ;
#2493 = CARTESIAN_POINT ( 'NONE',  ( -0.8983132558495639000, -0.3539642327272813400, -1.558600631674544900 ) ) ;
#2494 = AXIS2_PLACEMENT_3D ( 'NONE', #338, #7141, #7825 ) ;
#2495 = AXIS2_PLACEMENT_3D ( 'NONE', #1073, #6501, #5856 ) ;
#2496 = VERTEX_POINT ( 'NONE', #3140 ) ;
#2498 =( LENGTH_UNIT ( ) NAMED_UNIT ( * ) SI_UNIT ( $, .METRE. ) );
#2497 = DIRECTION ( 'NONE',  ( -1.000000000000000000, 0.0000000000000000000, 5.377653530835161800E-017 ) ) ;
#2499 = CARTESIAN_POINT ( 'NONE',  ( -0.2684280269390455500, -0.06600163035361314400, -1.263479697069721800E-015 ) ) ;
#2500 = EDGE_CURVE ( 'NONE', #6221, #1797, #7093, .T. ) ;
#2501 = CARTESIAN_POINT ( 'NONE',  ( -0.7282875163485818000, 0.02849836964638478900, 0.2589999999999986200 ) ) ;
#2502 = PLANE ( 'NONE',  #953 ) ;
#2503 = CARTESIAN_POINT ( 'NONE',  ( -1.188147005758116000, -0.5970016303536215300, 0.2849999999999986400 ) ) ;
#2504 = LENGTH_MEASURE_WITH_UNIT ( LENGTH_MEASURE( 0.02539999999999999900 ), #7836 );
#2505 = LINE ( 'NONE', #8439, #452 ) ;
#2506 = ADVANCED_FACE ( 'NONE', ( #5300, #6869 ), #7914, .F. ) ;
#2507 = UNCERTAINTY_MEASURE_WITH_UNIT (LENGTH_MEASURE( 1.000000000000000100E-005 ), #8711, 'distance_accuracy_value', 'NONE');
#2508 = PRESENTATION_LAYER_ASSIGNMENT (  '', '', ( #1116 ) ) ;
#2509 =( GEOMETRIC_REPRESENTATION_CONTEXT ( 3 ) GLOBAL_UNCERTAINTY_ASSIGNED_CONTEXT ( ( #1943 ) ) GLOBAL_UNIT_ASSIGNED_CONTEXT ( ( #893, #5690, #1590 ) ) REPRESENTATION_CONTEXT ( 'NONE', 'WORKASPACE' ) );
#2510 = AXIS2_PLACEMENT_3D ( 'NONE', #3716, #8418, #4386 ) ;
#2511 = CARTESIAN_POINT ( 'NONE',  ( -0.7282875163485818000, -0.3315016303536155200, -1.092312662478476700 ) ) ;
#2512 = CARTESIAN_POINT ( 'NONE',  ( -0.8842875163485813800, -0.3315016303536163500, -0.3769583694396621000 ) ) ;
#2513 =( CONVERSION_BASED_UNIT ( 'INCH', #2252 ) LENGTH_UNIT ( ) NAMED_UNIT ( #6128 ) );
#2514 = CARTESIAN_POINT ( 'NONE',  ( -0.2684280269390455500, 0.01999836964638705000, 0.2849999999999987000 ) ) ;
#2515 = CARTESIAN_POINT ( 'NONE',  ( -0.8007344081347415000, -0.3352058858354040000, -1.546958369361430800 ) ) ;
#2516 = CARTESIAN_POINT ( 'NONE',  ( -0.8809679386018686200, -0.3315016303536152400, -1.116958369439662100 ) ) ;
#2517 = SURFACE_SIDE_STYLE ('',( #6444 ) ) ;
#2518 = STYLED_ITEM ( 'NONE', ( #5681 ), #6727 ) ;
#2519 = LENGTH_MEASURE_WITH_UNIT ( LENGTH_MEASURE( 0.02539999999999999900 ), #4572 );
#2520 = ORIENTED_EDGE ( 'NONE', *, *, #6984, .F. ) ;
#2521 = AXIS2_PLACEMENT_3D ( 'NONE', #4955, #834, #5633 ) ;
#2522 =( CONVERSION_BASED_UNIT ( 'INCH', #7033 ) LENGTH_UNIT ( ) NAMED_UNIT ( #4671 ) );
#2523 = SURFACE_STYLE_FILL_AREA ( #8354 ) ;
#2524 = SURFACE_STYLE_USAGE ( .BOTH. , #6594 ) ;
#2525 =( CONVERSION_BASED_UNIT ( 'INCH', #3699 ) LENGTH_UNIT ( ) NAMED_UNIT ( #4479 ) );
#2526 = CARTESIAN_POINT ( 'NONE',  ( -0.7282875163485818000, -0.3315016303536154600, -0.7139482375457256700 ) ) ;
#2527 = ORIENTED_EDGE ( 'NONE', *, *, #5995, .T. ) ;
#2528 = SURFACE_STYLE_FILL_AREA ( #764 ) ;
#2529 = EDGE_CURVE ( 'NONE', #1706, #7863, #7809, .T. ) ;
#2530 = CYLINDRICAL_SURFACE ( 'NONE', #3629, 0.1890000000000011700 ) ;
#2531 = DIRECTION ( 'NONE',  ( -0.3156177166874300500, 0.9488864299340638000, 0.0000000000000000000 ) ) ;
#2532 = EDGE_LOOP ( 'NONE', ( #1660, #1692 ) ) ;
#2533 =( NAMED_UNIT ( * ) SI_UNIT ( $, .STERADIAN. ) SOLID_ANGLE_UNIT ( ) );
#2534 = CARTESIAN_POINT ( 'NONE',  ( -0.7282875163485912400, -0.3315016303536180700, -1.578978402187491500 ) ) ;
#2535 = DIMENSIONAL_EXPONENTS ( 1.000000000000000000, 0.0000000000000000000, 0.0000000000000000000, 0.0000000000000000000, 0.0000000000000000000, 0.0000000000000000000, 0.0000000000000000000 ) ;
#2536 = DIRECTION ( 'NONE',  ( 0.0000000000000000000, 0.0000000000000000000, 1.000000000000000000 ) ) ;
#2537 = ORIENTED_EDGE ( 'NONE', *, *, #7516, .T. ) ;
#2538 =( GEOMETRIC_REPRESENTATION_CONTEXT ( 3 ) GLOBAL_UNCERTAINTY_ASSIGNED_CONTEXT ( ( #8121 ) ) GLOBAL_UNIT_ASSIGNED_CONTEXT ( ( #6702, #2642, #7373 ) ) REPRESENTATION_CONTEXT ( 'NONE', 'WORKASPACE' ) );
#2539 = PLANE ( 'NONE',  #4638 ) ;
#2540 = ORIENTED_EDGE ( 'NONE', *, *, #6291, .T. ) ;
#2541 = LINE ( 'NONE', #3260, #5949 ) ;
#2542 = CYLINDRICAL_SURFACE ( 'NONE', #2494, 0.6650000000000007000 ) ;
#2543 = ADVANCED_FACE ( 'NONE', ( #2423 ), #8770, .T. ) ;
#2544 =( LENGTH_UNIT ( ) NAMED_UNIT ( * ) SI_UNIT ( $, .METRE. ) );
#2545 = ORIENTED_EDGE ( 'NONE', *, *, #745, .T. ) ;
#2546 = CARTESIAN_POINT ( 'NONE',  ( -0.7282875163485818000, -0.3315016303536159600, -1.349538768355159600 ) ) ;
#2547 = UNCERTAINTY_MEASURE_WITH_UNIT (LENGTH_MEASURE( 1.000000000000000100E-005 ), #7486, 'distance_accuracy_value', 'NONE');
#2548 = COLOUR_RGB ( '',0.5019607843137254800, 0.5019607843137254800, 0.5019607843137254800 ) ;
#2549 = CARTESIAN_POINT ( 'NONE',  ( -0.8779392542025473700, -0.4153302720548894300, -1.558662467052911700 ) ) ;
#2550 = ORIENTED_EDGE ( 'NONE', *, *, #5377, .T. ) ;
#2551 = DIRECTION ( 'NONE',  ( 0.0000000000000000000, 0.0000000000000000000, 1.000000000000000000 ) ) ;
#2552 = ORIENTED_EDGE ( 'NONE', *, *, #2069, .F. ) ;
#2553 = AXIS2_PLACEMENT_3D ( 'NONE', #3543, #8258, #4211 ) ;
#2554 = EDGE_LOOP ( 'NONE', ( #1021, #3656, #3419, #6681 ) ) ;
#2555 = CARTESIAN_POINT ( 'NONE',  ( -0.8007869051081980500, -0.3315016303536151800, -1.546958369430321900 ) ) ;
#2556 = CIRCLE ( 'NONE', #2036, 0.1385000000000008400 ) ;
#2557 = FACE_OUTER_BOUND ( 'NONE', #6278, .T. ) ;
#2558 = EDGE_CURVE ( 'NONE', #2753, #5124, #6977, .T. ) ;
#2559 = AXIS2_PLACEMENT_3D ( 'NONE', #2546, #8663, #4653 ) ;
#2560 =( GEOMETRIC_REPRESENTATION_CONTEXT ( 3 ) GLOBAL_UNCERTAINTY_ASSIGNED_CONTEXT ( ( #7326 ) ) GLOBAL_UNIT_ASSIGNED_CONTEXT ( ( #7789, #3776, #8477 ) ) REPRESENTATION_CONTEXT ( 'NONE', 'WORKASPACE' ) );
#2561 =( LENGTH_UNIT ( ) NAMED_UNIT ( * ) SI_UNIT ( $, .METRE. ) );
#2562 = CARTESIAN_POINT ( 'NONE',  ( -0.7282875163485818000, -0.3315016303536155200, 0.02223988196073611200 ) ) ;
#2563 = ORIENTED_EDGE ( 'NONE', *, *, #7450, .F. ) ;
#2564 = UNCERTAINTY_MEASURE_WITH_UNIT (LENGTH_MEASURE( 1.000000000000000100E-005 ), #2481, 'distance_accuracy_value', 'NONE');
#2565 = EDGE_CURVE ( 'NONE', #4598, #1463, #3388, .T. ) ;
#2566 = ORIENTED_EDGE ( 'NONE', *, *, #1608, .F. ) ;
#2567 = LINE ( 'NONE', #2571, #4385 ) ;
#2568 =( LENGTH_UNIT ( ) NAMED_UNIT ( * ) SI_UNIT ( $, .METRE. ) );
#2569 = FACE_BOUND ( 'NONE', #4362, .T. ) ;
#2570 = FILL_AREA_STYLE ('',( #1882 ) ) ;
#2571 = CARTESIAN_POINT ( 'NONE',  ( -0.8682875163485819200, -0.3315016303536162400, -0.9299583694396620400 ) ) ;
#2572 = VERTEX_POINT ( 'NONE', #6950 ) ;
#2573 = PRESENTATION_STYLE_ASSIGNMENT (( #7174 ) ) ;
#2574 =( NAMED_UNIT ( * ) SI_UNIT ( $, .STERADIAN. ) SOLID_ANGLE_UNIT ( ) );
#2575 = AXIS2_PLACEMENT_3D ( 'NONE', #7983, #3942, #8652 ) ;
#2576 = AXIS2_PLACEMENT_3D ( 'NONE', #6091, #2017, #6758 ) ;
#2577 = EDGE_CURVE ( 'NONE', #2703, #3868, #8563, .T. ) ;
#2578 = DIRECTION ( 'NONE',  ( 0.0000000000000000000, 0.0000000000000000000, -1.000000000000000000 ) ) ;
#2579 =( LENGTH_UNIT ( ) NAMED_UNIT ( * ) SI_UNIT ( $, .METRE. ) );
#2580 = ORIENTED_EDGE ( 'NONE', *, *, #5050, .T. ) ;
#2581 = COLOUR_RGB ( '',0.5019607843137254800, 0.5019607843137254800, 0.5019607843137254800 ) ;
#2582 = PRESENTATION_STYLE_ASSIGNMENT (( #1574 ) ) ;
#2583 =( CONVERSION_BASED_UNIT ( 'INCH', #6161 ) LENGTH_UNIT ( ) NAMED_UNIT ( #2020 ) );
#2584 = STYLED_ITEM ( 'NONE', ( #1556 ), #2225 ) ;
#2585 = ORIENTED_EDGE ( 'NONE', *, *, #4416, .F. ) ;
#2586 = DIRECTION ( 'NONE',  ( 1.220408817397570400E-016, -1.013066643420215200E-017, -1.000000000000000000 ) ) ;
#2587 = SURFACE_STYLE_FILL_AREA ( #8601 ) ;
#2588 = FACE_OUTER_BOUND ( 'NONE', #7735, .T. ) ;
#2589 = EDGE_CURVE ( 'NONE', #5955, #6378, #6767, .T. ) ;
#2590 = ORIENTED_EDGE ( 'NONE', *, *, #5939, .T. ) ;
#2591 = COLOUR_RGB ( '',0.5019607843137254800, 0.5019607843137254800, 0.5019607843137254800 ) ;
#2592 = CARTESIAN_POINT ( 'NONE',  ( -0.7282875163485818000, -0.3315016303536160700, -1.319958369439661700 ) ) ;
#2593 = DIRECTION ( 'NONE',  ( 1.000000000000000000, 0.0000000000000000000, 0.0000000000000000000 ) ) ;
#2594 = ADVANCED_FACE ( 'NONE', ( #5191 ), #473, .F. ) ;
#2595 = AXIS2_PLACEMENT_3D ( 'NONE', #7246, #3199, #7913 ) ;
#2596 = DIRECTION ( 'NONE',  ( 9.726753936418404900E-033, 1.224606353822377300E-016, 1.000000000000000000 ) ) ;
#2597 = MECHANICAL_DESIGN_GEOMETRIC_PRESENTATION_REPRESENTATION (  '', ( #8321 ), #3058 ) ;
#2598 = PRESENTATION_STYLE_ASSIGNMENT (( #935 ) ) ;
#2599 = PRESENTATION_STYLE_ASSIGNMENT (( #3413 ) ) ;
#2600 =( CONVERSION_BASED_UNIT ( 'INCH', #4336 ) LENGTH_UNIT ( ) NAMED_UNIT ( #2255 ) );
#2601 = ORIENTED_EDGE ( 'NONE', *, *, #5817, .F. ) ;
#2602 = CYLINDRICAL_SURFACE ( 'NONE', #700, 0.3800000000000004500 ) ;
#2603 = FILL_AREA_STYLE ('',( #4665 ) ) ;
#2604 = CARTESIAN_POINT ( 'NONE',  ( -0.7282875163485818000, -0.3315016303536155200, -1.212000000000000000 ) ) ;
#2605 = UNCERTAINTY_MEASURE_WITH_UNIT (LENGTH_MEASURE( 1.000000000000000100E-005 ), #560, 'distance_accuracy_value', 'NONE');
#2606 = FACE_OUTER_BOUND ( 'NONE', #4502, .T. ) ;
#2607 =( NAMED_UNIT ( * ) SI_UNIT ( $, .STERADIAN. ) SOLID_ANGLE_UNIT ( ) );
#2608 = ORIENTED_EDGE ( 'NONE', *, *, #2415, .T. ) ;
#2609 = DIMENSIONAL_EXPONENTS ( 1.000000000000000000, 0.0000000000000000000, 0.0000000000000000000, 0.0000000000000000000, 0.0000000000000000000, 0.0000000000000000000, 0.0000000000000000000 ) ;
#2610 = CIRCLE ( 'NONE', #3506, 0.6650000000000007000 ) ;
#2611 = DIRECTION ( 'NONE',  ( -2.985768325466478400E-031, 6.902532920683853300E-031, 1.000000000000000000 ) ) ;
#2612 = AXIS2_PLACEMENT_3D ( 'NONE', #3713, #240, #8416 ) ;
#2613 = CARTESIAN_POINT ( 'NONE',  ( -0.2684280269390455500, -0.06600163035361310300, 0.2849999999999987000 ) ) ;
#2614 = UNCERTAINTY_MEASURE_WITH_UNIT (LENGTH_MEASURE( 1.000000000000000100E-005 ), #8347, 'distance_accuracy_value', 'NONE');
#2615 =( GEOMETRIC_REPRESENTATION_CONTEXT ( 3 ) GLOBAL_UNCERTAINTY_ASSIGNED_CONTEXT ( ( #5731 ) ) GLOBAL_UNIT_ASSIGNED_CONTEXT ( ( #7134, #3076, #7791 ) ) REPRESENTATION_CONTEXT ( 'NONE', 'WORKASPACE' ) );
#2616 = AXIS2_PLACEMENT_3D ( 'NONE', #5931, #1854, #6608 ) ;
#2617 =( LENGTH_UNIT ( ) NAMED_UNIT ( * ) SI_UNIT ( $, .METRE. ) );
#2618 = CIRCLE ( 'NONE', #8572, 0.1174999999999999100 ) ;
#2619 = EDGE_CURVE ( 'NONE', #1464, #3581, #4119, .T. ) ;
#2620 = SURFACE_STYLE_FILL_AREA ( #4877 ) ;
#2621 =( LENGTH_UNIT ( ) NAMED_UNIT ( * ) SI_UNIT ( $, .METRE. ) );
#2622 = FILL_AREA_STYLE_COLOUR ( '', #2841 ) ;
#2623 = APPLICATION_CONTEXT ( 'automotive_design' ) ;
#2624 = LENGTH_MEASURE_WITH_UNIT ( LENGTH_MEASURE( 0.02539999999999999900 ), #2026 );
#2625 = CARTESIAN_POINT ( 'NONE',  ( -0.4807875163485896800, -0.3315016303536180700, -1.267000000000018100 ) ) ;
#2626 = PRESENTATION_STYLE_ASSIGNMENT (( #8034 ) ) ;
#2627 = MECHANICAL_DESIGN_GEOMETRIC_PRESENTATION_REPRESENTATION (  '', ( #754 ), #3086 ) ;
#2628 = PRESENTATION_LAYER_ASSIGNMENT (  '', '', ( #1222 ) ) ;
#2629 = PRESENTATION_LAYER_ASSIGNMENT (  '', '', ( #2167 ) ) ;
#2630 = DIRECTION ( 'NONE',  ( 0.9488864299340638000, 0.3156177166874302200, 1.126055187715457500E-016 ) ) ;
#2631 = EDGE_CURVE ( 'NONE', #391, #8488, #2316, .T. ) ;
#2632 =( NAMED_UNIT ( * ) SI_UNIT ( $, .STERADIAN. ) SOLID_ANGLE_UNIT ( ) );
#2633 = DIMENSIONAL_EXPONENTS ( 1.000000000000000000, 0.0000000000000000000, 0.0000000000000000000, 0.0000000000000000000, 0.0000000000000000000, 0.0000000000000000000, 0.0000000000000000000 ) ;
#2634 =( LENGTH_UNIT ( ) NAMED_UNIT ( * ) SI_UNIT ( $, .METRE. ) );
#2635 = DIRECTION ( 'NONE',  ( -1.000000000000000000, 0.0000000000000000000, 0.0000000000000000000 ) ) ;
#2636 = STYLED_ITEM ( 'NONE', ( #7649 ), #1717 ) ;
#2637 = ADVANCED_FACE ( 'NONE', ( #7703 ), #6663, .F. ) ;
#2638 = ORIENTED_EDGE ( 'NONE', *, *, #5572, .F. ) ;
#2639 =( NAMED_UNIT ( * ) SI_UNIT ( $, .STERADIAN. ) SOLID_ANGLE_UNIT ( ) );
#2640 = MECHANICAL_DESIGN_GEOMETRIC_PRESENTATION_REPRESENTATION (  '', ( #1713 ), #3107 ) ;
#2641 = LENGTH_MEASURE_WITH_UNIT ( LENGTH_MEASURE( 0.02539999999999999900 ), #1482 );
#2642 =( NAMED_UNIT ( * ) PLANE_ANGLE_UNIT ( ) SI_UNIT ( $, .RADIAN. ) );
#2643 = COLOUR_RGB ( '',0.5019607843137254800, 0.5019607843137254800, 0.5019607843137254800 ) ;
#2644 = CONICAL_SURFACE ( 'NONE', #3148, 0.4220000000000000400, 1.379611867197881000 ) ;
#2645 = VERTEX_POINT ( 'NONE', #3024 ) ;
#2646 = DIRECTION ( 'NONE',  ( 1.220408817397570400E-016, -1.013066643420215200E-017, -1.000000000000000000 ) ) ;
#2647 = EDGE_LOOP ( 'NONE', ( #3883, #7948, #3115, #7240 ) ) ;
#2648 = STYLED_ITEM ( 'NONE', ( #34 ), #2950 ) ;
#2649 = LINE ( 'NONE', #6958, #7818 ) ;
#2650 = ORIENTED_EDGE ( 'NONE', *, *, #5826, .F. ) ;
#2651 = LINE ( 'NONE', #2075, #790 ) ;
#2652 = CARTESIAN_POINT ( 'NONE',  ( -0.7282875163485816900, -0.3315016303536160700, -1.119005744536216900 ) ) ;
#2653 = APPLICATION_PROTOCOL_DEFINITION ( 'draft international standard', 'automotive_design', 1998, #6712 ) ;
#2654 = CONICAL_SURFACE ( 'NONE', #533, 0.3350000000000006900, 0.7853981633974508300 ) ;
#2655 = ORIENTED_EDGE ( 'NONE', *, *, #6150, .F. ) ;
#2656 = ORIENTED_EDGE ( 'NONE', *, *, #8434, .F. ) ;
#2657 = FILL_AREA_STYLE ('',( #1258 ) ) ;
#2658 = LINE ( 'NONE', #6441, #7828 ) ;
#2659 = ORIENTED_EDGE ( 'NONE', *, *, #1395, .F. ) ;
#2660 =( LENGTH_UNIT ( ) NAMED_UNIT ( * ) SI_UNIT ( $, .METRE. ) );
#2661 = VECTOR ( 'NONE', #280, 39.37007874015748900 ) ;
#2662 = PRESENTATION_STYLE_ASSIGNMENT (( #3026 ) ) ;
#2663 = ORIENTED_EDGE ( 'NONE', *, *, #1992, .F. ) ;
#2664 = CARTESIAN_POINT ( 'NONE',  ( -0.7180426251315423800, -0.4033328233170396200, -1.546958369861348500 ) ) ;
#2665 = STYLED_ITEM ( 'NONE', ( #66 ), #4222 ) ;
#2666 = CARTESIAN_POINT ( 'NONE',  ( -0.7282875163485819100, -0.3315016303536162400, -0.9299583694396620400 ) ) ;
#2667 = ORIENTED_EDGE ( 'NONE', *, *, #2478, .T. ) ;
#2668 = CARTESIAN_POINT ( 'NONE',  ( -0.7282875163485818000, -0.7535016303536159500, 1.048844797839501900 ) ) ;
#2669 = PRESENTATION_LAYER_ASSIGNMENT (  '', '', ( #2204 ) ) ;
#2670 = ORIENTED_EDGE ( 'NONE', *, *, #7857, .T. ) ;
#2671 = PRESENTATION_STYLE_ASSIGNMENT (( #2785 ) ) ;
#2672 = FILL_AREA_STYLE_COLOUR ( '', #5 ) ;
#2673 = EDGE_CURVE ( 'NONE', #1053, #2250, #8446, .T. ) ;
#2674 = ORIENTED_EDGE ( 'NONE', *, *, #6871, .F. ) ;
#2675 = FACE_OUTER_BOUND ( 'NONE', #504, .T. ) ;
#2676 = CIRCLE ( 'NONE', #3382, 0.2475000000000015200 ) ;
#2677 =( NAMED_UNIT ( * ) PLANE_ANGLE_UNIT ( ) SI_UNIT ( $, .RADIAN. ) );
#2678 = VERTEX_POINT ( 'NONE', #3721 ) ;
#2679 = AXIS2_PLACEMENT_3D ( 'NONE', #7304, #3272, #7990 ) ;
#2680 = ORIENTED_EDGE ( 'NONE', *, *, #3898, .T. ) ;
#2681 = COLOUR_RGB ( '',0.5019607843137254800, 0.5019607843137254800, 0.5019607843137254800 ) ;
#2682 =( NAMED_UNIT ( * ) PLANE_ANGLE_UNIT ( ) SI_UNIT ( $, .RADIAN. ) );
#2683 =( LENGTH_UNIT ( ) NAMED_UNIT ( * ) SI_UNIT ( $, .METRE. ) );
#2684 = ORIENTED_EDGE ( 'NONE', *, *, #1409, .F. ) ;
#2685 = AXIS2_PLACEMENT_3D ( 'NONE', #8337, #4307, #201 ) ;
#2686 =( GEOMETRIC_REPRESENTATION_CONTEXT ( 3 ) GLOBAL_UNCERTAINTY_ASSIGNED_CONTEXT ( ( #6671 ) ) GLOBAL_UNIT_ASSIGNED_CONTEXT ( ( #6847, #2811, #7521 ) ) REPRESENTATION_CONTEXT ( 'NONE', 'WORKASPACE' ) );
#2687 = MECHANICAL_DESIGN_GEOMETRIC_PRESENTATION_REPRESENTATION (  '', ( #1752 ), #3149 ) ;
#2688 = DIRECTION ( 'NONE',  ( 1.000000000000000000, 0.0000000000000000000, -3.659099431459149000E-016 ) ) ;
#2689 = ADVANCED_FACE ( 'NONE', ( #1432 ), #5830, .T. ) ;
#2690 = SURFACE_STYLE_FILL_AREA ( #7561 ) ;
#2692 = FILL_AREA_STYLE ('',( #7408 ) ) ;
#2691 =( NAMED_UNIT ( * ) PLANE_ANGLE_UNIT ( ) SI_UNIT ( $, .RADIAN. ) );
#2693 = EDGE_LOOP ( 'NONE', ( #2684, #3649, #1458, #2585, #4055 ) ) ;
#2694 = VECTOR ( 'NONE', #7055, 39.37007874015748100 ) ;
#2695 = DIRECTION ( 'NONE',  ( -1.220408817397570400E-016, 1.013066643420215200E-017, 1.000000000000000000 ) ) ;
#2696 = CARTESIAN_POINT ( 'NONE',  ( -0.9172875163485908500, -0.3315016303536181300, -1.694000000000017900 ) ) ;
#2697 = FACE_OUTER_BOUND ( 'NONE', #7232, .T. ) ;
#2698 = CARTESIAN_POINT ( 'NONE',  ( -0.7282875163485818000, -0.3315016303536155200, 1.048844797839501900 ) ) ;
#2699 = LINE ( 'NONE', #4636, #8092 ) ;
#2700 = CARTESIAN_POINT ( 'NONE',  ( -0.7182820955463802300, -0.3774242996420063000, -1.259000000000018500 ) ) ;
#2701 = STYLED_ITEM ( 'NONE', ( #1389 ), #6598 ) ;
#2702 = COLOUR_RGB ( '',0.5019607843137254800, 0.5019607843137254800, 0.5019607843137254800 ) ;
#2703 = VERTEX_POINT ( 'NONE', #5096 ) ;
#2704 = CIRCLE ( 'NONE', #375, 0.009999999999999892700 ) ;
#2705 = SURFACE_SIDE_STYLE ('',( #7346 ) ) ;
#2706 = DIRECTION ( 'NONE',  ( -1.000000000000000000, 0.0000000000000000000, 0.0000000000000000000 ) ) ;
#2707 = LINE ( 'NONE', #3074, #6321 ) ;
#2708 = AXIS2_PLACEMENT_3D ( 'NONE', #5874, #1773, #6541 ) ;
#2709 = SURFACE_STYLE_FILL_AREA ( #8220 ) ;
#2710 = ORIENTED_EDGE ( 'NONE', *, *, #5484, .F. ) ;
#2711 = CIRCLE ( 'NONE', #5313, 0.2149999999999997500 ) ;
#2712 = CARTESIAN_POINT ( 'NONE',  ( -0.7282875163485911200, -0.3315016303536180700, -1.539000000000017900 ) ) ;
#2713 = FILL_AREA_STYLE ('',( #1303 ) ) ;
#2714 = DIMENSIONAL_EXPONENTS ( 1.000000000000000000, 0.0000000000000000000, 0.0000000000000000000, 0.0000000000000000000, 0.0000000000000000000, 0.0000000000000000000, 0.0000000000000000000 ) ;
#2715 = SURFACE_STYLE_FILL_AREA ( #158 ) ;
#2716 = EDGE_CURVE ( 'NONE', #714, #6685, #4220, .T. ) ;
#2717 = SURFACE_SIDE_STYLE ('',( #1756 ) ) ;
#2718 = PRESENTATION_STYLE_ASSIGNMENT (( #1238 ) ) ;
#2719 = EDGE_LOOP ( 'NONE', ( #7854, #3080 ) ) ;
#2720 = FACE_OUTER_BOUND ( 'NONE', #1947, .T. ) ;
#2721 =( NAMED_UNIT ( * ) SI_UNIT ( $, .STERADIAN. ) SOLID_ANGLE_UNIT ( ) );
#2722 = UNCERTAINTY_MEASURE_WITH_UNIT (LENGTH_MEASURE( 1.000000000000000100E-005 ), #8584, 'distance_accuracy_value', 'NONE');
#2723 = MECHANICAL_DESIGN_GEOMETRIC_PRESENTATION_REPRESENTATION (  '', ( #1789 ), #3179 ) ;
#2724 =( NAMED_UNIT ( * ) PLANE_ANGLE_UNIT ( ) SI_UNIT ( $, .RADIAN. ) );
#2725 = DIMENSIONAL_EXPONENTS ( 1.000000000000000000, 0.0000000000000000000, 0.0000000000000000000, 0.0000000000000000000, 0.0000000000000000000, 0.0000000000000000000, 0.0000000000000000000 ) ;
#2726 = SURFACE_STYLE_FILL_AREA ( #3613 ) ;
#2728 = DIRECTION ( 'NONE',  ( -9.726753936418404900E-033, -1.224606353822377300E-016, -1.000000000000000000 ) ) ;
#2727 =( NAMED_UNIT ( * ) PLANE_ANGLE_UNIT ( ) SI_UNIT ( $, .RADIAN. ) );
#2729 =( LENGTH_UNIT ( ) NAMED_UNIT ( * ) SI_UNIT ( $, .METRE. ) );
#2730 = UNCERTAINTY_MEASURE_WITH_UNIT (LENGTH_MEASURE( 1.000000000000000100E-005 ), #7095, 'distance_accuracy_value', 'NONE');
#2731 = FILL_AREA_STYLE ('',( #6778 ) ) ;
#2732 = CIRCLE ( 'NONE', #4051, 0.4220000000000000400 ) ;
#2733 = STYLED_ITEM ( 'NONE', ( #6045 ), #4995 ) ;
#2734 = CIRCLE ( 'NONE', #2946, 0.1789999999999998000 ) ;
#2735 = DIRECTION ( 'NONE',  ( -1.000000000000000000, 0.0000000000000000000, 0.0000000000000000000 ) ) ;
#2736 = AXIS2_PLACEMENT_3D ( 'NONE', #3161, #7871, #3851 ) ;
#2737 = MECHANICAL_DESIGN_GEOMETRIC_PRESENTATION_REPRESENTATION (  '', ( #1811 ), #3203 ) ;
#2738 = CARTESIAN_POINT ( 'NONE',  ( -0.7087932312470413000, -0.3742681224751326400, -1.599000000000018600 ) ) ;
#2739 = EDGE_CURVE ( 'NONE', #8283, #3837, #7597, .T. ) ;
#2740 = DIRECTION ( 'NONE',  ( 0.0000000000000000000, -0.0000000000000000000, 1.000000000000000000 ) ) ;
#2741 = DIMENSIONAL_EXPONENTS ( 1.000000000000000000, 0.0000000000000000000, 0.0000000000000000000, 0.0000000000000000000, 0.0000000000000000000, 0.0000000000000000000, 0.0000000000000000000 ) ;
#2742 = ORIENTED_EDGE ( 'NONE', *, *, #8514, .T. ) ;
#2744 = DIRECTION ( 'NONE',  ( 1.000000000000000000, 0.0000000000000000000, 0.0000000000000000000 ) ) ;
#2743 =( CONVERSION_BASED_UNIT ( 'INCH', #5944 ) LENGTH_UNIT ( ) NAMED_UNIT ( #8170 ) );
#2745 = MECHANICAL_DESIGN_GEOMETRIC_PRESENTATION_REPRESENTATION (  '', ( #1823 ), #3220 ) ;
#2746 = AXIS2_PLACEMENT_3D ( 'NONE', #5806, #1711, #6477 ) ;
#2747 = LINE ( 'NONE', #3616, #7925 ) ;
#2748 = DIRECTION ( 'NONE',  ( 0.0000000000000000000, 0.7071067811865492400, -0.7071067811865459100 ) ) ;
#2749 = EDGE_CURVE ( 'NONE', #6167, #5041, #2414, .T. ) ;
#2750 = DIRECTION ( 'NONE',  ( 0.0000000000000000000, 0.0000000000000000000, -1.000000000000000000 ) ) ;
#2752 = DIRECTION ( 'NONE',  ( 1.220408817397570400E-016, -1.013066643420215200E-017, -1.000000000000000000 ) ) ;
#2751 = CARTESIAN_POINT ( 'NONE',  ( -0.9370425309340864000, -0.4009375280248530500, -1.539000000000018100 ) ) ;
#2753 = VERTEX_POINT ( 'NONE', #6461 ) ;
#2754 = FACE_OUTER_BOUND ( 'NONE', #2344, .T. ) ;
#2755 = DIMENSIONAL_EXPONENTS ( 1.000000000000000000, 0.0000000000000000000, 0.0000000000000000000, 0.0000000000000000000, 0.0000000000000000000, 0.0000000000000000000, 0.0000000000000000000 ) ;
#2756 = MECHANICAL_DESIGN_GEOMETRIC_PRESENTATION_REPRESENTATION (  '', ( #1833 ), #3231 ) ;
#2757 = SURFACE_STYLE_FILL_AREA ( #1338 ) ;
#2758 = ORIENTED_EDGE ( 'NONE', *, *, #1930, .T. ) ;
#2759 = FILL_AREA_STYLE_COLOUR ( '', #3570 ) ;
#2760 = VERTEX_POINT ( 'NONE', #1022 ) ;
#2761 = CARTESIAN_POINT ( 'NONE',  ( -0.7282875163485909000, -0.3315016303536180700, -3.282590941438460400 ) ) ;
#2762 = CIRCLE ( 'NONE', #8433, 0.08600000000000011800 ) ;
#2763 = ORIENTED_EDGE ( 'NONE', *, *, #1689, .F. ) ;
#2764 = CIRCLE ( 'NONE', #5636, 0.08600000000001811800 ) ;
#2765 = EDGE_CURVE ( 'NONE', #1602, #5535, #566, .T. ) ;
#2766 =( LENGTH_UNIT ( ) NAMED_UNIT ( * ) SI_UNIT ( $, .METRE. ) );
#2767 = CIRCLE ( 'NONE', #3478, 0.3732951296946414000 ) ;
#2768 = CARTESIAN_POINT ( 'NONE',  ( -0.7282875163485818000, -0.3315016303536155200, 1.168000000000000100 ) ) ;
#2769 = ORIENTED_EDGE ( 'NONE', *, *, #439, .T. ) ;
#2770 = AXIS2_PLACEMENT_3D ( 'NONE', #1491, #6272, #2196 ) ;
#2771 = CARTESIAN_POINT ( 'NONE',  ( -0.9172875163485920700, -0.3315016303536180700, -3.282590941438460400 ) ) ;
#2772 = FILL_AREA_STYLE_COLOUR ( '', #5238 ) ;
#2773 =( CONVERSION_BASED_UNIT ( 'INCH', #2304 ) LENGTH_UNIT ( ) NAMED_UNIT ( #4263 ) );
#2774 = ORIENTED_EDGE ( 'NONE', *, *, #1147, .T. ) ;
#2775 = ORIENTED_EDGE ( 'NONE', *, *, #1992, .T. ) ;
#2776 = SURFACE_STYLE_FILL_AREA ( #130 ) ;
#2778 = PLANE ( 'NONE',  #8069 ) ;
#2777 = DIRECTION ( 'NONE',  ( -1.000000000000000000, 0.0000000000000000000, 0.0000000000000000000 ) ) ;
#2779 = EDGE_LOOP ( 'NONE', ( #4197, #1017, #2667, #2758 ) ) ;
#2780 = VERTEX_POINT ( 'NONE', #3112 ) ;
#2781 = DIRECTION ( 'NONE',  ( 9.726753936418404900E-033, 1.224606353822377300E-016, 1.000000000000000000 ) ) ;
#2782 = SURFACE_STYLE_FILL_AREA ( #4666 ) ;
#2783 = ORIENTED_EDGE ( 'NONE', *, *, #4843, .T. ) ;
#2785 = SURFACE_STYLE_USAGE ( .BOTH. , #6830 ) ;
#2784 =( NAMED_UNIT ( * ) PLANE_ANGLE_UNIT ( ) SI_UNIT ( $, .RADIAN. ) );
#2786 = VERTEX_POINT ( 'NONE', #5813 ) ;
#2787 = FACE_OUTER_BOUND ( 'NONE', #5334, .T. ) ;
#2788 =( GEOMETRIC_REPRESENTATION_CONTEXT ( 3 ) GLOBAL_UNCERTAINTY_ASSIGNED_CONTEXT ( ( #657 ) ) GLOBAL_UNIT_ASSIGNED_CONTEXT ( ( #1940, #6689, #2632 ) ) REPRESENTATION_CONTEXT ( 'NONE', 'WORKASPACE' ) );
#2789 = FILL_AREA_STYLE ('',( #5489 ) ) ;
#2790 = VECTOR ( 'NONE', #1477, 39.37007874015748100 ) ;
#2791 = ORIENTED_EDGE ( 'NONE', *, *, #5121, .T. ) ;
#2792 = CIRCLE ( 'NONE', #602, 0.04699999999999951400 ) ;
#2793 = SURFACE_STYLE_USAGE ( .BOTH. , #6835 ) ;
#2794 = PRESENTATION_LAYER_ASSIGNMENT (  '', '', ( #2324 ) ) ;
#2795 =( GEOMETRIC_REPRESENTATION_CONTEXT ( 3 ) GLOBAL_UNCERTAINTY_ASSIGNED_CONTEXT ( ( #2998 ) ) GLOBAL_UNIT_ASSIGNED_CONTEXT ( ( #5077, #980, #5769 ) ) REPRESENTATION_CONTEXT ( 'NONE', 'WORKASPACE' ) );
#2796 = EDGE_CURVE ( 'NONE', #4062, #2496, #3816, .T. ) ;
#2797 = ORIENTED_EDGE ( 'NONE', *, *, #1330, .T. ) ;
#2798 = LINE ( 'NONE', #7744, #4618 ) ;
#2799 = CARTESIAN_POINT ( 'NONE',  ( -1.188147005758116000, -0.5970016303536215300, -1.331775896911328400E-015 ) ) ;
#2801 = DIRECTION ( 'NONE',  ( -0.3156177166874279400, 0.9488864299340646900, -8.389039797967620400E-030 ) ) ;
#2800 = COLOUR_RGB ( '',0.5019607843137254800, 0.5019607843137254800, 0.5019607843137254800 ) ;
#2802 = SURFACE_STYLE_USAGE ( .BOTH. , #6845 ) ;
#2803 = EDGE_LOOP ( 'NONE', ( #839, #4723, #2312, #3109, #776, #273 ) ) ;
#2804 = CIRCLE ( 'NONE', #4338, 0.1450000000000002400 ) ;
#2805 = CIRCLE ( 'NONE', #4776, 0.1341250670370399700 ) ;
#2806 = MECHANICAL_DESIGN_GEOMETRIC_PRESENTATION_REPRESENTATION (  '', ( #1876 ), #3269 ) ;
#2807 = EDGE_LOOP ( 'NONE', ( #2663, #5570, #3420, #376 ) ) ;
#2808 = STYLED_ITEM ( 'NONE', ( #3798 ), #8343 ) ;
#2809 = EDGE_CURVE ( 'NONE', #6893, #7318, #361, .T. ) ;
#2810 = PRESENTATION_STYLE_ASSIGNMENT (( #5224 ) ) ;
#2812 = DIRECTION ( 'NONE',  ( -1.000000000000000000, 0.0000000000000000000, 0.0000000000000000000 ) ) ;
#2811 =( NAMED_UNIT ( * ) PLANE_ANGLE_UNIT ( ) SI_UNIT ( $, .RADIAN. ) );
#2813 = VERTEX_POINT ( 'NONE', #355 ) ;
#2814 = DIRECTION ( 'NONE',  ( 1.000000000000000000, 0.0000000000000000000, 0.0000000000000000000 ) ) ;
#2816 = DIRECTION ( 'NONE',  ( 3.209407887293528100E-018, 1.059104602806867900E-016, 1.000000000000000000 ) ) ;
#2815 = DIRECTION ( 'NONE',  ( 1.220408817397570400E-016, -1.013066643420215200E-017, -1.000000000000000000 ) ) ;
#2817 = MECHANICAL_DESIGN_GEOMETRIC_PRESENTATION_REPRESENTATION (  '', ( #1888 ), #3283 ) ;
#2818 = COLOUR_RGB ( '',0.5019607843137254800, 0.5019607843137254800, 0.5019607843137254800 ) ;
#2819 = CIRCLE ( 'NONE', #8012, 0.1341250670370401100 ) ;
#2820 = CARTESIAN_POINT ( 'NONE',  ( -0.7282875163485882400, -0.3315016303536172900, -1.599000000000018600 ) ) ;
#2821 = VERTEX_POINT ( 'NONE', #3799 ) ;
#2822 = CARTESIAN_POINT ( 'NONE',  ( -0.7282875163485816900, -0.3315016303536160700, -1.119005744536216900 ) ) ;
#2823 = DIRECTION ( 'NONE',  ( -1.000000000000000000, 0.0000000000000000000, 5.389556073798631000E-015 ) ) ;
#2824 = AXIS2_PLACEMENT_3D ( 'NONE', #4453, #328, #5127 ) ;
#2825 = LINE ( 'NONE', #2056, #6219 ) ;
#2826 =( NAMED_UNIT ( * ) SI_UNIT ( $, .STERADIAN. ) SOLID_ANGLE_UNIT ( ) );
#2827 = FACE_OUTER_BOUND ( 'NONE', #1176, .T. ) ;
#2828 = CARTESIAN_POINT ( 'NONE',  ( -0.7282875163485813500, -0.3315016303536163500, -0.4619583694396621800 ) ) ;
#2829 = CARTESIAN_POINT ( 'NONE',  ( -0.7282875163485818000, -0.3315016303536152400, -1.216958369439662000 ) ) ;
#2830 = CARTESIAN_POINT ( 'NONE',  ( -0.7282875163485818000, -0.3315016303536152400, -1.116958369439662100 ) ) ;
#2831 = UNCERTAINTY_MEASURE_WITH_UNIT (LENGTH_MEASURE( 1.000000000000000100E-005 ), #6768, 'distance_accuracy_value', 'NONE');
#2832 = DIRECTION ( 'NONE',  ( 1.000000000000000000, 0.0000000000000000000, 0.0000000000000000000 ) ) ;
#2833 = EDGE_LOOP ( 'NONE', ( #6734, #7976 ) ) ;
#2835 = CARTESIAN_POINT ( 'NONE',  ( -0.7282875163485818000, -0.7535016303536159500, 0.2849999999999988100 ) ) ;
#2834 = DIRECTION ( 'NONE',  ( 1.000000000000000000, 0.0000000000000000000, 0.0000000000000000000 ) ) ;
#2836 = UNCERTAINTY_MEASURE_WITH_UNIT (LENGTH_MEASURE( 1.000000000000000100E-005 ), #5492, 'distance_accuracy_value', 'NONE');
#2837 =( NAMED_UNIT ( * ) SI_UNIT ( $, .STERADIAN. ) SOLID_ANGLE_UNIT ( ) );
#2838 = EDGE_CURVE ( 'NONE', #2760, #3321, #7195, .T. ) ;
#2839 = DIRECTION ( 'NONE',  ( -9.529702303403800100E-016, 0.0000000000000000000, 1.000000000000000000 ) ) ;
#2840 = DIMENSIONAL_EXPONENTS ( 1.000000000000000000, 0.0000000000000000000, 0.0000000000000000000, 0.0000000000000000000, 0.0000000000000000000, 0.0000000000000000000, 0.0000000000000000000 ) ;
#2841 = COLOUR_RGB ( '',0.5019607843137254800, 0.5019607843137254800, 0.5019607843137254800 ) ;
#2842 = SURFACE_SIDE_STYLE ('',( #3005 ) ) ;
#2843 = CARTESIAN_POINT ( 'NONE',  ( -0.7752875163485882800, -0.3315016303536165700, -1.599000000000018400 ) ) ;
#2844 = PRESENTATION_LAYER_ASSIGNMENT (  '', '', ( #2388 ) ) ;
#2845 = FILL_AREA_STYLE ('',( #8134 ) ) ;
#2846 = LENGTH_MEASURE_WITH_UNIT ( LENGTH_MEASURE( 0.02539999999999999900 ), #7097 );
#2847 = PRESENTATION_LAYER_ASSIGNMENT (  '', '', ( #1931 ) ) ;
#2848 = STYLED_ITEM ( 'NONE', ( #3622 ), #7867 ) ;
#2849 = PRESENTATION_LAYER_ASSIGNMENT (  '', '', ( #2393 ) ) ;
#2850 = ADVANCED_FACE ( 'NONE', ( #7390 ), #6357, .T. ) ;
#2851 = FILL_AREA_STYLE_COLOUR ( '', #6667 ) ;
#2852 = DIRECTION ( 'NONE',  ( -7.472189016151557300E-032, -6.165649696520689200E-033, -1.000000000000000000 ) ) ;
#2853 = UNCERTAINTY_MEASURE_WITH_UNIT (LENGTH_MEASURE( 1.000000000000000100E-005 ), #6086, 'distance_accuracy_value', 'NONE');
#2854 = ORIENTED_EDGE ( 'NONE', *, *, #1815, .T. ) ;
#2855 = CARTESIAN_POINT ( 'NONE',  ( -0.7282875163485813500, -0.3315016303536163500, -0.3769583694396621000 ) ) ;
#2856 =( NAMED_UNIT ( * ) SI_UNIT ( $, .STERADIAN. ) SOLID_ANGLE_UNIT ( ) );
#2857 = VECTOR ( 'NONE', #3517, 39.37007874015748100 ) ;
#2858 = ORIENTED_EDGE ( 'NONE', *, *, #7339, .T. ) ;
#2860 = CARTESIAN_POINT ( 'NONE',  ( -0.7282875163485816900, -0.3315016303536156300, -0.3769583694396618200 ) ) ;
#2859 = FILL_AREA_STYLE ('',( #759 ) ) ;
#2861 = VERTEX_POINT ( 'NONE', #423 ) ;
#2862 = CIRCLE ( 'NONE', #7367, 0.1675602491018269300 ) ;
#2863 =( GEOMETRIC_REPRESENTATION_CONTEXT ( 3 ) GLOBAL_UNCERTAINTY_ASSIGNED_CONTEXT ( ( #4961 ) ) GLOBAL_UNIT_ASSIGNED_CONTEXT ( ( #752, #5561, #1459 ) ) REPRESENTATION_CONTEXT ( 'NONE', 'WORKASPACE' ) );
#2864 = ORIENTED_EDGE ( 'NONE', *, *, #1029, .T. ) ;
#2865 = CARTESIAN_POINT ( 'NONE',  ( -0.7282875163485816900, -0.3315016303536162400, -0.6699583694396619200 ) ) ;
#2866 = CIRCLE ( 'NONE', #7729, 0.009999999999999892700 ) ;
#2867 = DIRECTION ( 'NONE',  ( 0.0000000000000000000, 0.0000000000000000000, 1.000000000000000000 ) ) ;
#2868 = VERTEX_POINT ( 'NONE', #3863 ) ;
#2869 = SURFACE_SIDE_STYLE ('',( #4230 ) ) ;
#2871 = CARTESIAN_POINT ( 'NONE',  ( -0.7282875163485813500, -0.3315016303536163500, -0.4619583694396621800 ) ) ;
#2870 = SURFACE_SIDE_STYLE ('',( #8738 ) ) ;
#2872 = EDGE_LOOP ( 'NONE', ( #84, #3516 ) ) ;
#2873 = CARTESIAN_POINT ( 'NONE',  ( -0.7282875163485818000, 0.04849836964638525700, -0.5081049102779643400 ) ) ;
#2874 = MECHANICAL_DESIGN_GEOMETRIC_PRESENTATION_REPRESENTATION (  '', ( #1952 ), #3345 ) ;
#2875 = SURFACE_STYLE_FILL_AREA ( #4733 ) ;
#2876 = ORIENTED_EDGE ( 'NONE', *, *, #7803, .T. ) ;
#2877 = SURFACE_STYLE_FILL_AREA ( #6479 ) ;
#2878 = FILL_AREA_STYLE_COLOUR ( '', #3531 ) ;
#2879 = VECTOR ( 'NONE', #4957, 39.37007874015748100 ) ;
#2880 =( LENGTH_UNIT ( ) NAMED_UNIT ( * ) SI_UNIT ( $, .METRE. ) );
#2881 = VERTEX_POINT ( 'NONE', #8565 ) ;
#2882 = CARTESIAN_POINT ( 'NONE',  ( -0.7282875163485818000, -0.7065016303536159100, -0.5050000000000006700 ) ) ;
#2883 = EDGE_LOOP ( 'NONE', ( #5303, #7007, #4625, #4953, #2763, #5775, #862 ) ) ;
#2884 = EDGE_CURVE ( 'NONE', #4271, #2962, #8131, .T. ) ;
#2885 = ORIENTED_EDGE ( 'NONE', *, *, #3457, .F. ) ;
#2886 = DIRECTION ( 'NONE',  ( 0.0000000000000000000, -1.000000000000000000, -1.018395760767760200E-015 ) ) ;
#2887 = EDGE_LOOP ( 'NONE', ( #4703, #6573 ) ) ;
#2888 = FACE_BOUND ( 'NONE', #4886, .T. ) ;
#2889 = STYLED_ITEM ( 'NONE', ( #8082 ), #3399 ) ;
#2890 =( NAMED_UNIT ( * ) SI_UNIT ( $, .STERADIAN. ) SOLID_ANGLE_UNIT ( ) );
#2891 = DIRECTION ( 'NONE',  ( 1.000000000000000000, 0.0000000000000000000, 0.0000000000000000000 ) ) ;
#2892 = DIMENSIONAL_EXPONENTS ( 1.000000000000000000, 0.0000000000000000000, 0.0000000000000000000, 0.0000000000000000000, 0.0000000000000000000, 0.0000000000000000000, 0.0000000000000000000 ) ;
#2893 = EDGE_LOOP ( 'NONE', ( #4478, #5639, #6253, #7952 ) ) ;
#2894 = MECHANICAL_DESIGN_GEOMETRIC_PRESENTATION_REPRESENTATION (  '', ( #1966 ), #3355 ) ;
#2895 = SURFACE_SIDE_STYLE ('',( #139 ) ) ;
#2896 = ORIENTED_EDGE ( 'NONE', *, *, #5036, .T. ) ;
#2897 = UNCERTAINTY_MEASURE_WITH_UNIT (LENGTH_MEASURE( 1.000000000000000100E-005 ), #8501, 'distance_accuracy_value', 'NONE');
#2899 = CARTESIAN_POINT ( 'NONE',  ( -0.9432875163480720600, -0.3315016303536180700, -1.092312662477099600 ) ) ;
#2898 = CARTESIAN_POINT ( 'NONE',  ( -0.7282875163485813500, -0.3315016303536155200, -0.8867329652895077400 ) ) ;
#2900 = CARTESIAN_POINT ( 'NONE',  ( -0.9072875163485908400, -0.3315016303536181300, -1.694000000000017900 ) ) ;
#2901 = ORIENTED_EDGE ( 'NONE', *, *, #7915, .F. ) ;
#2902 = CARTESIAN_POINT ( 'NONE',  ( -0.3732875163485817600, -0.3315016303536155200, -0.9320000000000000500 ) ) ;
#2903 = ADVANCED_FACE ( 'NONE', ( #1115 ), #5503, .F. ) ;
#2904 = DIRECTION ( 'NONE',  ( 0.0000000000000000000, -1.000000000000000000, 0.0000000000000000000 ) ) ;
#2905 = COLOUR_RGB ( '',0.5019607843137254800, 0.5019607843137254800, 0.5019607843137254800 ) ;
#2907 = DIRECTION ( 'NONE',  ( 1.000000000000000000, 0.0000000000000000000, 0.0000000000000000000 ) ) ;
#2906 = DIRECTION ( 'NONE',  ( 5.275807990682081900E-015, 1.754834318598151300E-015, 1.000000000000000000 ) ) ;
#2908 = AXIS2_PLACEMENT_3D ( 'NONE', #8592, #4565, #445 ) ;
#2909 = SURFACE_STYLE_USAGE ( .BOTH. , #6952 ) ;
#2910 = DIRECTION ( 'NONE',  ( -1.000000000000000000, 0.0000000000000000000, 5.389556073798631000E-015 ) ) ;
#2911 = ORIENTED_EDGE ( 'NONE', *, *, #7370, .T. ) ;
#2912 =( GEOMETRIC_REPRESENTATION_CONTEXT ( 3 ) GLOBAL_UNCERTAINTY_ASSIGNED_CONTEXT ( ( #8198 ) ) GLOBAL_UNIT_ASSIGNED_CONTEXT ( ( #5560, #1457, #6234 ) ) REPRESENTATION_CONTEXT ( 'NONE', 'WORKASPACE' ) );
#2913 = AXIS2_PLACEMENT_3D ( 'NONE', #4667, #3300, #8719 ) ;
#2914 = CARTESIAN_POINT ( 'NONE',  ( -0.7282875163485818000, -0.3315016303536155200, -0.5050000000000006700 ) ) ;
#2915 = LINE ( 'NONE', #4647, #4519 ) ;
#2916 = EDGE_CURVE ( 'NONE', #1767, #3500, #7291, .T. ) ;
#2917 = CARTESIAN_POINT ( 'NONE',  ( -0.7282875163485911200, -0.3315016303536180700, -1.539000000000017900 ) ) ;
#2918 = SURFACE_SIDE_STYLE ('',( #7038 ) ) ;
#2919 = ORIENTED_EDGE ( 'NONE', *, *, #1029, .F. ) ;
#2920 =( NAMED_UNIT ( * ) SI_UNIT ( $, .STERADIAN. ) SOLID_ANGLE_UNIT ( ) );
#2921 =( NAMED_UNIT ( * ) SI_UNIT ( $, .STERADIAN. ) SOLID_ANGLE_UNIT ( ) );
#2922 = CARTESIAN_POINT ( 'NONE',  ( -0.8682875163485819200, -0.3315016303536152400, -0.9627890334555905300 ) ) ;
#2923 =( GEOMETRIC_REPRESENTATION_CONTEXT ( 3 ) GLOBAL_UNCERTAINTY_ASSIGNED_CONTEXT ( ( #7868 ) ) GLOBAL_UNIT_ASSIGNED_CONTEXT ( ( #4329, #222, #5013 ) ) REPRESENTATION_CONTEXT ( 'NONE', 'WORKASPACE' ) );
#2924 = AXIS2_PLACEMENT_3D ( 'NONE', #2172, #3518, #2199 ) ;
#2925 = DIRECTION ( 'NONE',  ( -9.726753936418404900E-033, -1.224606353822377300E-016, -1.000000000000000000 ) ) ;
#2926 = CIRCLE ( 'NONE', #4684, 0.2499999999999998100 ) ;
#2927 = EDGE_LOOP ( 'NONE', ( #7119, #2347, #2235, #5149 ) ) ;
#2928 = EDGE_CURVE ( 'NONE', #5632, #972, #252, .T. ) ;
#2929 = DIRECTION ( 'NONE',  ( 1.000000000000000000, 0.0000000000000000000, -3.520422672247766700E-016 ) ) ;
#2930 = FILL_AREA_STYLE_COLOUR ( '', #396 ) ;
#2931 =( CONVERSION_BASED_UNIT ( 'INCH', #4853 ) LENGTH_UNIT ( ) NAMED_UNIT ( #3085 ) );
#2932 =( GEOMETRIC_REPRESENTATION_CONTEXT ( 3 ) GLOBAL_UNCERTAINTY_ASSIGNED_CONTEXT ( ( #831 ) ) GLOBAL_UNIT_ASSIGNED_CONTEXT ( ( #1601, #6377, #2302 ) ) REPRESENTATION_CONTEXT ( 'NONE', 'WORKASPACE' ) );
#2933 = SURFACE_STYLE_FILL_AREA ( #8025 ) ;
#2934 = EDGE_LOOP ( 'NONE', ( #2461, #5528 ) ) ;
#2935 = CIRCLE ( 'NONE', #3221, 0.1450000000000002400 ) ;
#2936 = DIRECTION ( 'NONE',  ( -2.985768325466478400E-031, 6.902532920683853300E-031, 1.000000000000000000 ) ) ;
#2938 = SURFACE_STYLE_USAGE ( .BOTH. , #6974 ) ;
#2937 = DIRECTION ( 'NONE',  ( 0.0000000000000000000, 0.0000000000000000000, -1.000000000000000000 ) ) ;
#2939 = DIRECTION ( 'NONE',  ( 0.0000000000000000000, 0.0000000000000000000, -1.000000000000000000 ) ) ;
#2940 = SURFACE_STYLE_FILL_AREA ( #1108 ) ;
#2941 = EDGE_CURVE ( 'NONE', #785, #4633, #2080, .T. ) ;
#2942 = DIRECTION ( 'NONE',  ( 0.0000000000000000000, -1.000000000000000000, 1.618393361175510000E-016 ) ) ;
#2943 = DIRECTION ( 'NONE',  ( 0.0000000000000000000, 1.000000000000000000, 0.0000000000000000000 ) ) ;
#2944 = LENGTH_MEASURE_WITH_UNIT ( LENGTH_MEASURE( 0.02539999999999999900 ), #5750 );
#2945 = FILL_AREA_STYLE_COLOUR ( '', #6041 ) ;
#2946 = AXIS2_PLACEMENT_3D ( 'NONE', #7468, #3428, #8142 ) ;
#2947 = UNCERTAINTY_MEASURE_WITH_UNIT (LENGTH_MEASURE( 1.000000000000000100E-005 ), #6356, 'distance_accuracy_value', 'NONE');
#2948 = DIRECTION ( 'NONE',  ( 5.389556073798634900E-015, 1.412857278674264800E-015, 1.000000000000000000 ) ) ;
#2949 = DIRECTION ( 'NONE',  ( -9.529702303502999400E-016, 0.0000000000000000000, 1.000000000000000000 ) ) ;
#2950 = ADVANCED_FACE ( 'NONE', ( #3916 ), #1006, .F. ) ;
#2951 = FILL_AREA_STYLE ('',( #5652 ) ) ;
#2952 = CARTESIAN_POINT ( 'NONE',  ( -0.7282875163485818000, -0.3315016303536156800, -1.435026648845783100E-015 ) ) ;
#2953 = SURFACE_SIDE_STYLE ('',( #613 ) ) ;
#2954 = STYLED_ITEM ( 'NONE', ( #4135 ), #4367 ) ;
#2955 = SURFACE_STYLE_FILL_AREA ( #7917 ) ;
#2956 = DIRECTION ( 'NONE',  ( -1.000000000000000000, 0.0000000000000000000, 0.0000000000000000000 ) ) ;
#2957 = CARTESIAN_POINT ( 'NONE',  ( -0.9172875163485920700, -0.3315016303536180700, -3.282590941438460400 ) ) ;
#2958 = PRESENTATION_LAYER_ASSIGNMENT (  '', '', ( #1560 ) ) ;
#2959 = DIRECTION ( 'NONE',  ( 0.0000000000000000000, 1.000000000000000000, 0.0000000000000000000 ) ) ;
#2961 = CARTESIAN_POINT ( 'NONE',  ( -0.7282875163485818000, -0.3315016303536154600, -0.5081049102779643400 ) ) ;
#2960 = FILL_AREA_STYLE ('',( #192 ) ) ;
#2962 = VERTEX_POINT ( 'NONE', #3292 ) ;
#2963 = FILL_AREA_STYLE_COLOUR ( '', #2548 ) ;
#2964 = EDGE_CURVE ( 'NONE', #7536, #7989, #6458, .T. ) ;
#2965 = UNCERTAINTY_MEASURE_WITH_UNIT (LENGTH_MEASURE( 1.000000000000000100E-005 ), #715, 'distance_accuracy_value', 'NONE');
#2966 = ORIENTED_EDGE ( 'NONE', *, *, #5761, .T. ) ;
#2967 = CIRCLE ( 'NONE', #6543, 0.08600000000000011800 ) ;
#2968 =( NAMED_UNIT ( * ) SI_UNIT ( $, .STERADIAN. ) SOLID_ANGLE_UNIT ( ) );
#2969 = PRESENTATION_STYLE_ASSIGNMENT (( #6811 ) ) ;
#2970 = CYLINDRICAL_SURFACE ( 'NONE', #1383, 0.1341250670370401100 ) ;
#2971 = MECHANICAL_DESIGN_GEOMETRIC_PRESENTATION_REPRESENTATION (  '', ( #1116 ), #3425 ) ;
#2972 = CARTESIAN_POINT ( 'NONE',  ( -0.8714145848447536500, -0.4186284307238892800, -1.539000000000018100 ) ) ;
#2973 = AXIS2_PLACEMENT_3D ( 'NONE', #5088, #991, #5780 ) ;
#2974 = AXIS2_PLACEMENT_3D ( 'NONE', #6407, #2321, #7072 ) ;
#2975 = TOROIDAL_SURFACE ( 'NONE', #6029, 0.07249999999999902400, 0.02000000000000050300 ) ;
#2976 = CARTESIAN_POINT ( 'NONE',  ( -0.7282875163485818000, -0.3315016303536157900, -0.5249583694396620100 ) ) ;
#2977 = ORIENTED_EDGE ( 'NONE', *, *, #3490, .T. ) ;
#2978 = EDGE_CURVE ( 'NONE', #8669, #3787, #4663, .T. ) ;
#2979 =( LENGTH_UNIT ( ) NAMED_UNIT ( * ) SI_UNIT ( $, .METRE. ) );
#2980 = ORIENTED_EDGE ( 'NONE', *, *, #1109, .F. ) ;
#2981 = ORIENTED_EDGE ( 'NONE', *, *, #8233, .F. ) ;
#2982 = CIRCLE ( 'NONE', #4732, 0.2499999999999998100 ) ;
#2984 = DIRECTION ( 'NONE',  ( 0.0000000000000000000, 1.000000000000000000, 4.377961528315000500E-016 ) ) ;
#2983 = CARTESIAN_POINT ( 'NONE',  ( -0.6107875163485816400, -0.3315016303536160700, -1.319958369439661700 ) ) ;
#2985 = ORIENTED_EDGE ( 'NONE', *, *, #2673, .T. ) ;
#2986 = DIRECTION ( 'NONE',  ( 7.472189016151557300E-032, 6.165649696520689200E-033, 1.000000000000000000 ) ) ;
#2987 = AXIS2_PLACEMENT_3D ( 'NONE', #3905, #8612, #4593 ) ;
#2988 = SURFACE_STYLE_FILL_AREA ( #1190 ) ;
#2989 = ADVANCED_FACE ( 'NONE', ( #6237, #8228 ), #7330, .T. ) ;
#2990 = VERTEX_POINT ( 'NONE', #6679 ) ;
#2991 = VECTOR ( 'NONE', #7750, 39.37007874015748100 ) ;
#2992 =( LENGTH_UNIT ( ) NAMED_UNIT ( * ) SI_UNIT ( $, .METRE. ) );
#2993 = DIRECTION ( 'NONE',  ( 0.0000000000000000000, 0.0000000000000000000, -1.000000000000000000 ) ) ;
#2995 = CARTESIAN_POINT ( 'NONE',  ( -0.5507224663507219700, -0.2832546548817112500, -1.502840615533667100 ) ) ;
#2994 = FILL_AREA_STYLE_COLOUR ( '', #2818 ) ;
#2996 = EDGE_LOOP ( 'NONE', ( #6726, #2014, #288, #7980 ) ) ;
#2997 = ORIENTED_EDGE ( 'NONE', *, *, #4287, .F. ) ;
#2998 = UNCERTAINTY_MEASURE_WITH_UNIT (LENGTH_MEASURE( 1.000000000000000100E-005 ), #5077, 'distance_accuracy_value', 'NONE');
#2999 = AXIS2_PLACEMENT_3D ( 'NONE', #795, #5599, #1498 ) ;
#3000 = LENGTH_MEASURE_WITH_UNIT ( LENGTH_MEASURE( 0.02539999999999999900 ), #3811 );
#3001 = PRESENTATION_STYLE_ASSIGNMENT (( #2314 ) ) ;
#3002 = VERTEX_POINT ( 'NONE', #7381 ) ;
#3003 = ORIENTED_EDGE ( 'NONE', *, *, #3697, .F. ) ;
#3004 = SURFACE_STYLE_USAGE ( .BOTH. , #7054 ) ;
#3005 = SURFACE_STYLE_FILL_AREA ( #8217 ) ;
#3006 = FILL_AREA_STYLE ('',( #2308 ) ) ;
#3007 = EDGE_CURVE ( 'NONE', #2572, #497, #1975, .T. ) ;
#3008 = CARTESIAN_POINT ( 'NONE',  ( -0.9056641344427385200, -0.3849656436639844500, -1.501781424177477800 ) ) ;
#3009 = UNCERTAINTY_MEASURE_WITH_UNIT (LENGTH_MEASURE( 1.000000000000000100E-005 ), #1196, 'distance_accuracy_value', 'NONE');
#3010 = DIRECTION ( 'NONE',  ( 9.726753936418404900E-033, 1.224606353822377300E-016, 1.000000000000000000 ) ) ;
#3011 =( CONVERSION_BASED_UNIT ( 'INCH', #943 ) LENGTH_UNIT ( ) NAMED_UNIT ( #6741 ) );
#3012 = ORIENTED_EDGE ( 'NONE', *, *, #3226, .F. ) ;
#3013 = STYLED_ITEM ( 'NONE', ( #1243 ), #3943 ) ;
#3014 = PRESENTATION_STYLE_ASSIGNMENT (( #1204 ) ) ;
#3015 = EDGE_CURVE ( 'NONE', #3020, #7269, #5397, .T. ) ;
#3016 = SURFACE_STYLE_FILL_AREA ( #4632 ) ;
#3018 = FILL_AREA_STYLE ('',( #7693 ) ) ;
#3017 = CARTESIAN_POINT ( 'NONE',  ( -0.7926163667493477700, -0.2975527421280972400, -1.546958370819058600 ) ) ;
#3019 =( NAMED_UNIT ( * ) SI_UNIT ( $, .STERADIAN. ) SOLID_ANGLE_UNIT ( ) );
#3020 = VERTEX_POINT ( 'NONE', #8742 ) ;
#3021 = CARTESIAN_POINT ( 'NONE',  ( -0.7282875163485818000, -0.3315016303536156800, -1.435026648845783100E-015 ) ) ;
#3022 = EDGE_LOOP ( 'NONE', ( #8077, #1450, #5697, #7144 ) ) ;
#3023 = CARTESIAN_POINT ( 'NONE',  ( -0.7282875163485818000, -0.3315016303536155200, -1.025562063698267200 ) ) ;
#3024 = CARTESIAN_POINT ( 'NONE',  ( -0.5851604478524286000, -0.2443748299833468400, -1.539000000000018100 ) ) ;
#3026 = SURFACE_STYLE_USAGE ( .BOTH. , #7076 ) ;
#3025 = DIRECTION ( 'NONE',  ( -1.000000000000000000, 0.0000000000000000000, 0.0000000000000000000 ) ) ;
#3027 = STYLED_ITEM ( 'NONE', ( #4673 ), #5126 ) ;
#3028 =( LENGTH_UNIT ( ) NAMED_UNIT ( * ) SI_UNIT ( $, .METRE. ) );
#3029 = LENGTH_MEASURE_WITH_UNIT ( LENGTH_MEASURE( 0.02539999999999999900 ), #7214 );
#3030 = EDGE_CURVE ( 'NONE', #532, #1792, #7189, .T. ) ;
#3031 = STYLED_ITEM ( 'NONE', ( #2718 ), #954 ) ;
#3032 = EDGE_LOOP ( 'NONE', ( #5419, #6808 ) ) ;
#3033 = EDGE_CURVE ( 'NONE', #6167, #2491, #3599, .T. ) ;
#3034 = DIRECTION ( 'NONE',  ( 0.0000000000000000000, 0.0000000000000000000, 1.000000000000000000 ) ) ;
#3035 = FILL_AREA_STYLE_COLOUR ( '', #840 ) ;
#3036 = ADVANCED_FACE ( 'NONE', ( #147 ), #6352, .F. ) ;
#3037 = DIRECTION ( 'NONE',  ( 0.0000000000000000000, 1.000000000000000000, 0.0000000000000000000 ) ) ;
#3038 = EDGE_LOOP ( 'NONE', ( #4729, #708 ) ) ;
#3039 = DIRECTION ( 'NONE',  ( 7.472189016151557300E-032, 6.165649696520689200E-033, 1.000000000000000000 ) ) ;
#3040 = AXIS2_PLACEMENT_3D ( 'NONE', #1197, #5984, #1899 ) ;
#3041 = AXIS2_PLACEMENT_3D ( 'NONE', #580, #8094, #4045 ) ;
#3042 = SURFACE_STYLE_FILL_AREA ( #5971 ) ;
#3043 = EDGE_CURVE ( 'NONE', #4804, #850, #2734, .T. ) ;
#3044 = PRESENTATION_STYLE_ASSIGNMENT (( #894 ) ) ;
#3045 = FILL_AREA_STYLE_COLOUR ( '', #3742 ) ;
#3046 = DIRECTION ( 'NONE',  ( 0.0000000000000000000, 1.000000000000000000, -2.060207047528567700E-016 ) ) ;
#3047 = AXIS2_PLACEMENT_3D ( 'NONE', #7497, #3465, #2814 ) ;
#3048 =( NAMED_UNIT ( * ) PLANE_ANGLE_UNIT ( ) SI_UNIT ( $, .RADIAN. ) );
#3049 =( CONVERSION_BASED_UNIT ( 'INCH', #2846 ) LENGTH_UNIT ( ) NAMED_UNIT ( #4215 ) );
#3051 = CARTESIAN_POINT ( 'NONE',  ( -0.7282875163485818000, -0.3315016303536157900, -0.5249583694396620100 ) ) ;
#3050 = SURFACE_SIDE_STYLE ('',( #7160 ) ) ;
#3052 = CARTESIAN_POINT ( 'NONE',  ( -0.6812875163485880800, -0.3315016303536172900, -1.599000000000018900 ) ) ;
#3053 = EDGE_CURVE ( 'NONE', #3833, #3200, #889, .T. ) ;
#3054 = SURFACE_STYLE_FILL_AREA ( #5424 ) ;
#3055 = SURFACE_STYLE_USAGE ( .BOTH. , #7108 ) ;
#3056 = AXIS2_PLACEMENT_3D ( 'NONE', #8561, #4546, #419 ) ;
#3057 = CARTESIAN_POINT ( 'NONE',  ( -0.7282875163485818000, -0.3315016303536152400, -1.144181362094663300 ) ) ;
#3058 =( GEOMETRIC_REPRESENTATION_CONTEXT ( 3 ) GLOBAL_UNCERTAINTY_ASSIGNED_CONTEXT ( ( #7338 ) ) GLOBAL_UNIT_ASSIGNED_CONTEXT ( ( #3482, #8202, #4160 ) ) REPRESENTATION_CONTEXT ( 'NONE', 'WORKASPACE' ) );
#3059 = DIRECTION ( 'NONE',  ( -0.0000000000000000000, -0.0000000000000000000, 1.000000000000000000 ) ) ;
#3060 = CARTESIAN_POINT ( 'NONE',  ( -0.7282875163485818000, -0.3315016303536155200, -0.3650000000000005500 ) ) ;
#3061 =( NAMED_UNIT ( * ) SI_UNIT ( $, .STERADIAN. ) SOLID_ANGLE_UNIT ( ) );
#3062 = COLOUR_RGB ( '',0.5019607843137254800, 0.5019607843137254800, 0.5019607843137254800 ) ;
#3063 = COLOUR_RGB ( '',0.5019607843137254800, 0.5019607843137254800, 0.5019607843137254800 ) ;
#3064 = DIRECTION ( 'NONE',  ( 1.000000000000000000, 0.0000000000000000000, 0.0000000000000000000 ) ) ;
#3065 = ORIENTED_EDGE ( 'NONE', *, *, #3226, .T. ) ;
#3066 = AXIS2_PLACEMENT_3D ( 'NONE', #6429, #2356, #7089 ) ;
#3067 = FACE_BOUND ( 'NONE', #6470, .T. ) ;
#3068 = ADVANCED_FACE ( 'NONE', ( #4554 ), #1644, .F. ) ;
#3069 =( NAMED_UNIT ( * ) PLANE_ANGLE_UNIT ( ) SI_UNIT ( $, .RADIAN. ) );
#3070 = STYLED_ITEM ( 'NONE', ( #1341 ), #505 ) ;
#3071 = AXIS2_PLACEMENT_3D ( 'NONE', #8607, #4583, #460 ) ;
#3072 = VERTEX_POINT ( 'NONE', #4827 ) ;
#3073 = DIRECTION ( 'NONE',  ( 9.711944615174957000E-017, -7.459504271329836200E-017, -1.000000000000000000 ) ) ;
#3075 =( LENGTH_UNIT ( ) NAMED_UNIT ( * ) SI_UNIT ( $, .METRE. ) );
#3074 = CARTESIAN_POINT ( 'NONE',  ( -0.7382929371507944700, -0.2855789610652278400, -1.599000000000018600 ) ) ;
#3076 =( NAMED_UNIT ( * ) PLANE_ANGLE_UNIT ( ) SI_UNIT ( $, .RADIAN. ) );
#3077 = EDGE_CURVE ( 'NONE', #1464, #1551, #3474, .T. ) ;
#3078 = ORIENTED_EDGE ( 'NONE', *, *, #6984, .T. ) ;
#3079 = CIRCLE ( 'NONE', #134, 0.1889999999999998100 ) ;
#3080 = ORIENTED_EDGE ( 'NONE', *, *, #8448, .T. ) ;
#3082 = CIRCLE ( 'NONE', #6833, 0.1450000000000002400 ) ;
#3081 = VECTOR ( 'NONE', #5908, 39.37007874015748100 ) ;
#3083 = EDGE_LOOP ( 'NONE', ( #3246, #4494, #6396, #5689, #3539, #3936 ) ) ;
#3084 = ORIENTED_EDGE ( 'NONE', *, *, #5906, .F. ) ;
#3085 = DIMENSIONAL_EXPONENTS ( 1.000000000000000000, 0.0000000000000000000, 0.0000000000000000000, 0.0000000000000000000, 0.0000000000000000000, 0.0000000000000000000, 0.0000000000000000000 ) ;
#3086 =( GEOMETRIC_REPRESENTATION_CONTEXT ( 3 ) GLOBAL_UNCERTAINTY_ASSIGNED_CONTEXT ( ( #8743 ) ) GLOBAL_UNIT_ASSIGNED_CONTEXT ( ( #7454, #3409, #8130 ) ) REPRESENTATION_CONTEXT ( 'NONE', 'WORKASPACE' ) );
#3087 = LINE ( 'NONE', #1273, #4694 ) ;
#3088 =( NAMED_UNIT ( * ) PLANE_ANGLE_UNIT ( ) SI_UNIT ( $, .RADIAN. ) );
#3089 = MECHANICAL_DESIGN_GEOMETRIC_PRESENTATION_REPRESENTATION (  '', ( #1222 ), #3551 ) ;
#3090 = MECHANICAL_DESIGN_GEOMETRIC_PRESENTATION_REPRESENTATION (  '', ( #2167 ), #3552 ) ;
#3091 = EDGE_LOOP ( 'NONE', ( #4777, #2885, #1331, #2608 ) ) ;
#3092 = FACE_OUTER_BOUND ( 'NONE', #7819, .T. ) ;
#3093 = ORIENTED_EDGE ( 'NONE', *, *, #2348, .F. ) ;
#3094 = EDGE_CURVE ( 'NONE', #937, #7636, #7079, .T. ) ;
#3095 = ADVANCED_FACE ( 'NONE', ( #27 ), #762, .T. ) ;
#3096 = DIRECTION ( 'NONE',  ( 1.000000000000000000, 0.0000000000000000000, 4.811513434270445100E-032 ) ) ;
#3097 = SURFACE_STYLE_USAGE ( .BOTH. , #7152 ) ;
#3098 = ORIENTED_EDGE ( 'NONE', *, *, #8629, .F. ) ;
#3099 = PRESENTATION_LAYER_ASSIGNMENT (  '', '', ( #2636 ) ) ;
#3100 = FACE_OUTER_BOUND ( 'NONE', #7352, .T. ) ;
#3101 = VERTEX_POINT ( 'NONE', #8232 ) ;
#3103 = CARTESIAN_POINT ( 'NONE',  ( -0.7282875163485818000, -0.3315016303536157900, -0.6699583694396619200 ) ) ;
#3102 = SURFACE_SIDE_STYLE ('',( #4870 ) ) ;
#3104 =( LENGTH_UNIT ( ) NAMED_UNIT ( * ) SI_UNIT ( $, .METRE. ) );
#3105 = ORIENTED_EDGE ( 'NONE', *, *, #4993, .T. ) ;
#3106 = FACE_BOUND ( 'NONE', #8413, .T. ) ;
#3107 =( GEOMETRIC_REPRESENTATION_CONTEXT ( 3 ) GLOBAL_UNCERTAINTY_ASSIGNED_CONTEXT ( ( #2053 ) ) GLOBAL_UNIT_ASSIGNED_CONTEXT ( ( #8248, #4201, #105 ) ) REPRESENTATION_CONTEXT ( 'NONE', 'WORKASPACE' ) );
#3108 = UNCERTAINTY_MEASURE_WITH_UNIT (LENGTH_MEASURE( 1.000000000000000100E-005 ), #47, 'distance_accuracy_value', 'NONE');
#3109 = ORIENTED_EDGE ( 'NONE', *, *, #484, .F. ) ;
#3110 = FILL_AREA_STYLE ('',( #1719 ) ) ;
#3111 = SURFACE_STYLE_FILL_AREA ( #7600 ) ;
#3112 = CARTESIAN_POINT ( 'NONE',  ( -1.051360188203925800, -0.3315016303536155200, -0.2971044699417552700 ) ) ;
#3114 = CARTESIAN_POINT ( 'NONE',  ( -0.7282875163485818000, -0.3315016303536155200, -0.8820000000000006700 ) ) ;
#3113 = FILL_AREA_STYLE ('',( #1721 ) ) ;
#3115 = ORIENTED_EDGE ( 'NONE', *, *, #5817, .T. ) ;
#3116 = CARTESIAN_POINT ( 'NONE',  ( -0.6667934856321660100, -0.2923411576309970000, -1.546958360001120300 ) ) ;
#3117 = ORIENTED_EDGE ( 'NONE', *, *, #43, .F. ) ;
#3118 = PRESENTATION_LAYER_ASSIGNMENT (  '', '', ( #2648 ) ) ;
#3119 = FILL_AREA_STYLE ('',( #3804 ) ) ;
#3120 = UNCERTAINTY_MEASURE_WITH_UNIT (LENGTH_MEASURE( 1.000000000000000100E-005 ), #1230, 'distance_accuracy_value', 'NONE');
#3121 = SURFACE_STYLE_FILL_AREA ( #6060 ) ;
#3122 =( LENGTH_UNIT ( ) NAMED_UNIT ( * ) SI_UNIT ( $, .METRE. ) );
#3123 = ORIENTED_EDGE ( 'NONE', *, *, #7169, .F. ) ;
#3124 = LENGTH_MEASURE_WITH_UNIT ( LENGTH_MEASURE( 0.02539999999999999900 ), #8403 );
#3125 = SURFACE_STYLE_FILL_AREA ( #7234 ) ;
#3126 = ADVANCED_FACE ( 'NONE', ( #6229 ), #1749, .T. ) ;
#3127 = SURFACE_SIDE_STYLE ('',( #6798 ) ) ;
#3128 = DIRECTION ( 'NONE',  ( 1.224646799147353200E-016, 1.000000000000000000, -1.999727367060848800E-030 ) ) ;
#3129 = SURFACE_STYLE_USAGE ( .BOTH. , #7182 ) ;
#3130 = PRESENTATION_LAYER_ASSIGNMENT (  '', '', ( #2665 ) ) ;
#3131 = VERTEX_POINT ( 'NONE', #8264 ) ;
#3132 = LENGTH_MEASURE_WITH_UNIT ( LENGTH_MEASURE( 0.02539999999999999900 ), #6304 );
#3133 = MECHANICAL_DESIGN_GEOMETRIC_PRESENTATION_REPRESENTATION (  '', ( #2204 ), #3593 ) ;
#3135 = SURFACE_SIDE_STYLE ('',( #4544 ) ) ;
#3134 = CARTESIAN_POINT ( 'NONE',  ( -0.6357875163485816600, -0.3315016303536159600, -1.349538768355159800 ) ) ;
#3136 = CARTESIAN_POINT ( 'NONE',  ( -0.7282875163485818000, -0.3315016303536156800, -1.435026648845783100E-015 ) ) ;
#3137 = EDGE_CURVE ( 'NONE', #6592, #3497, #7181, .T. ) ;
#3138 = DIMENSIONAL_EXPONENTS ( 1.000000000000000000, 0.0000000000000000000, 0.0000000000000000000, 0.0000000000000000000, 0.0000000000000000000, 0.0000000000000000000, 0.0000000000000000000 ) ;
#3139 = CARTESIAN_POINT ( 'NONE',  ( -0.7282875163485818000, -0.6515016303536153000, -0.9319999999999998300 ) ) ;
#3140 = CARTESIAN_POINT ( 'NONE',  ( -1.103287516348582200, -0.3315016303536154600, -0.5050000000000006700 ) ) ;
#3141 = EDGE_LOOP ( 'NONE', ( #7874, #3963, #5659, #8732, #3012 ) ) ;
#3142 = LENGTH_MEASURE_WITH_UNIT ( LENGTH_MEASURE( 0.02539999999999999900 ), #8115 );
#3143 = DIRECTION ( 'NONE',  ( 0.0000000000000000000, 1.000000000000000000, 0.0000000000000000000 ) ) ;
#3144 = ADVANCED_FACE ( 'NONE', ( #5388 ), #881, .F. ) ;
#3145 = AXIS2_PLACEMENT_3D ( 'NONE', #4642, #509, #5302 ) ;
#3146 = CARTESIAN_POINT ( 'NONE',  ( -0.5882875163485819000, -0.3315016303536162400, -0.9299583694396620400 ) ) ;
#3147 = STYLED_ITEM ( 'NONE', ( #7766 ), #1188 ) ;
#3148 = AXIS2_PLACEMENT_3D ( 'NONE', #3462, #8831, #8206 ) ;
#3149 =( GEOMETRIC_REPRESENTATION_CONTEXT ( 3 ) GLOBAL_UNCERTAINTY_ASSIGNED_CONTEXT ( ( #1207 ) ) GLOBAL_UNIT_ASSIGNED_CONTEXT ( ( #6218, #2140, #6875 ) ) REPRESENTATION_CONTEXT ( 'NONE', 'WORKASPACE' ) );
#3150 = CARTESIAN_POINT ( 'NONE',  ( -0.5127338094446389800, -0.3315016303536180700, -1.539000000000017900 ) ) ;
#3151 = EDGE_LOOP ( 'NONE', ( #1065, #3305, #7469, #101 ) ) ;
#3152 = CIRCLE ( 'NONE', #891, 0.1335000000000002300 ) ;
#3153 = DIRECTION ( 'NONE',  ( -0.9488864299340638000, -0.3156177166874302200, -1.126055187715457500E-016 ) ) ;
#3154 = UNCERTAINTY_MEASURE_WITH_UNIT (LENGTH_MEASURE( 1.000000000000000100E-005 ), #3788, 'distance_accuracy_value', 'NONE');
#3155 = CARTESIAN_POINT ( 'NONE',  ( -0.7282875163485816900, -0.3315016303536152400, -0.9504697936969800400 ) ) ;
#3156 = CARTESIAN_POINT ( 'NONE',  ( -0.7282875163485818000, -0.3315016303536155200, -0.3650000000000008200 ) ) ;
#3157 = CARTESIAN_POINT ( 'NONE',  ( -0.8732875163485820400, -0.3315016303536157900, -0.9299583694396620400 ) ) ;
#3158 = TOROIDAL_SURFACE ( 'NONE', #5080, 0.1335000000000002300, 0.009999999999999962000 ) ;
#3159 = CARTESIAN_POINT ( 'NONE',  ( -0.5542261003399487900, -0.2680706535139518200, -1.576218575822558600 ) ) ;
#3160 = COLOUR_RGB ( '',0.5019607843137254800, 0.5019607843137254800, 0.5019607843137254800 ) ;
#3161 = CARTESIAN_POINT ( 'NONE',  ( -0.7282875163485818000, -0.3315016303536155200, -0.3650000000000005500 ) ) ;
#3162 = AXIS2_PLACEMENT_3D ( 'NONE', #7064, #3010, #7715 ) ;
#3163 =( NAMED_UNIT ( * ) PLANE_ANGLE_UNIT ( ) SI_UNIT ( $, .RADIAN. ) );
#3164 = COLOUR_RGB ( '',0.5019607843137254800, 0.5019607843137254800, 0.5019607843137254800 ) ;
#3165 = AXIS2_PLACEMENT_3D ( 'NONE', #3823, #8538, #4517 ) ;
#3166 =( NAMED_UNIT ( * ) PLANE_ANGLE_UNIT ( ) SI_UNIT ( $, .RADIAN. ) );
#3167 = DIMENSIONAL_EXPONENTS ( 1.000000000000000000, 0.0000000000000000000, 0.0000000000000000000, 0.0000000000000000000, 0.0000000000000000000, 0.0000000000000000000, 0.0000000000000000000 ) ;
#3168 = SURFACE_STYLE_USAGE ( .BOTH. , #7212 ) ;
#3169 =( CONVERSION_BASED_UNIT ( 'INCH', #3029 ) LENGTH_UNIT ( ) NAMED_UNIT ( #143 ) );
#3170 = UNCERTAINTY_MEASURE_WITH_UNIT (LENGTH_MEASURE( 1.000000000000000100E-005 ), #4484, 'distance_accuracy_value', 'NONE');
#3171 =( NAMED_UNIT ( * ) SI_UNIT ( $, .STERADIAN. ) SOLID_ANGLE_UNIT ( ) );
#3172 = VECTOR ( 'NONE', #8630, 39.37007874015748100 ) ;
#3173 = EDGE_CURVE ( 'NONE', #4271, #6426, #8114, .T. ) ;
#3174 = DIRECTION ( 'NONE',  ( -0.0000000000000000000, 0.0000000000000000000, 1.000000000000000000 ) ) ;
#3175 = EDGE_LOOP ( 'NONE', ( #7371, #3404, #8177, #5155 ) ) ;
#3176 = DIRECTION ( 'NONE',  ( 1.220408817397570400E-016, -1.013066643420215200E-017, -1.000000000000000000 ) ) ;
#3177 = FILL_AREA_STYLE ('',( #8550 ) ) ;
#3178 = CIRCLE ( 'NONE', #8008, 0.3080726718553444300 ) ;
#3180 = SURFACE_STYLE_FILL_AREA ( #5755 ) ;
#3179 =( GEOMETRIC_REPRESENTATION_CONTEXT ( 3 ) GLOBAL_UNCERTAINTY_ASSIGNED_CONTEXT ( ( #3154 ) ) GLOBAL_UNIT_ASSIGNED_CONTEXT ( ( #3788, #8498, #4468 ) ) REPRESENTATION_CONTEXT ( 'NONE', 'WORKASPACE' ) );
#3181 = FILL_AREA_STYLE_COLOUR ( '', #4630 ) ;
#3182 = VECTOR ( 'NONE', #2245, 39.37007874015748100 ) ;
#3183 = SURFACE_STYLE_USAGE ( .BOTH. , #7231 ) ;
#3184 = ADVANCED_FACE ( 'NONE', ( #6344 ), #3467, .F. ) ;
#3185 = SURFACE_SIDE_STYLE ('',( #3125 ) ) ;
#3186 = CARTESIAN_POINT ( 'NONE',  ( -0.9029067382472362200, -0.3652490596813570100, -1.568899867684697500 ) ) ;
#3187 = EDGE_LOOP ( 'NONE', ( #3844, #6012, #920, #4492 ) ) ;
#3188 = CARTESIAN_POINT ( 'NONE',  ( -0.8682875163485817000, -0.3315016303536162400, -0.6699583694396619200 ) ) ;
#3189 = LINE ( 'NONE', #3609, #4769 ) ;
#3190 = ORIENTED_EDGE ( 'NONE', *, *, #2281, .F. ) ;
#3191 = VECTOR ( 'NONE', #8137, 39.37007874015748900 ) ;
#3193 =( NAMED_UNIT ( * ) PLANE_ANGLE_UNIT ( ) SI_UNIT ( $, .RADIAN. ) );
#3192 = FILL_AREA_STYLE_COLOUR ( '', #8111 ) ;
#3194 = ORIENTED_EDGE ( 'NONE', *, *, #4759, .T. ) ;
#3195 = DIRECTION ( 'NONE',  ( 0.0000000000000000000, 1.000000000000000000, -1.224606353822389100E-016 ) ) ;
#3196 = AXIS2_PLACEMENT_3D ( 'NONE', #6089, #2012, #6757 ) ;
#3197 = FACE_OUTER_BOUND ( 'NONE', #6164, .T. ) ;
#3198 = LENGTH_MEASURE_WITH_UNIT ( LENGTH_MEASURE( 0.02539999999999999900 ), #5465 );
#3199 = DIRECTION ( 'NONE',  ( 5.389556073798634900E-015, 1.412857278674264800E-015, 1.000000000000000000 ) ) ;
#3200 = VERTEX_POINT ( 'NONE', #7680 ) ;
#3201 = CARTESIAN_POINT ( 'NONE',  ( -0.5607272672467641400, -0.3315016303536180700, -1.539000000000017900 ) ) ;
#3202 = STYLED_ITEM ( 'NONE', ( #237 ), #791 ) ;
#3203 =( GEOMETRIC_REPRESENTATION_CONTEXT ( 3 ) GLOBAL_UNCERTAINTY_ASSIGNED_CONTEXT ( ( #4841 ) ) GLOBAL_UNIT_ASSIGNED_CONTEXT ( ( #1499, #6286, #2206 ) ) REPRESENTATION_CONTEXT ( 'NONE', 'WORKASPACE' ) );
#3204 = DIRECTION ( 'NONE',  ( 0.0000000000000000000, 0.0000000000000000000, 1.000000000000000000 ) ) ;
#3205 = DIRECTION ( 'NONE',  ( 0.0000000000000000000, 1.000000000000000000, 0.0000000000000000000 ) ) ;
#3206 = CARTESIAN_POINT ( 'NONE',  ( -0.7282875163485911200, -0.3315016303536180700, -1.694000000000017900 ) ) ;
#3207 = CARTESIAN_POINT ( 'NONE',  ( -0.5882875163485819000, -0.3315016303536152400, -0.9627890334555905300 ) ) ;
#3208 = EDGE_CURVE ( 'NONE', #7520, #5228, #7070, .T. ) ;
#3209 = ORIENTED_EDGE ( 'NONE', *, *, #6452, .F. ) ;
#3210 = CIRCLE ( 'NONE', #1863, 0.3600000000000003200 ) ;
#3211 = VECTOR ( 'NONE', #8643, 39.37007874015748900 ) ;
#3212 = ORIENTED_EDGE ( 'NONE', *, *, #6678, .F. ) ;
#3213 = DIRECTION ( 'NONE',  ( 0.0000000000000000000, 1.000000000000000000, 0.0000000000000000000 ) ) ;
#3214 = VECTOR ( 'NONE', #5692, 39.37007874015748900 ) ;
#3215 = ORIENTED_EDGE ( 'NONE', *, *, #906, .F. ) ;
#3216 = CARTESIAN_POINT ( 'NONE',  ( -1.103287516348582200, -0.3315016303536154600, 0.02223988196073611200 ) ) ;
#3217 =( NAMED_UNIT ( * ) SI_UNIT ( $, .STERADIAN. ) SOLID_ANGLE_UNIT ( ) );
#3218 = ORIENTED_EDGE ( 'NONE', *, *, #1453, .T. ) ;
#3219 = ORIENTED_EDGE ( 'NONE', *, *, #3886, .F. ) ;
#3220 =( GEOMETRIC_REPRESENTATION_CONTEXT ( 3 ) GLOBAL_UNCERTAINTY_ASSIGNED_CONTEXT ( ( #3170 ) ) GLOBAL_UNIT_ASSIGNED_CONTEXT ( ( #4484, #356, #5158 ) ) REPRESENTATION_CONTEXT ( 'NONE', 'WORKASPACE' ) );
#3221 = AXIS2_PLACEMENT_3D ( 'NONE', #3103, #7805, #3793 ) ;
#3222 = DIMENSIONAL_EXPONENTS ( 1.000000000000000000, 0.0000000000000000000, 0.0000000000000000000, 0.0000000000000000000, 0.0000000000000000000, 0.0000000000000000000, 0.0000000000000000000 ) ;
#3223 = SURFACE_STYLE_USAGE ( .BOTH. , #879 ) ;
#3224 = COLOUR_RGB ( '',0.5019607843137254800, 0.5019607843137254800, 0.5019607843137254800 ) ;
#3225 = ORIENTED_EDGE ( 'NONE', *, *, #4333, .T. ) ;
#3226 = EDGE_CURVE ( 'NONE', #7959, #972, #5486, .T. ) ;
#3227 = ORIENTED_EDGE ( 'NONE', *, *, #530, .T. ) ;
#3228 =( LENGTH_UNIT ( ) NAMED_UNIT ( * ) SI_UNIT ( $, .METRE. ) );
#3229 = UNCERTAINTY_MEASURE_WITH_UNIT (LENGTH_MEASURE( 1.000000000000000100E-005 ), #5782, 'distance_accuracy_value', 'NONE');
#3230 = ORIENTED_EDGE ( 'NONE', *, *, #7049, .T. ) ;
#3231 =( GEOMETRIC_REPRESENTATION_CONTEXT ( 3 ) GLOBAL_UNCERTAINTY_ASSIGNED_CONTEXT ( ( #4971 ) ) GLOBAL_UNIT_ASSIGNED_CONTEXT ( ( #6016, #1941, #6690 ) ) REPRESENTATION_CONTEXT ( 'NONE', 'WORKASPACE' ) );
#3232 = DIRECTION ( 'NONE',  ( 0.0000000000000000000, -7.189073667537525300E-016, 1.000000000000000000 ) ) ;
#3233 = CARTESIAN_POINT ( 'NONE',  ( -0.7282875163485818000, -0.3315016303536155200, 1.168000000000000100 ) ) ;
#3234 = ORIENTED_EDGE ( 'NONE', *, *, #3208, .F. ) ;
#3235 = LENGTH_MEASURE_WITH_UNIT ( LENGTH_MEASURE( 0.02539999999999999900 ), #1007 );
#3236 =( NAMED_UNIT ( * ) SI_UNIT ( $, .STERADIAN. ) SOLID_ANGLE_UNIT ( ) );
#3237 = CIRCLE ( 'NONE', #5269, 0.2525000000000001100 ) ;
#3238 =( CONVERSION_BASED_UNIT ( 'INCH', #8246 ) LENGTH_UNIT ( ) NAMED_UNIT ( #6225 ) );
#3239 = EDGE_CURVE ( 'NONE', #540, #8304, #17, .T. ) ;
#3240 =( NAMED_UNIT ( * ) SI_UNIT ( $, .STERADIAN. ) SOLID_ANGLE_UNIT ( ) );
#3241 = SURFACE_SIDE_STYLE ('',( #3558 ) ) ;
#3243 = ADVANCED_FACE ( 'NONE', ( #1860, #5277 ), #7190, .T. ) ;
#3242 = UNCERTAINTY_MEASURE_WITH_UNIT (LENGTH_MEASURE( 1.000000000000000100E-005 ), #3597, 'distance_accuracy_value', 'NONE');
#3244 = LENGTH_MEASURE_WITH_UNIT ( LENGTH_MEASURE( 0.02539999999999999900 ), #4728 );
#3245 = AXIS2_PLACEMENT_3D ( 'NONE', #3513, #85, #7577 ) ;
#3246 = ORIENTED_EDGE ( 'NONE', *, *, #4825, .F. ) ;
#3247 = SURFACE_STYLE_FILL_AREA ( #5058 ) ;
#3248 = DIRECTION ( 'NONE',  ( 0.0000000000000000000, 0.0000000000000000000, -1.000000000000000000 ) ) ;
#3249 = DIRECTION ( 'NONE',  ( -1.476674591169866100E-015, 2.180567848206688900E-030, 1.000000000000000000 ) ) ;
#3250 = DIRECTION ( 'NONE',  ( -1.000000000000000000, 0.0000000000000000000, 0.0000000000000000000 ) ) ;
#3251 = SURFACE_STYLE_USAGE ( .BOTH. , #7284 ) ;
#3252 = VERTEX_POINT ( 'NONE', #3201 ) ;
#3253 =( NAMED_UNIT ( * ) PLANE_ANGLE_UNIT ( ) SI_UNIT ( $, .RADIAN. ) );
#3254 = CARTESIAN_POINT ( 'NONE',  ( -0.7282875163485818000, -0.3315016303536155200, -0.9670000000000005300 ) ) ;
#3255 = STYLED_ITEM ( 'NONE', ( #265 ), #4535 ) ;
#3256 = CARTESIAN_POINT ( 'NONE',  ( -0.8714145848447537600, -0.4186284307238893300, -1.544366946669359700 ) ) ;
#3257 = MECHANICAL_DESIGN_GEOMETRIC_PRESENTATION_REPRESENTATION (  '', ( #2324 ), #3719 ) ;
#3258 = ORIENTED_EDGE ( 'NONE', *, *, #3972, .T. ) ;
#3259 = AXIS2_PLACEMENT_3D ( 'NONE', #7770, #3756, #8455 ) ;
#3260 = CARTESIAN_POINT ( 'NONE',  ( -0.6812875163485880800, -0.3315016303536172900, -1.599000000000018900 ) ) ;
#3261 = EDGE_CURVE ( 'NONE', #616, #922, #4432, .T. ) ;
#3262 = CARTESIAN_POINT ( 'NONE',  ( -0.3242987751665604200, -0.3315016303536154600, -0.4992337427040284800 ) ) ;
#3263 = DIMENSIONAL_EXPONENTS ( 1.000000000000000000, 0.0000000000000000000, 0.0000000000000000000, 0.0000000000000000000, 0.0000000000000000000, 0.0000000000000000000, 0.0000000000000000000 ) ;
#3264 =( NAMED_UNIT ( * ) PLANE_ANGLE_UNIT ( ) SI_UNIT ( $, .RADIAN. ) );
#3265 = CARTESIAN_POINT ( 'NONE',  ( -0.7282875163485818000, -0.3315016303536156800, 0.1249999999999986700 ) ) ;
#3266 = FACE_BOUND ( 'NONE', #7812, .T. ) ;
#3267 = VECTOR ( 'NONE', #5667, 39.37007874015748100 ) ;
#3268 =( NAMED_UNIT ( * ) PLANE_ANGLE_UNIT ( ) SI_UNIT ( $, .RADIAN. ) );
#3269 =( GEOMETRIC_REPRESENTATION_CONTEXT ( 3 ) GLOBAL_UNCERTAINTY_ASSIGNED_CONTEXT ( ( #4704 ) ) GLOBAL_UNIT_ASSIGNED_CONTEXT ( ( #1884, #6636, #2574 ) ) REPRESENTATION_CONTEXT ( 'NONE', 'WORKASPACE' ) );
#3270 = PRESENTATION_LAYER_ASSIGNMENT (  '', '', ( #2808 ) ) ;
#3271 = AXIS2_PLACEMENT_3D ( 'NONE', #2592, #7329, #3291 ) ;
#3272 = DIRECTION ( 'NONE',  ( -3.520422672247766200E-016, -0.0000000000000000000, -1.000000000000000000 ) ) ;
#3273 = EDGE_CURVE ( 'NONE', #506, #6284, #2610, .T. ) ;
#3274 = SURFACE_STYLE_USAGE ( .BOTH. , #7306 ) ;
#3275 = FILL_AREA_STYLE_COLOUR ( '', #7739 ) ;
#3276 = DIMENSIONAL_EXPONENTS ( 1.000000000000000000, 0.0000000000000000000, 0.0000000000000000000, 0.0000000000000000000, 0.0000000000000000000, 0.0000000000000000000, 0.0000000000000000000 ) ;
#3277 = SURFACE_STYLE_FILL_AREA ( #7471 ) ;
#3278 = UNCERTAINTY_MEASURE_WITH_UNIT (LENGTH_MEASURE( 1.000000000000000100E-005 ), #3627, 'distance_accuracy_value', 'NONE');
#3279 = FILL_AREA_STYLE_COLOUR ( '', #2681 ) ;
#3280 = CARTESIAN_POINT ( 'NONE',  ( -0.7182820955463802300, -0.3774242996420063600, -1.259000000000018500 ) ) ;
#3281 = ADVANCED_FACE ( 'NONE', ( #8017 ), #4514, .F. ) ;
#3282 =( NAMED_UNIT ( * ) PLANE_ANGLE_UNIT ( ) SI_UNIT ( $, .RADIAN. ) );
#3283 =( GEOMETRIC_REPRESENTATION_CONTEXT ( 3 ) GLOBAL_UNCERTAINTY_ASSIGNED_CONTEXT ( ( #6779 ) ) GLOBAL_UNIT_ASSIGNED_CONTEXT ( ( #8105, #4070, #8778 ) ) REPRESENTATION_CONTEXT ( 'NONE', 'WORKASPACE' ) );
#3284 =( NAMED_UNIT ( * ) SI_UNIT ( $, .STERADIAN. ) SOLID_ANGLE_UNIT ( ) );
#3285 = UNCERTAINTY_MEASURE_WITH_UNIT (LENGTH_MEASURE( 1.000000000000000100E-005 ), #5981, 'distance_accuracy_value', 'NONE');
#3286 = FILL_AREA_STYLE_COLOUR ( '', #4134 ) ;
#3287 = VECTOR ( 'NONE', #4493, 39.37007874015748100 ) ;
#3288 = AXIS2_PLACEMENT_3D ( 'NONE', #7132, #3073, #7787 ) ;
#3289 = SURFACE_STYLE_FILL_AREA ( #1653 ) ;
#3290 = VECTOR ( 'NONE', #7034, 39.37007874015748100 ) ;
#3291 = DIRECTION ( 'NONE',  ( 1.000000000000000000, 0.0000000000000000000, 0.0000000000000000000 ) ) ;
#3292 = CARTESIAN_POINT ( 'NONE',  ( -1.188147005758116000, -0.5110016303536213400, 0.2849999999999986400 ) ) ;
#3293 = FILL_AREA_STYLE ('',( #507 ) ) ;
#3294 = PRESENTATION_STYLE_ASSIGNMENT (( #189 ) ) ;
#3295 = SURFACE_STYLE_FILL_AREA ( #1841 ) ;
#3296 = LENGTH_MEASURE_WITH_UNIT ( LENGTH_MEASURE( 0.02539999999999999900 ), #2097 );
#3297 =( NAMED_UNIT ( * ) SI_UNIT ( $, .STERADIAN. ) SOLID_ANGLE_UNIT ( ) );
#3298 = EDGE_LOOP ( 'NONE', ( #4901, #4797, #4701, #7558 ) ) ;
#3299 = DIRECTION ( 'NONE',  ( 0.0000000000000000000, 1.000000000000000000, 0.0000000000000000000 ) ) ;
#3300 = DIRECTION ( 'NONE',  ( 9.726753936418404900E-033, 1.224606353822377300E-016, 1.000000000000000000 ) ) ;
#3301 = AXIS2_PLACEMENT_3D ( 'NONE', #4868, #746, #5556 ) ;
#3302 = LENGTH_MEASURE_WITH_UNIT ( LENGTH_MEASURE( 0.02539999999999999900 ), #8252 );
#3303 = CARTESIAN_POINT ( 'NONE',  ( -0.7282875163485911200, -0.3315016303536181300, -1.694000000000017900 ) ) ;
#3304 = DIMENSIONAL_EXPONENTS ( 1.000000000000000000, 0.0000000000000000000, 0.0000000000000000000, 0.0000000000000000000, 0.0000000000000000000, 0.0000000000000000000, 0.0000000000000000000 ) ;
#3305 = ORIENTED_EDGE ( 'NONE', *, *, #6548, .F. ) ;
#3306 = CYLINDRICAL_SURFACE ( 'NONE', #873, 0.1434999999999999900 ) ;
#3307 = LINE ( 'NONE', #2512, #3081 ) ;
#3308 = LENGTH_MEASURE_WITH_UNIT ( LENGTH_MEASURE( 0.02539999999999999900 ), #8679 );
#3309 = DIRECTION ( 'NONE',  ( 1.000000000000000000, 0.0000000000000000000, 0.0000000000000000000 ) ) ;
#3310 = EDGE_CURVE ( 'NONE', #8254, #8482, #4852, .T. ) ;
#3311 = VERTEX_POINT ( 'NONE', #472 ) ;
#3312 = CARTESIAN_POINT ( 'NONE',  ( -0.7282875163485816900, 0.3334983696463851300, 0.02999999999999875700 ) ) ;
#3313 = ORIENTED_EDGE ( 'NONE', *, *, #6115, .T. ) ;
#3314 = PRESENTATION_STYLE_ASSIGNMENT (( #7078 ) ) ;
#3315 = DIRECTION ( 'NONE',  ( 0.0000000000000000000, 1.000000000000000000, 0.0000000000000000000 ) ) ;
#3316 = EDGE_LOOP ( 'NONE', ( #7782, #907, #8062, #6372 ) ) ;
#3317 =( NAMED_UNIT ( * ) PLANE_ANGLE_UNIT ( ) SI_UNIT ( $, .RADIAN. ) );
#3318 = VERTEX_POINT ( 'NONE', #3262 ) ;
#3319 = LENGTH_MEASURE_WITH_UNIT ( LENGTH_MEASURE( 0.02539999999999999900 ), #7653 );
#3320 = MECHANICAL_DESIGN_GEOMETRIC_PRESENTATION_REPRESENTATION (  '', ( #2388 ), #3777 ) ;
#3321 = VERTEX_POINT ( 'NONE', #7979 ) ;
#3322 = ORIENTED_EDGE ( 'NONE', *, *, #8141, .T. ) ;
#3323 =( NAMED_UNIT ( * ) PLANE_ANGLE_UNIT ( ) SI_UNIT ( $, .RADIAN. ) );
#3324 = FACE_OUTER_BOUND ( 'NONE', #1986, .T. ) ;
#3325 = MECHANICAL_DESIGN_GEOMETRIC_PRESENTATION_REPRESENTATION (  '', ( #1931 ), #3779 ) ;
#3326 = AXIS2_PLACEMENT_3D ( 'NONE', #8745, #4721, #587 ) ;
#3327 = MECHANICAL_DESIGN_GEOMETRIC_PRESENTATION_REPRESENTATION (  '', ( #2393 ), #3782 ) ;
#3328 = SURFACE_SIDE_STYLE ('',( #4449 ) ) ;
#3329 = SURFACE_SIDE_STYLE ('',( #1831 ) ) ;
#3330 = ORIENTED_EDGE ( 'NONE', *, *, #7685, .T. ) ;
#3331 = ADVANCED_FACE ( 'NONE', ( #6613 ), #3974, .T. ) ;
#3332 = EDGE_LOOP ( 'NONE', ( #2122, #397, #2552, #8603 ) ) ;
#3333 = FACE_BOUND ( 'NONE', #275, .T. ) ;
#3334 = VERTEX_POINT ( 'NONE', #8009 ) ;
#3335 = CARTESIAN_POINT ( 'NONE',  ( -0.6560360156646937200, -0.3374991838391515100, -1.546958369439662000 ) ) ;
#3336 =( NAMED_UNIT ( * ) PLANE_ANGLE_UNIT ( ) SI_UNIT ( $, .RADIAN. ) );
#3337 = ORIENTED_EDGE ( 'NONE', *, *, #6839, .F. ) ;
#3338 = CARTESIAN_POINT ( 'NONE',  ( -1.188147005758121600, -0.1520016303536196600, -1.252948082426849300E-015 ) ) ;
#3339 = PRESENTATION_LAYER_ASSIGNMENT (  '', '', ( #3789 ) ) ;
#3340 = PRESENTATION_STYLE_ASSIGNMENT (( #3469 ) ) ;
#3341 = CARTESIAN_POINT ( 'NONE',  ( -0.7282875163485816900, 0.3334983696463847400, 0.2549999999999985600 ) ) ;
#3342 = DIMENSIONAL_EXPONENTS ( 1.000000000000000000, 0.0000000000000000000, 0.0000000000000000000, 0.0000000000000000000, 0.0000000000000000000, 0.0000000000000000000, 0.0000000000000000000 ) ;
#3343 = CARTESIAN_POINT ( 'NONE',  ( -0.7282875163485813500, -0.3315016303536163500, -0.3769583694396621000 ) ) ;
#3344 = ORIENTED_EDGE ( 'NONE', *, *, #6442, .T. ) ;
#3345 =( GEOMETRIC_REPRESENTATION_CONTEXT ( 3 ) GLOBAL_UNCERTAINTY_ASSIGNED_CONTEXT ( ( #4314 ) ) GLOBAL_UNIT_ASSIGNED_CONTEXT ( ( #7697, #3689, #8391 ) ) REPRESENTATION_CONTEXT ( 'NONE', 'WORKASPACE' ) );
#3346 = LINE ( 'NONE', #7116, #6718 ) ;
#3347 = CARTESIAN_POINT ( 'NONE',  ( -0.7282875163485812400, -0.4759546249672864700, -0.4619583694375969400 ) ) ;
#3348 = DIMENSIONAL_EXPONENTS ( 1.000000000000000000, 0.0000000000000000000, 0.0000000000000000000, 0.0000000000000000000, 0.0000000000000000000, 0.0000000000000000000, 0.0000000000000000000 ) ;
#3349 = PRESENTATION_STYLE_ASSIGNMENT (( #8342 ) ) ;
#3350 = EDGE_CURVE ( 'NONE', #5383, #3200, #5779, .T. ) ;
#3351 = ORIENTED_EDGE ( 'NONE', *, *, #3683, .F. ) ;
#3352 = PRESENTATION_LAYER_ASSIGNMENT (  '', '', ( #2889 ) ) ;
#3354 = SURFACE_STYLE_USAGE ( .BOTH. , #7385 ) ;
#3353 = FILL_AREA_STYLE ('',( #4020 ) ) ;
#3355 =( GEOMETRIC_REPRESENTATION_CONTEXT ( 3 ) GLOBAL_UNCERTAINTY_ASSIGNED_CONTEXT ( ( #2614 ) ) GLOBAL_UNIT_ASSIGNED_CONTEXT ( ( #8347, #4318, #212 ) ) REPRESENTATION_CONTEXT ( 'NONE', 'WORKASPACE' ) );
#3356 = LENGTH_MEASURE_WITH_UNIT ( LENGTH_MEASURE( 0.02539999999999999900 ), #679 );
#3357 =( NAMED_UNIT ( * ) PLANE_ANGLE_UNIT ( ) SI_UNIT ( $, .RADIAN. ) );
#3358 = VERTEX_POINT ( 'NONE', #1212 ) ;
#3359 = FILL_AREA_STYLE ('',( #1968 ) ) ;
#3360 = DIMENSIONAL_EXPONENTS ( 1.000000000000000000, 0.0000000000000000000, 0.0000000000000000000, 0.0000000000000000000, 0.0000000000000000000, 0.0000000000000000000, 0.0000000000000000000 ) ;
#3362 = CARTESIAN_POINT ( 'NONE',  ( -0.7055189448979171100, -0.4004757826113708500, -1.546958370406739600 ) ) ;
#3361 = SURFACE_SIDE_STYLE ('',( #7374 ) ) ;
#3363 = FILL_AREA_STYLE_COLOUR ( '', #7251 ) ;
#3364 = ADVANCED_FACE ( 'NONE', ( #2142 ), #6509, .F. ) ;
#3365 = CARTESIAN_POINT ( 'NONE',  ( -0.3242987751665605300, -0.3315016303536154600, -0.4780205392684319700 ) ) ;
#3366 = EDGE_LOOP ( 'NONE', ( #407, #3322, #3212, #721, #8064, #279 ) ) ;
#3367 = DIRECTION ( 'NONE',  ( -9.711944615174957000E-017, 7.459504271329836200E-017, 1.000000000000000000 ) ) ;
#3368 = AXIS2_PLACEMENT_3D ( 'NONE', #2499, #7243, #3195 ) ;
#3369 = STYLED_ITEM ( 'NONE', ( #3832 ), #633 ) ;
#3370 = AXIS2_PLACEMENT_3D ( 'NONE', #4089, #8806, #4768 ) ;
#3371 = CYLINDRICAL_SURFACE ( 'NONE', #3427, 0.3600000000000003800 ) ;
#3372 = EDGE_CURVE ( 'NONE', #304, #1908, #6713, .T. ) ;
#3373 =( NAMED_UNIT ( * ) PLANE_ANGLE_UNIT ( ) SI_UNIT ( $, .RADIAN. ) );
#3374 = DIMENSIONAL_EXPONENTS ( 1.000000000000000000, 0.0000000000000000000, 0.0000000000000000000, 0.0000000000000000000, 0.0000000000000000000, 0.0000000000000000000, 0.0000000000000000000 ) ;
#3375 = UNCERTAINTY_MEASURE_WITH_UNIT (LENGTH_MEASURE( 1.000000000000000100E-005 ), #2194, 'distance_accuracy_value', 'NONE');
#3376 = STYLED_ITEM ( 'NONE', ( #2598 ), #8583 ) ;
#3377 = MECHANICAL_DESIGN_GEOMETRIC_PRESENTATION_REPRESENTATION (  '', ( #2459 ), #3843 ) ;
#3378 = EDGE_CURVE ( 'NONE', #4905, #5785, #8293, .T. ) ;
#3379 = DIRECTION ( 'NONE',  ( -9.711944615174957000E-017, 7.459504271329836200E-017, 1.000000000000000000 ) ) ;
#3380 = CARTESIAN_POINT ( 'NONE',  ( -0.7282875163485818000, -0.3315016303536155200, 1.168000000000000100 ) ) ;
#3381 = LENGTH_MEASURE_WITH_UNIT ( LENGTH_MEASURE( 0.02539999999999999900 ), #1774 );
#3382 = AXIS2_PLACEMENT_3D ( 'NONE', #7227, #3176, #7896 ) ;
#3383 = UNCERTAINTY_MEASURE_WITH_UNIT (LENGTH_MEASURE( 1.000000000000000100E-005 ), #4725, 'distance_accuracy_value', 'NONE');
#3384 =( LENGTH_UNIT ( ) NAMED_UNIT ( * ) SI_UNIT ( $, .METRE. ) );
#3385 = CARTESIAN_POINT ( 'NONE',  ( -1.113042514826575500, -0.3315016303536155200, -1.025562063698267200 ) ) ;
#3386 = FILL_AREA_STYLE_COLOUR ( '', #6993 ) ;
#3387 = LINE ( 'NONE', #5044, #4985 ) ;
#3388 = CIRCLE ( 'NONE', #2521, 0.3847549984779936600 ) ;
#3389 = PRESENTATION_STYLE_ASSIGNMENT (( #824 ) ) ;
#3390 = EDGE_CURVE ( 'NONE', #2861, #6050, #4927, .T. ) ;
#3391 = FILL_AREA_STYLE_COLOUR ( '', #4772 ) ;
#3392 = AXIS2_PLACEMENT_3D ( 'NONE', #2652, #646, #5449 ) ;
#3393 = PRODUCT_DEFINITION_SHAPE ( 'NONE', 'NONE',  #8029 ) ;
#3394 = SURFACE_STYLE_USAGE ( .BOTH. , #7437 ) ;
#3395 = VERTEX_POINT ( 'NONE', #3347 ) ;
#3396 = CYLINDRICAL_SURFACE ( 'NONE', #3047, 0.1227063869039654600 ) ;
#3397 =( LENGTH_UNIT ( ) NAMED_UNIT ( * ) SI_UNIT ( $, .METRE. ) );
#3398 = FACE_OUTER_BOUND ( 'NONE', #7263, .T. ) ;
#3399 = ADVANCED_FACE ( 'NONE', ( #1067, #4719 ), #5366, .T. ) ;
#3400 = VERTEX_POINT ( 'NONE', #4017 ) ;
#3402 = FILL_AREA_STYLE_COLOUR ( '', #5075 ) ;
#3401 = DIRECTION ( 'NONE',  ( 5.389556073798634900E-015, 1.412857278674264800E-015, 1.000000000000000000 ) ) ;
#3403 = VECTOR ( 'NONE', #6567, 39.37007874015748100 ) ;
#3404 = ORIENTED_EDGE ( 'NONE', *, *, #5647, .T. ) ;
#3405 = FACE_OUTER_BOUND ( 'NONE', #5948, .T. ) ;
#3406 = CARTESIAN_POINT ( 'NONE',  ( -0.7282875163485911200, -0.3315016303536181300, -1.704000000000018200 ) ) ;
#3407 = ORIENTED_EDGE ( 'NONE', *, *, #1508, .F. ) ;
#3408 = PRESENTATION_LAYER_ASSIGNMENT (  '', '', ( #2954 ) ) ;
#3409 =( NAMED_UNIT ( * ) PLANE_ANGLE_UNIT ( ) SI_UNIT ( $, .RADIAN. ) );
#3410 = EDGE_LOOP ( 'NONE', ( #6590, #6488 ) ) ;
#3411 = MECHANICAL_DESIGN_GEOMETRIC_PRESENTATION_REPRESENTATION (  '', ( #1560 ), #3884 ) ;
#3412 = ORIENTED_EDGE ( 'NONE', *, *, #5703, .T. ) ;
#3413 = SURFACE_STYLE_USAGE ( .BOTH. , #7461 ) ;
#3414 = EDGE_CURVE ( 'NONE', #1133, #1053, #3872, .T. ) ;
#3415 = ORIENTED_EDGE ( 'NONE', *, *, #665, .F. ) ;
#3416 = DIRECTION ( 'NONE',  ( 2.915594446626999200E-032, 5.323731010893191500E-032, -1.000000000000000000 ) ) ;
#3417 = FACE_OUTER_BOUND ( 'NONE', #6790, .T. ) ;
#3418 = CIRCLE ( 'NONE', #7006, 0.1890000000000011700 ) ;
#3419 = ORIENTED_EDGE ( 'NONE', *, *, #2330, .T. ) ;
#3420 = ORIENTED_EDGE ( 'NONE', *, *, #24, .T. ) ;
#3421 = PRESENTATION_STYLE_ASSIGNMENT (( #5307 ) ) ;
#3422 = CARTESIAN_POINT ( 'NONE',  ( -0.2684280269390437700, -0.6830016303536151600, 0.2849999999999986400 ) ) ;
#3423 = LENGTH_MEASURE_WITH_UNIT ( LENGTH_MEASURE( 0.02539999999999999900 ), #7505 );
#3424 = ORIENTED_EDGE ( 'NONE', *, *, #7339, .F. ) ;
#3425 =( GEOMETRIC_REPRESENTATION_CONTEXT ( 3 ) GLOBAL_UNCERTAINTY_ASSIGNED_CONTEXT ( ( #558 ) ) GLOBAL_UNIT_ASSIGNED_CONTEXT ( ( #7148, #3088, #7797 ) ) REPRESENTATION_CONTEXT ( 'NONE', 'WORKASPACE' ) );
#3426 = AXIS2_PLACEMENT_3D ( 'NONE', #6427, #2355, #7088 ) ;
#3427 = AXIS2_PLACEMENT_3D ( 'NONE', #4949, #7675, #7039 ) ;
#3428 = DIRECTION ( 'NONE',  ( -0.0000000000000000000, -0.0000000000000000000, -1.000000000000000000 ) ) ;
#3429 = PRESENTATION_STYLE_ASSIGNMENT (( #132 ) ) ;
#3430 = CIRCLE ( 'NONE', #7861, 0.02600000000000007900 ) ;
#3431 = EDGE_CURVE ( 'NONE', #4139, #2256, #2037, .T. ) ;
#3433 = SURFACE_SIDE_STYLE ('',( #3277 ) ) ;
#3432 =( NAMED_UNIT ( * ) SI_UNIT ( $, .STERADIAN. ) SOLID_ANGLE_UNIT ( ) );
#3434 = ORIENTED_EDGE ( 'NONE', *, *, #3944, .T. ) ;
#3435 = VECTOR ( 'NONE', #6725, 39.37007874015748100 ) ;
#3436 = DIMENSIONAL_EXPONENTS ( 1.000000000000000000, 0.0000000000000000000, 0.0000000000000000000, 0.0000000000000000000, 0.0000000000000000000, 0.0000000000000000000, 0.0000000000000000000 ) ;
#3438 = DIRECTION ( 'NONE',  ( -1.224646799147353200E-016, 1.000000000000000000, 0.0000000000000000000 ) ) ;
#3437 = DIRECTION ( 'NONE',  ( 0.3156177166874290500, -0.9488864299340642500, 0.0000000000000000000 ) ) ;
#3439 = CARTESIAN_POINT ( 'NONE',  ( -0.7282875163485912400, -0.3315016303536180700, -1.267000000000018100 ) ) ;
#3440 = AXIS2_PLACEMENT_3D ( 'NONE', #3813, #2426, #1124 ) ;
#3441 = PRESENTATION_STYLE_ASSIGNMENT (( #6468 ) ) ;
#3442 = PRESENTATION_STYLE_ASSIGNMENT (( #7632 ) ) ;
#3443 = EDGE_LOOP ( 'NONE', ( #6630, #8086, #6889, #8815, #591 ) ) ;
#3444 = CIRCLE ( 'NONE', #3162, 0.08600000000000011800 ) ;
#3445 = DIRECTION ( 'NONE',  ( -9.711944615174957000E-017, 7.459504271329836200E-017, 1.000000000000000000 ) ) ;
#3446 = CARTESIAN_POINT ( 'NONE',  ( -0.7282875163485818000, -0.3315016303536155200, -1.025562063698267200 ) ) ;
#3447 = VECTOR ( 'NONE', #3828, 39.37007874015748100 ) ;
#3448 = AXIS2_PLACEMENT_3D ( 'NONE', #6973, #2936, #7651 ) ;
#3449 = SURFACE_STYLE_FILL_AREA ( #6254 ) ;
#3450 = ORIENTED_EDGE ( 'NONE', *, *, #6202, .F. ) ;
#3451 = CIRCLE ( 'NONE', #546, 0.1227063869039654600 ) ;
#3452 =( NAMED_UNIT ( * ) PLANE_ANGLE_UNIT ( ) SI_UNIT ( $, .RADIAN. ) );
#3453 = DIRECTION ( 'NONE',  ( 0.0000000000000000000, 1.000000000000000000, 0.0000000000000000000 ) ) ;
#3454 = PLANE ( 'NONE',  #1014 ) ;
#3455 = DIRECTION ( 'NONE',  ( 8.091966805877559700E-017, 4.045983402938781700E-017, 1.000000000000000000 ) ) ;
#3456 = PRESENTATION_STYLE_ASSIGNMENT (( #3659 ) ) ;
#3457 = EDGE_CURVE ( 'NONE', #1224, #1340, #211, .T. ) ;
#3458 =( NAMED_UNIT ( * ) SI_UNIT ( $, .STERADIAN. ) SOLID_ANGLE_UNIT ( ) );
#3459 = ORIENTED_EDGE ( 'NONE', *, *, #3431, .T. ) ;
#3460 = VECTOR ( 'NONE', #414, 39.37007874015748100 ) ;
#3461 = DIMENSIONAL_EXPONENTS ( 1.000000000000000000, 0.0000000000000000000, 0.0000000000000000000, 0.0000000000000000000, 0.0000000000000000000, 0.0000000000000000000, 0.0000000000000000000 ) ;
#3463 = CARTESIAN_POINT ( 'NONE',  ( -0.4052148444932378000, -0.3315016303536154600, -1.025562063698267200 ) ) ;
#3462 = CARTESIAN_POINT ( 'NONE',  ( -0.7282875163485818000, -0.3315016303536157400, 0.2469999999999986700 ) ) ;
#3464 = AXIS2_PLACEMENT_3D ( 'NONE', #6052, #1976, #6731 ) ;
#3465 = DIRECTION ( 'NONE',  ( -9.711944615174957000E-017, 7.459504271329836200E-017, 1.000000000000000000 ) ) ;
#3466 = EDGE_CURVE ( 'NONE', #1046, #525, #7241, .T. ) ;
#3467 = CONICAL_SURFACE ( 'NONE', #7301, 0.4039887411820214400, 0.7853981633974471700 ) ;
#3468 =( CONVERSION_BASED_UNIT ( 'INCH', #607 ) LENGTH_UNIT ( ) NAMED_UNIT ( #4064 ) );
#3469 = SURFACE_STYLE_USAGE ( .BOTH. , #7500 ) ;
#3470 = DIMENSIONAL_EXPONENTS ( 1.000000000000000000, 0.0000000000000000000, 0.0000000000000000000, 0.0000000000000000000, 0.0000000000000000000, 0.0000000000000000000, 0.0000000000000000000 ) ;
#3471 =( CONVERSION_BASED_UNIT ( 'INCH', #3423 ) LENGTH_UNIT ( ) NAMED_UNIT ( #3983 ) );
#3472 = SURFACE_STYLE_FILL_AREA ( #1525 ) ;
#3473 = PRESENTATION_LAYER_ASSIGNMENT (  '', '', ( #3027 ) ) ;
#3474 = LINE ( 'NONE', #2050, #5282 ) ;
#3475 = DIRECTION ( 'NONE',  ( 0.0000000000000000000, 1.000000000000000000, -1.224606353822389800E-016 ) ) ;
#3476 = EDGE_CURVE ( 'NONE', #3837, #8283, #5450, .T. ) ;
#3477 = PRESENTATION_LAYER_ASSIGNMENT (  '', '', ( #3031 ) ) ;
#3478 = AXIS2_PLACEMENT_3D ( 'NONE', #3114, #7814, #3801 ) ;
#3479 = EDGE_CURVE ( 'NONE', #3318, #5945, #1818, .T. ) ;
#3480 = DIMENSIONAL_EXPONENTS ( 1.000000000000000000, 0.0000000000000000000, 0.0000000000000000000, 0.0000000000000000000, 0.0000000000000000000, 0.0000000000000000000, 0.0000000000000000000 ) ;
#3481 = DIRECTION ( 'NONE',  ( -0.9488864299340639100, -0.3156177166874298800, 5.559999410096617800E-015 ) ) ;
#3482 =( CONVERSION_BASED_UNIT ( 'INCH', #8393 ) LENGTH_UNIT ( ) NAMED_UNIT ( #8727 ) );
#3483 = UNCERTAINTY_MEASURE_WITH_UNIT (LENGTH_MEASURE( 1.000000000000000100E-005 ), #1031, 'distance_accuracy_value', 'NONE');
#3484 = CARTESIAN_POINT ( 'NONE',  ( -0.7282875163485816900, -0.3315016303536152400, -0.9504697936969800400 ) ) ;
#3485 = SURFACE_SIDE_STYLE ('',( #7581 ) ) ;
#3486 =( GEOMETRIC_REPRESENTATION_CONTEXT ( 3 ) GLOBAL_UNCERTAINTY_ASSIGNED_CONTEXT ( ( #5683 ) ) GLOBAL_UNIT_ASSIGNED_CONTEXT ( ( #536, #5332, #1215 ) ) REPRESENTATION_CONTEXT ( 'NONE', 'WORKASPACE' ) );
#3487 = STYLED_ITEM ( 'NONE', ( #5156 ), #6369 ) ;
#3488 = CIRCLE ( 'NONE', #2973, 0.3847549984779933800 ) ;
#3489 = CARTESIAN_POINT ( 'NONE',  ( -0.7282875163485818000, -0.3315016303536155200, -0.7554925145934504600 ) ) ;
#3490 = EDGE_CURVE ( 'NONE', #5041, #1505, #7441, .T. ) ;
#3491 = UNCERTAINTY_MEASURE_WITH_UNIT (LENGTH_MEASURE( 1.000000000000000100E-005 ), #5893, 'distance_accuracy_value', 'NONE');
#3492 = CARTESIAN_POINT ( 'NONE',  ( -0.7431958276791876800, -0.4025943993632233300, -1.546958359673900500 ) ) ;
#3493 = CYLINDRICAL_SURFACE ( 'NONE', #8471, 0.2525000000000001100 ) ;
#3494 = MECHANICAL_DESIGN_GEOMETRIC_PRESENTATION_REPRESENTATION (  '', ( #2584 ), #3965 ) ;
#3495 = VECTOR ( 'NONE', #7247, 39.37007874015748100 ) ;
#3496 = DIRECTION ( 'NONE',  ( 1.000000000000000000, 0.0000000000000000000, -5.812442539711189900E-015 ) ) ;
#3497 = VERTEX_POINT ( 'NONE', #3422 ) ;
#3498 = DIMENSIONAL_EXPONENTS ( 1.000000000000000000, 0.0000000000000000000, 0.0000000000000000000, 0.0000000000000000000, 0.0000000000000000000, 0.0000000000000000000, 0.0000000000000000000 ) ;
#3499 = CARTESIAN_POINT ( 'NONE',  ( -0.8207875163485817100, -0.3315016303536159600, -1.349538768355159800 ) ) ;
#3500 = VERTEX_POINT ( 'NONE', #6815 ) ;
#3501 = LINE ( 'NONE', #3873, #1452 ) ;
#3502 = EDGE_CURVE ( 'NONE', #5535, #1281, #3430, .T. ) ;
#3503 = DIRECTION ( 'NONE',  ( 1.000000000000000000, 0.0000000000000000000, -7.318198862918290000E-016 ) ) ;
#3504 = DIRECTION ( 'NONE',  ( 1.000000000000000000, 0.0000000000000000000, 0.0000000000000000000 ) ) ;
#3505 = ORIENTED_EDGE ( 'NONE', *, *, #6133, .F. ) ;
#3506 = AXIS2_PLACEMENT_3D ( 'NONE', #4568, #447, #5244 ) ;
#3507 = DIRECTION ( 'NONE',  ( 1.000000000000000000, 0.0000000000000000000, 0.0000000000000000000 ) ) ;
#3508 = EDGE_LOOP ( 'NONE', ( #5759, #1617, #6505, #6874 ) ) ;
#3509 = DIRECTION ( 'NONE',  ( 1.000000000000000000, 0.0000000000000000000, 0.0000000000000000000 ) ) ;
#3510 = CIRCLE ( 'NONE', #6854, 0.1444529946136700300 ) ;
#3511 = AXIS2_PLACEMENT_3D ( 'NONE', #2830, #7551, #3509 ) ;
#3512 = LENGTH_MEASURE_WITH_UNIT ( LENGTH_MEASURE( 0.02539999999999999900 ), #1950 );
#3513 = CARTESIAN_POINT ( 'NONE',  ( -0.7282875163485818000, -0.3315016303536152400, -1.144181362094663300 ) ) ;
#3514 = ORIENTED_EDGE ( 'NONE', *, *, #5471, .F. ) ;
#3515 = COLOUR_RGB ( '',0.5019607843137254800, 0.5019607843137254800, 0.5019607843137254800 ) ;
#3516 = ORIENTED_EDGE ( 'NONE', *, *, #4779, .T. ) ;
#3518 = DIRECTION ( 'NONE',  ( 5.389556073798634900E-015, 1.412857278674264800E-015, 1.000000000000000000 ) ) ;
#3517 = DIRECTION ( 'NONE',  ( 0.0000000000000000000, 0.0000000000000000000, 1.000000000000000000 ) ) ;
#3519 = ORIENTED_EDGE ( 'NONE', *, *, #7999, .T. ) ;
#3520 = ADVANCED_FACE ( 'NONE', ( #8813 ), #957, .T. ) ;
#3521 = EDGE_LOOP ( 'NONE', ( #8052, #1441, #1470, #5203, #7641 ) ) ;
#3522 = CARTESIAN_POINT ( 'NONE',  ( -0.7478763583275195300, -0.08986724964083331300, -0.9670000000000005300 ) ) ;
#3523 = DIMENSIONAL_EXPONENTS ( 1.000000000000000000, 0.0000000000000000000, 0.0000000000000000000, 0.0000000000000000000, 0.0000000000000000000, 0.0000000000000000000, 0.0000000000000000000 ) ;
#3525 = DIRECTION ( 'NONE',  ( 0.0000000000000000000, 0.0000000000000000000, 1.000000000000000000 ) ) ;
#3524 = CARTESIAN_POINT ( 'NONE',  ( -0.8958477654504180000, -0.3315016303536180700, -1.539000000000017900 ) ) ;
#3526 = ORIENTED_EDGE ( 'NONE', *, *, #1088, .F. ) ;
#3527 = CIRCLE ( 'NONE', #2445, 0.1419999999999998800 ) ;
#3528 = STYLED_ITEM ( 'NONE', ( #5754 ), #4660 ) ;
#3529 = FILL_AREA_STYLE ('',( #2146 ) ) ;
#3530 = SURFACE_SIDE_STYLE ('',( #2690 ) ) ;
#3531 = COLOUR_RGB ( '',0.5019607843137254800, 0.5019607843137254800, 0.5019607843137254800 ) ;
#3532 = PRESENTATION_STYLE_ASSIGNMENT (( #904 ) ) ;
#3533 =( LENGTH_UNIT ( ) NAMED_UNIT ( * ) SI_UNIT ( $, .METRE. ) );
#3534 = AXIS2_PLACEMENT_3D ( 'NONE', #3830, #8544, #4520 ) ;
#3535 = AXIS2_PLACEMENT_3D ( 'NONE', #1787, #7196, #5910 ) ;
#3536 = CARTESIAN_POINT ( 'NONE',  ( -0.9488781953098651700, -0.3653542869023254600, -1.539000000000018100 ) ) ;
#3537 = EDGE_CURVE ( 'NONE', #5433, #648, #6182, .T. ) ;
#3538 = UNCERTAINTY_MEASURE_WITH_UNIT (LENGTH_MEASURE( 1.000000000000000100E-005 ), #1521, 'distance_accuracy_value', 'NONE');
#3539 = ORIENTED_EDGE ( 'NONE', *, *, #439, .F. ) ;
#3540 = SURFACE_STYLE_FILL_AREA ( #3177 ) ;
#3541 = SURFACE_STYLE_USAGE ( .BOTH. , #7567 ) ;
#3542 = ORIENTED_EDGE ( 'NONE', *, *, #7435, .T. ) ;
#3543 = CARTESIAN_POINT ( 'NONE',  ( -0.7282875163485818000, -0.3315016303536151800, -1.107958369439397100 ) ) ;
#3545 = CARTESIAN_POINT ( 'NONE',  ( -0.7282875163485818000, -0.3315016303536157400, 0.2469999999999986700 ) ) ;
#3544 = CIRCLE ( 'NONE', #3549, 0.2149999999999997500 ) ;
#3546 = CARTESIAN_POINT ( 'NONE',  ( -1.363287516348582500, -0.3315016303536156800, -1.229331597148918500E-015 ) ) ;
#3547 = VERTEX_POINT ( 'NONE', #1426 ) ;
#3548 = CYLINDRICAL_SURFACE ( 'NONE', #8394, 0.04700000000000006900 ) ;
#3549 = AXIS2_PLACEMENT_3D ( 'NONE', #6159, #2079, #6831 ) ;
#3550 = SURFACE_STYLE_FILL_AREA ( #255 ) ;
#3551 =( GEOMETRIC_REPRESENTATION_CONTEXT ( 3 ) GLOBAL_UNCERTAINTY_ASSIGNED_CONTEXT ( ( #3829 ) ) GLOBAL_UNIT_ASSIGNED_CONTEXT ( ( #6223, #2143, #6882 ) ) REPRESENTATION_CONTEXT ( 'NONE', 'WORKASPACE' ) );
#3552 =( GEOMETRIC_REPRESENTATION_CONTEXT ( 3 ) GLOBAL_UNCERTAINTY_ASSIGNED_CONTEXT ( ( #4693 ) ) GLOBAL_UNIT_ASSIGNED_CONTEXT ( ( #8832, #4800, #667 ) ) REPRESENTATION_CONTEXT ( 'NONE', 'WORKASPACE' ) );
#3553 = DIRECTION ( 'NONE',  ( -5.389556073798635700E-015, -1.412857278674264800E-015, -1.000000000000000000 ) ) ;
#3554 = EDGE_CURVE ( 'NONE', #6893, #8593, #712, .T. ) ;
#3555 = PRESENTATION_STYLE_ASSIGNMENT (( #1183 ) ) ;
#3557 = DIRECTION ( 'NONE',  ( 1.000000000000000000, 0.0000000000000000000, -5.812442539711189900E-015 ) ) ;
#3556 = SURFACE_STYLE_USAGE ( .BOTH. , #7579 ) ;
#3558 = SURFACE_STYLE_FILL_AREA ( #7279 ) ;
#3559 = FACE_OUTER_BOUND ( 'NONE', #1294, .T. ) ;
#3560 = FILL_AREA_STYLE ('',( #763 ) ) ;
#3561 = MECHANICAL_DESIGN_GEOMETRIC_PRESENTATION_REPRESENTATION (  '', ( #2636 ), #4009 ) ;
#3562 = ORIENTED_EDGE ( 'NONE', *, *, #4898, .T. ) ;
#3563 = FACE_OUTER_BOUND ( 'NONE', #7856, .T. ) ;
#3564 = DIRECTION ( 'NONE',  ( 2.985768325466478400E-031, -6.902532920683853300E-031, -1.000000000000000000 ) ) ;
#3565 =( LENGTH_UNIT ( ) NAMED_UNIT ( * ) SI_UNIT ( $, .METRE. ) );
#3567 = CARTESIAN_POINT ( 'NONE',  ( -0.7282875163485818000, -0.3315016303536157900, -1.546958369439662000 ) ) ;
#3566 =( LENGTH_UNIT ( ) NAMED_UNIT ( * ) SI_UNIT ( $, .METRE. ) );
#3568 = PRESENTATION_LAYER_ASSIGNMENT (  '', '', ( #4013 ) ) ;
#3569 = CIRCLE ( 'NONE', #6552, 0.1400000000000000100 ) ;
#3570 = COLOUR_RGB ( '',0.5019607843137254800, 0.5019607843137254800, 0.5019607843137254800 ) ;
#3571 = CARTESIAN_POINT ( 'NONE',  ( -0.7282875163485818000, -0.3315016303536155200, 1.168000000000000100 ) ) ;
#3572 = ORIENTED_EDGE ( 'NONE', *, *, #8539, .F. ) ;
#3573 = FACE_OUTER_BOUND ( 'NONE', #7885, .T. ) ;
#3574 =( NAMED_UNIT ( * ) PLANE_ANGLE_UNIT ( ) SI_UNIT ( $, .RADIAN. ) );
#3575 = CARTESIAN_POINT ( 'NONE',  ( -0.7282875163485818000, -0.3315016303536155200, -0.7139482375457254500 ) ) ;
#3576 = MECHANICAL_DESIGN_GEOMETRIC_PRESENTATION_REPRESENTATION (  '', ( #2648 ), #4016 ) ;
#3577 = FACE_OUTER_BOUND ( 'NONE', #7211, .T. ) ;
#3578 = ADVANCED_FACE ( 'NONE', ( #5976, #7974, #4390, #2569, #4166, #2364, #510, #7538 ), #6864, .T. ) ;
#3579 = DIRECTION ( 'NONE',  ( -1.324963830349198200E-016, 4.495203217082431800E-017, -1.000000000000000000 ) ) ;
#3580 = FILL_AREA_STYLE ('',( #7599 ) ) ;
#3581 = VERTEX_POINT ( 'NONE', #82 ) ;
#3582 = DIMENSIONAL_EXPONENTS ( 1.000000000000000000, 0.0000000000000000000, 0.0000000000000000000, 0.0000000000000000000, 0.0000000000000000000, 0.0000000000000000000, 0.0000000000000000000 ) ;
#3583 = LENGTH_MEASURE_WITH_UNIT ( LENGTH_MEASURE( 0.02539999999999999900 ), #8415 );
#3584 = DIRECTION ( 'NONE',  ( -1.000000000000000000, 0.0000000000000000000, 0.0000000000000000000 ) ) ;
#3585 = SURFACE_SIDE_STYLE ('',( #3111 ) ) ;
#3586 =( LENGTH_UNIT ( ) NAMED_UNIT ( * ) SI_UNIT ( $, .METRE. ) );
#3588 = CARTESIAN_POINT ( 'NONE',  ( -1.036360188203926200, -0.3315016303536155200, -0.3033176733773519900 ) ) ;
#3587 = CARTESIAN_POINT ( 'NONE',  ( -0.7282875163485912400, -0.3315016303536180700, -1.212000000000017500 ) ) ;
#3589 = DIRECTION ( 'NONE',  ( 0.0000000000000000000, 0.0000000000000000000, -1.000000000000000000 ) ) ;
#3590 = COLOUR_RGB ( '',0.5019607843137254800, 0.5019607843137254800, 0.5019607843137254800 ) ;
#3591 = MECHANICAL_DESIGN_GEOMETRIC_PRESENTATION_REPRESENTATION (  '', ( #2665 ), #4029 ) ;
#3592 = CARTESIAN_POINT ( 'NONE',  ( -0.7282875163485818000, -0.6440016303536156800, -1.012000000000000000 ) ) ;
#3593 =( GEOMETRIC_REPRESENTATION_CONTEXT ( 3 ) GLOBAL_UNCERTAINTY_ASSIGNED_CONTEXT ( ( #3892 ) ) GLOBAL_UNIT_ASSIGNED_CONTEXT ( ( #1640, #6421, #2345 ) ) REPRESENTATION_CONTEXT ( 'NONE', 'WORKASPACE' ) );
#3595 = CARTESIAN_POINT ( 'NONE',  ( -0.8837875163478873300, -0.3315016303536152400, -0.9504697936969802600 ) ) ;
#3594 = CARTESIAN_POINT ( 'NONE',  ( -0.7282875163485818000, -0.3315016303536156300, 0.2339999999999986500 ) ) ;
#3596 = SURFACE_STYLE_FILL_AREA ( #4858 ) ;
#3597 =( CONVERSION_BASED_UNIT ( 'INCH', #185 ) LENGTH_UNIT ( ) NAMED_UNIT ( #7901 ) );
#3598 = EDGE_CURVE ( 'NONE', #7122, #579, #1478, .T. ) ;
#3599 = CIRCLE ( 'NONE', #617, 0.3600000000000003200 ) ;
#3600 = DIRECTION ( 'NONE',  ( 1.000000000000000000, 0.0000000000000000000, 0.0000000000000000000 ) ) ;
#3601 = LENGTH_MEASURE_WITH_UNIT ( LENGTH_MEASURE( 0.02539999999999999900 ), #4578 );
#3602 = DIRECTION ( 'NONE',  ( -1.000000000000000000, 0.0000000000000000000, 0.0000000000000000000 ) ) ;
#3603 = COLOUR_RGB ( '',1.000000000000000000, 1.000000000000000000, 1.000000000000000000 ) ;
#3604 =( LENGTH_UNIT ( ) NAMED_UNIT ( * ) SI_UNIT ( $, .METRE. ) );
#3605 = PRESENTATION_LAYER_ASSIGNMENT (  '', '', ( #3147 ) ) ;
#3606 = AXIS2_PLACEMENT_3D ( 'NONE', #2136, #6872, #2834 ) ;
#3607 = STYLED_ITEM ( 'NONE', ( #8120 ), #5613 ) ;
#3608 = CARTESIAN_POINT ( 'NONE',  ( -0.7282875163485813500, -0.3315016303536163500, -0.5169583694396621100 ) ) ;
#3609 = CARTESIAN_POINT ( 'NONE',  ( -0.8667875163485917500, -0.3315016303536180700, -3.282590941438460400 ) ) ;
#3610 = DIRECTION ( 'NONE',  ( -1.000000000000000000, 0.0000000000000000000, 0.0000000000000000000 ) ) ;
#3611 = DIRECTION ( 'NONE',  ( -9.726753936418404900E-033, -1.224606353822377300E-016, -1.000000000000000000 ) ) ;
#3612 = LENGTH_MEASURE_WITH_UNIT ( LENGTH_MEASURE( 0.02539999999999999900 ), #6302 );
#3613 = FILL_AREA_STYLE ('',( #5622 ) ) ;
#3614 = SURFACE_STYLE_FILL_AREA ( #153 ) ;
#3615 = ORIENTED_EDGE ( 'NONE', *, *, #427, .T. ) ;
#3617 = DIRECTION ( 'NONE',  ( 1.220408817397850200E-016, -1.013066643428635800E-017, -1.000000000000000000 ) ) ;
#3616 = CARTESIAN_POINT ( 'NONE',  ( -0.7282875163485818000, -0.7115016303536162400, -0.5081049102779643400 ) ) ;
#3618 = AXIS2_PLACEMENT_3D ( 'NONE', #4998, #856, #233 ) ;
#3619 = ORIENTED_EDGE ( 'NONE', *, *, #6733, .T. ) ;
#3620 =( NAMED_UNIT ( * ) SI_UNIT ( $, .STERADIAN. ) SOLID_ANGLE_UNIT ( ) );
#3621 = ADVANCED_FACE ( 'NONE', ( #4916, #6704 ), #6267, .T. ) ;
#3622 = PRESENTATION_STYLE_ASSIGNMENT (( #6067 ) ) ;
#3623 = DIRECTION ( 'NONE',  ( -5.135052619669662200E-017, 2.567526309834831100E-017, -1.000000000000000000 ) ) ;
#3624 = ORIENTED_EDGE ( 'NONE', *, *, #8688, .F. ) ;
#3625 = CARTESIAN_POINT ( 'NONE',  ( -1.188147005758116000, -0.5970016303536215300, 0.2849999999999986400 ) ) ;
#3627 =( CONVERSION_BASED_UNIT ( 'INCH', #3319 ) LENGTH_UNIT ( ) NAMED_UNIT ( #2725 ) );
#3626 = CARTESIAN_POINT ( 'NONE',  ( -0.7410848403732063200, -0.3088691647829173200, -1.259000000000018500 ) ) ;
#3628 = DIRECTION ( 'NONE',  ( 9.726753936418404900E-033, 1.224606353822377300E-016, 1.000000000000000000 ) ) ;
#3629 = AXIS2_PLACEMENT_3D ( 'NONE', #1020, #4450, #5839 ) ;
#3630 = CONICAL_SURFACE ( 'NONE', #5743, 0.2149999999994809700, 1.178097245096306500 ) ;
#3631 = ORIENTED_EDGE ( 'NONE', *, *, #1781, .F. ) ;
#3632 = LINE ( 'NONE', #6465, #5208 ) ;
#3633 = FILL_AREA_STYLE ('',( #2434 ) ) ;
#3634 = CIRCLE ( 'NONE', #249, 0.05250000000000005400 ) ;
#3635 = CARTESIAN_POINT ( 'NONE',  ( -0.5195325017630959600, -0.2620657326823830300, -1.539000000000018100 ) ) ;
#3636 = VERTEX_POINT ( 'NONE', #7639 ) ;
#3637 = EDGE_CURVE ( 'NONE', #6408, #1706, #7643, .T. ) ;
#3638 = SURFACE_SIDE_STYLE ('',( #5367 ) ) ;
#3639 = SURFACE_STYLE_USAGE ( .BOTH. , #7668 ) ;
#3640 = VERTEX_POINT ( 'NONE', #2922 ) ;
#3641 = LENGTH_MEASURE_WITH_UNIT ( LENGTH_MEASURE( 0.02539999999999999900 ), #1550 );
#3642 = ORIENTED_EDGE ( 'NONE', *, *, #5761, .F. ) ;
#3643 = FACE_OUTER_BOUND ( 'NONE', #6615, .T. ) ;
#3644 = CARTESIAN_POINT ( 'NONE',  ( -0.7282875163485818000, -0.3315016303536155200, -0.4702450015220069900 ) ) ;
#3645 =( LENGTH_UNIT ( ) NAMED_UNIT ( * ) SI_UNIT ( $, .METRE. ) );
#3646 = ORIENTED_EDGE ( 'NONE', *, *, #686, .T. ) ;
#3647 = PRESENTATION_LAYER_ASSIGNMENT (  '', '', ( #4083 ) ) ;
#3648 = COLOUR_RGB ( '',0.5019607843137254800, 0.5019607843137254800, 0.5019607843137254800 ) ;
#3649 = ORIENTED_EDGE ( 'NONE', *, *, #3378, .T. ) ;
#3651 = CARTESIAN_POINT ( 'NONE',  ( -0.7282875163485818000, -0.3315016303536155200, -0.9320000000000001600 ) ) ;
#3650 = DIRECTION ( 'NONE',  ( -9.711944615174957000E-017, 7.459504271329836200E-017, 1.000000000000000000 ) ) ;
#3652 = DIRECTION ( 'NONE',  ( 2.985768325466481900E-031, 6.902532920683851500E-031, 1.000000000000000000 ) ) ;
#3653 = ORIENTED_EDGE ( 'NONE', *, *, #2809, .F. ) ;
#3654 = CONICAL_SURFACE ( 'NONE', #6457, 0.1554999999993057200, 0.8992405046020450800 ) ;
#3655 = FILL_AREA_STYLE_COLOUR ( '', #4204 ) ;
#3656 = ORIENTED_EDGE ( 'NONE', *, *, #7102, .T. ) ;
#3657 = DIRECTION ( 'NONE',  ( 0.0000000000000000000, 0.0000000000000000000, 1.000000000000000000 ) ) ;
#3658 = VECTOR ( 'NONE', #5444, 39.37007874015748100 ) ;
#3660 = CARTESIAN_POINT ( 'NONE',  ( -0.5836105319791753400, -0.2451035695308786700, -1.528439314204243200 ) ) ;
#3659 = SURFACE_STYLE_USAGE ( .BOTH. , #7678 ) ;
#3661 = AXIS2_PLACEMENT_3D ( 'NONE', #577, #2646, #8090 ) ;
#3662 = CARTESIAN_POINT ( 'NONE',  ( -0.7282875163485911200, -0.3315016303536181300, -1.694000000000017900 ) ) ;
#3663 = UNCERTAINTY_MEASURE_WITH_UNIT (LENGTH_MEASURE( 1.000000000000000100E-005 ), #3471, 'distance_accuracy_value', 'NONE');
#3664 = ORIENTED_EDGE ( 'NONE', *, *, #161, .T. ) ;
#3665 = LENGTH_MEASURE_WITH_UNIT ( LENGTH_MEASURE( 0.02539999999999999900 ), #2544 );
#3666 = PRESENTATION_LAYER_ASSIGNMENT (  '', '', ( #3202 ) ) ;
#3667 = STYLED_ITEM ( 'NONE', ( #5327 ), #7676 ) ;
#3668 = PRESENTATION_STYLE_ASSIGNMENT (( #8755 ) ) ;
#3669 = EDGE_CURVE ( 'NONE', #3968, #7396, #5875, .T. ) ;
#3670 = DIRECTION ( 'NONE',  ( 1.000000000000000000, 0.0000000000000000000, -5.812442539711189900E-015 ) ) ;
#3671 = CYLINDRICAL_SURFACE ( 'NONE', #6730, 0.2499999999999998100 ) ;
#3672 = EDGE_LOOP ( 'NONE', ( #8715, #2061 ) ) ;
#3673 = DIRECTION ( 'NONE',  ( -7.472189016151557300E-032, -6.165649696520689200E-033, -1.000000000000000000 ) ) ;
#3674 = ADVANCED_FACE ( 'NONE', ( #4061 ), #4803, .T. ) ;
#3675 = DIRECTION ( 'NONE',  ( -1.000000000000000000, 0.0000000000000000000, 0.0000000000000000000 ) ) ;
#3676 = UNCERTAINTY_MEASURE_WITH_UNIT (LENGTH_MEASURE( 1.000000000000000100E-005 ), #8276, 'distance_accuracy_value', 'NONE');
#3677 = SURFACE_STYLE_FILL_AREA ( #8551 ) ;
#3678 =( NAMED_UNIT ( * ) PLANE_ANGLE_UNIT ( ) SI_UNIT ( $, .RADIAN. ) );
#3679 = DIRECTION ( 'NONE',  ( -0.0000000000000000000, -0.0000000000000000000, 1.000000000000000000 ) ) ;
#3680 = AXIS2_PLACEMENT_3D ( 'NONE', #350, #5151, #1051 ) ;
#3681 = COLOUR_RGB ( '',0.5019607843137254800, 0.5019607843137254800, 0.5019607843137254800 ) ;
#3682 = ORIENTED_EDGE ( 'NONE', *, *, #4604, .F. ) ;
#3683 = EDGE_CURVE ( 'NONE', #5785, #945, #6595, .T. ) ;
#3685 = CARTESIAN_POINT ( 'NONE',  ( -0.7282875163485668100, 0.2854983696464034000, -1.376455611475006300E-015 ) ) ;
#3684 = CARTESIAN_POINT ( 'NONE',  ( -0.7282875203951045800, -0.2589999864697574700, -1.546958369372103400 ) ) ;
#3686 = LINE ( 'NONE', #3626, #4 ) ;
#3687 = STYLED_ITEM ( 'NONE', ( #7511 ), #2002 ) ;
#3688 = SURFACE_STYLE_FILL_AREA ( #8759 ) ;
#3689 =( NAMED_UNIT ( * ) PLANE_ANGLE_UNIT ( ) SI_UNIT ( $, .RADIAN. ) );
#3690 = ORIENTED_EDGE ( 'NONE', *, *, #880, .F. ) ;
#3691 = LINE ( 'NONE', #3857, #3460 ) ;
#3692 = FILL_AREA_STYLE ('',( #2299 ) ) ;
#3694 = CARTESIAN_POINT ( 'NONE',  ( -0.5521671401623031700, -0.2931690986671035000, -1.506444770682899800 ) ) ;
#3693 = CARTESIAN_POINT ( 'NONE',  ( -0.7282875163485818000, -0.3315016303536156800, -1.365923996832131600E-015 ) ) ;
#3695 = DIRECTION ( 'NONE',  ( -9.726753936418404900E-033, -1.224606353822377300E-016, -1.000000000000000000 ) ) ;
#3696 = SURFACE_STYLE_FILL_AREA ( #5487 ) ;
#3697 = EDGE_CURVE ( 'NONE', #7740, #3739, #8384, .T. ) ;
#3698 = CIRCLE ( 'NONE', #2736, 0.3697549984779935400 ) ;
#3699 = LENGTH_MEASURE_WITH_UNIT ( LENGTH_MEASURE( 0.02539999999999999900 ), #6596 );
#3700 = LENGTH_MEASURE_WITH_UNIT ( LENGTH_MEASURE( 0.02539999999999999900 ), #1522 );
#3701 = COLOUR_RGB ( '',0.5019607843137254800, 0.5019607843137254800, 0.5019607843137254800 ) ;
#3702 =( CONVERSION_BASED_UNIT ( 'INCH', #6687 ) LENGTH_UNIT ( ) NAMED_UNIT ( #4796 ) );
#3703 = PRESENTATION_LAYER_ASSIGNMENT (  '', '', ( #2307 ) ) ;
#3704 = SURFACE_STYLE_USAGE ( .BOTH. , #7709 ) ;
#3705 = CARTESIAN_POINT ( 'NONE',  ( -0.9056197420894872600, -0.3771624875024575100, -1.503614805821283000 ) ) ;
#3706 = DIRECTION ( 'NONE',  ( -2.188980764207856200E-016, -4.377961528415732600E-016, 1.000000000000000000 ) ) ;
#3707 = LINE ( 'NONE', #4254, #1641 ) ;
#3708 = CARTESIAN_POINT ( 'NONE',  ( -0.2684280269390437700, -0.5110016303536149000, 0.2849999999999986400 ) ) ;
#3709 =( NAMED_UNIT ( * ) SI_UNIT ( $, .STERADIAN. ) SOLID_ANGLE_UNIT ( ) );
#3710 = SURFACE_STYLE_FILL_AREA ( #44 ) ;
#3712 = SURFACE_STYLE_USAGE ( .BOTH. , #7725 ) ;
#3711 = CARTESIAN_POINT ( 'NONE',  ( -0.7982871415246665100, -0.3122139478069458900, -1.546958366080920700 ) ) ;
#3713 = CARTESIAN_POINT ( 'NONE',  ( -0.7282875163485818000, -0.3315016303536155200, -0.4992337427040285400 ) ) ;
#3714 = AXIS2_PLACEMENT_3D ( 'NONE', #2900, #7610, #3589 ) ;
#3715 = SURFACE_STYLE_FILL_AREA ( #8651 ) ;
#3716 = CARTESIAN_POINT ( 'NONE',  ( -0.7282875163485816900, -0.3315016303536162400, -0.6699583694396619200 ) ) ;
#3717 = ADVANCED_FACE ( 'NONE', ( #6799, #5023 ), #7029, .T. ) ;
#3718 = FILL_AREA_STYLE_COLOUR ( '', #1545 ) ;
#3719 =( GEOMETRIC_REPRESENTATION_CONTEXT ( 3 ) GLOBAL_UNCERTAINTY_ASSIGNED_CONTEXT ( ( #1619 ) ) GLOBAL_UNIT_ASSIGNED_CONTEXT ( ( #5678, #1565, #6349 ) ) REPRESENTATION_CONTEXT ( 'NONE', 'WORKASPACE' ) );
#3720 = STYLED_ITEM ( 'NONE', ( #5243 ), #7216 ) ;
#3721 = CARTESIAN_POINT ( 'NONE',  ( -0.7382929371507944700, -0.2855789610652278400, -1.599000000000018600 ) ) ;
#3722 =( CONVERSION_BASED_UNIT ( 'INCH', #593 ) LENGTH_UNIT ( ) NAMED_UNIT ( #8126 ) );
#3723 =( NAMED_UNIT ( * ) PLANE_ANGLE_UNIT ( ) SI_UNIT ( $, .RADIAN. ) );
#3724 = EDGE_CURVE ( 'NONE', #6986, #5124, #7525, .T. ) ;
#3725 = LENGTH_MEASURE_WITH_UNIT ( LENGTH_MEASURE( 0.02539999999999999900 ), #243 );
#3726 = DIRECTION ( 'NONE',  ( 1.476674591169866100E-015, -2.180567848206688900E-030, -1.000000000000000000 ) ) ;
#3727 = FILL_AREA_STYLE ('',( #3035 ) ) ;
#3728 = SURFACE_SIDE_STYLE ('',( #6094 ) ) ;
#3729 = MECHANICAL_DESIGN_GEOMETRIC_PRESENTATION_REPRESENTATION (  '', ( #2808 ), #4163 ) ;
#3730 = AXIS2_PLACEMENT_3D ( 'NONE', #8650, #4634, #502 ) ;
#3731 = SURFACE_STYLE_FILL_AREA ( #5506 ) ;
#3732 = ORIENTED_EDGE ( 'NONE', *, *, #2011, .F. ) ;
#3733 = EDGE_CURVE ( 'NONE', #4043, #1913, #2353, .T. ) ;
#3734 = DIRECTION ( 'NONE',  ( -1.000000000000000000, 0.0000000000000000000, 0.0000000000000000000 ) ) ;
#3735 = CARTESIAN_POINT ( 'NONE',  ( -0.7282875163485818000, -0.3315016303536155200, -0.3587867965644041500 ) ) ;
#3736 = COLOUR_RGB ( '',0.5019607843137254800, 0.5019607843137254800, 0.5019607843137254800 ) ;
#3737 = ORIENTED_EDGE ( 'NONE', *, *, #7082, .T. ) ;
#3738 = FACE_OUTER_BOUND ( 'NONE', #1247, .T. ) ;
#3739 = VERTEX_POINT ( 'NONE', #4409 ) ;
#3740 = AXIS2_PLACEMENT_3D ( 'NONE', #1293, #6080, #634 ) ;
#3741 = ORIENTED_EDGE ( 'NONE', *, *, #3372, .T. ) ;
#3742 = COLOUR_RGB ( '',0.5019607843137254800, 0.5019607843137254800, 0.5019607843137254800 ) ;
#3743 =( NAMED_UNIT ( * ) SI_UNIT ( $, .STERADIAN. ) SOLID_ANGLE_UNIT ( ) );
#3745 = DIRECTION ( 'NONE',  ( -1.000000000000000000, 0.0000000000000000000, 0.0000000000000000000 ) ) ;
#3744 =( LENGTH_UNIT ( ) NAMED_UNIT ( * ) SI_UNIT ( $, .METRE. ) );
#3746 = VERTEX_POINT ( 'NONE', #6424 ) ;
#3747 = SURFACE_STYLE_FILL_AREA ( #2247 ) ;
#3748 = CARTESIAN_POINT ( 'NONE',  ( -0.7282875163485818000, -0.3315016303536154600, -0.5081049102779643400 ) ) ;
#3749 = ORIENTED_EDGE ( 'NONE', *, *, #508, .F. ) ;
#3750 = EDGE_LOOP ( 'NONE', ( #3653, #7612, #1192, #4511 ) ) ;
#3751 = AXIS2_PLACEMENT_3D ( 'NONE', #221, #8420, #4425 ) ;
#3752 = ORIENTED_EDGE ( 'NONE', *, *, #54, .T. ) ;
#3753 = ORIENTED_EDGE ( 'NONE', *, *, #4717, .T. ) ;
#3754 =( CONVERSION_BASED_UNIT ( 'INCH', #4042 ) LENGTH_UNIT ( ) NAMED_UNIT ( #1373 ) );
#3755 = LINE ( 'NONE', #6250, #2790 ) ;
#3756 = DIRECTION ( 'NONE',  ( -0.0000000000000000000, -0.0000000000000000000, 1.000000000000000000 ) ) ;
#3757 = EDGE_LOOP ( 'NONE', ( #7844, #2120, #3850, #8516, #7966 ) ) ;
#3758 = DIRECTION ( 'NONE',  ( 1.324963830349198200E-016, -4.495203217082431200E-017, 1.000000000000000000 ) ) ;
#3759 = ADVANCED_FACE ( 'NONE', ( #5763 ), #6492, .T. ) ;
#3760 = FILL_AREA_STYLE ('',( #6450 ) ) ;
#3761 = TOROIDAL_SURFACE ( 'NONE', #1079, 0.2155537069039520600, 0.04799345780212511300 ) ;
#3762 = DIRECTION ( 'NONE',  ( -1.000000000000000000, 0.0000000000000000000, 0.0000000000000000000 ) ) ;
#3763 = DIRECTION ( 'NONE',  ( -1.000000000000000000, 0.0000000000000000000, 0.0000000000000000000 ) ) ;
#3764 = EDGE_LOOP ( 'NONE', ( #6336, #5988, #1354, #4878 ) ) ;
#3765 = DIRECTION ( 'NONE',  ( 0.0000000000000000000, 1.000000000000000000, -2.060207047528567700E-016 ) ) ;
#3766 = AXIS2_PLACEMENT_3D ( 'NONE', #2123, #6860, #2823 ) ;
#3767 = FACE_OUTER_BOUND ( 'NONE', #8189, .T. ) ;
#3768 = LINE ( 'NONE', #7478, #8713 ) ;
#3769 = EDGE_CURVE ( 'NONE', #3739, #2780, #8485, .T. ) ;
#3770 = DIRECTION ( 'NONE',  ( 9.726753936418404900E-033, 1.224606353822377300E-016, 1.000000000000000000 ) ) ;
#3771 = UNCERTAINTY_MEASURE_WITH_UNIT (LENGTH_MEASURE( 1.000000000000000100E-005 ), #1650, 'distance_accuracy_value', 'NONE');
#3772 = EDGE_LOOP ( 'NONE', ( #5970, #5871, #118, #5032, #2009 ) ) ;
#3773 = LINE ( 'NONE', #1582, #5358 ) ;
#3774 = ORIENTED_EDGE ( 'NONE', *, *, #161, .F. ) ;
#3775 = CARTESIAN_POINT ( 'NONE',  ( -0.7282875163485818000, -0.7535016303536157300, 0.2469999999999986900 ) ) ;
#3776 =( NAMED_UNIT ( * ) PLANE_ANGLE_UNIT ( ) SI_UNIT ( $, .RADIAN. ) );
#3777 =( GEOMETRIC_REPRESENTATION_CONTEXT ( 3 ) GLOBAL_UNCERTAINTY_ASSIGNED_CONTEXT ( ( #3483 ) ) GLOBAL_UNIT_ASSIGNED_CONTEXT ( ( #1031, #5819, #1728 ) ) REPRESENTATION_CONTEXT ( 'NONE', 'WORKASPACE' ) );
#3778 = VECTOR ( 'NONE', #461, 39.37007874015748100 ) ;
#3779 =( GEOMETRIC_REPRESENTATION_CONTEXT ( 3 ) GLOBAL_UNCERTAINTY_ASSIGNED_CONTEXT ( ( #2836 ) ) GLOBAL_UNIT_ASSIGNED_CONTEXT ( ( #5492, #1394, #6166 ) ) REPRESENTATION_CONTEXT ( 'NONE', 'WORKASPACE' ) );
#3780 = EDGE_LOOP ( 'NONE', ( #3337, #941, #6617, #2021 ) ) ;
#3781 = AXIS2_PLACEMENT_3D ( 'NONE', #1936, #7362, #1964 ) ;
#3782 =( GEOMETRIC_REPRESENTATION_CONTEXT ( 3 ) GLOBAL_UNCERTAINTY_ASSIGNED_CONTEXT ( ( #4418 ) ) GLOBAL_UNIT_ASSIGNED_CONTEXT ( ( #7386, #3357, #8070 ) ) REPRESENTATION_CONTEXT ( 'NONE', 'WORKASPACE' ) );
#3783 = B_SPLINE_CURVE_WITH_KNOTS ( 'NONE', 3,
 ( #2972, #6988, #8377, #4339, #229, #5028, #913, #5711, #1610, #6388, #2309, #7058, #3008, #7710, #3705, #8406, #4366, #254, #5055, #951, #5737, #1639 ),
 .UNSPECIFIED., .F., .F.,
 ( 4, 2, 2, 2, 2, 2, 2, 2, 2, 2, 4 ),
 ( 0.0000000000000000000, 0.0004021119166688281600, 0.0008042238333376563300, 0.001206335750006484400, 0.001407391708340898300, 0.001608447666675312400, 0.001809503625009725900, 0.002010559583344139800, 0.002412671500012973200, 0.002814783416681807100, 0.003216895333350640500 ),
 .UNSPECIFIED. ) ;
#3784 = CARTESIAN_POINT ( 'NONE',  ( -0.7087932312470395200, -0.3742681224751319700, -1.259000000000018500 ) ) ;
#3785 = FILL_AREA_STYLE_COLOUR ( '', #7977 ) ;
#3786 = FILL_AREA_STYLE_COLOUR ( '', #8597 ) ;
#3787 = VERTEX_POINT ( 'NONE', #5113 ) ;
#3788 =( CONVERSION_BASED_UNIT ( 'INCH', #4491 ) LENGTH_UNIT ( ) NAMED_UNIT ( #8766 ) );
#3789 = STYLED_ITEM ( 'NONE', ( #4187 ), #6500 ) ;
#3790 = CYLINDRICAL_SURFACE ( 'NONE', #8621, 0.09249999999999997100 ) ;
#3791 = ORIENTED_EDGE ( 'NONE', *, *, #7988, .F. ) ;
#3793 = DIRECTION ( 'NONE',  ( -1.000000000000000000, 0.0000000000000000000, 0.0000000000000000000 ) ) ;
#3792 =( LENGTH_UNIT ( ) NAMED_UNIT ( * ) SI_UNIT ( $, .METRE. ) );
#3794 =( NAMED_UNIT ( * ) PLANE_ANGLE_UNIT ( ) SI_UNIT ( $, .RADIAN. ) );
#3795 = STYLED_ITEM ( 'NONE', ( #1324 ), #2398 ) ;
#3796 = ADVANCED_FACE ( 'NONE', ( #3100 ), #7417, .F. ) ;
#3797 = SURFACE_STYLE_USAGE ( .BOTH. , #7811 ) ;
#3798 = PRESENTATION_STYLE_ASSIGNMENT (( #8075 ) ) ;
#3799 = CARTESIAN_POINT ( 'NONE',  ( -0.7282875163485818000, -0.01150163035361567200, -0.9670000000000005300 ) ) ;
#3801 = DIRECTION ( 'NONE',  ( 1.000000000000000000, 0.0000000000000000000, -3.659099431459149000E-016 ) ) ;
#3800 = SURFACE_STYLE_USAGE ( .BOTH. , #7813 ) ;
#3802 = CARTESIAN_POINT ( 'NONE',  ( -0.6802062635978269900, -0.2770507172655249900, -1.546958366913572200 ) ) ;
#3803 = EDGE_CURVE ( 'NONE', #2813, #4243, #5862, .T. ) ;
#3804 = FILL_AREA_STYLE_COLOUR ( '', #4867 ) ;
#3805 = VECTOR ( 'NONE', #2748, 39.37007874015748100 ) ;
#3806 = DIRECTION ( 'NONE',  ( 1.774952849390946600E-032, -1.224606353822380000E-016, 1.000000000000000000 ) ) ;
#3807 = MECHANICAL_DESIGN_GEOMETRIC_PRESENTATION_REPRESENTATION (  '', ( #2889 ), #4242 ) ;
#3808 =( NAMED_UNIT ( * ) PLANE_ANGLE_UNIT ( ) SI_UNIT ( $, .RADIAN. ) );
#3809 = AXIS2_PLACEMENT_3D ( 'NONE', #5658, #2264, #888 ) ;
#3810 = CARTESIAN_POINT ( 'NONE',  ( -0.7282875163485818000, -0.3315016303536157900, -0.9299583694396620400 ) ) ;
#3811 =( LENGTH_UNIT ( ) NAMED_UNIT ( * ) SI_UNIT ( $, .METRE. ) );
#3812 = ADVANCED_FACE ( 'NONE', ( #3854 ), #4790, .F. ) ;
#3813 = CARTESIAN_POINT ( 'NONE',  ( -0.7282875163485818000, -0.3315016303536152400, -1.144181362094663300 ) ) ;
#3814 = SURFACE_SIDE_STYLE ('',( #393 ) ) ;
#3815 =( CONVERSION_BASED_UNIT ( 'INCH', #2504 ) LENGTH_UNIT ( ) NAMED_UNIT ( #6621 ) );
#3816 = CIRCLE ( 'NONE', #4185, 0.3750000000000004400 ) ;
#3818 =( LENGTH_UNIT ( ) NAMED_UNIT ( * ) SI_UNIT ( $, .METRE. ) );
#3817 = DIRECTION ( 'NONE',  ( -0.9488864299340638000, -0.3156177166874302200, -1.126055187715457500E-016 ) ) ;
#3819 = DIRECTION ( 'NONE',  ( 0.0000000000000000000, 1.000000000000000000, -2.060207047528567700E-016 ) ) ;
#3820 = AXIS2_PLACEMENT_3D ( 'NONE', #4509, #2437, #8558 ) ;
#3821 = LENGTH_MEASURE_WITH_UNIT ( LENGTH_MEASURE( 0.02539999999999999900 ), #2992 );
#3822 = DIRECTION ( 'NONE',  ( 0.0000000000000000000, 0.0000000000000000000, 1.000000000000000000 ) ) ;
#3823 = CARTESIAN_POINT ( 'NONE',  ( -0.7282875163485818000, -0.3315016303536156800, 0.01192732814465496800 ) ) ;
#3824 = AXIS2_PLACEMENT_3D ( 'NONE', #2192, #6936, #2886 ) ;
#3825 = AXIS2_PLACEMENT_3D ( 'NONE', #7476, #3438, #8153 ) ;
#3826 = VERTEX_POINT ( 'NONE', #2465 ) ;
#3827 = DIRECTION ( 'NONE',  ( 0.0000000000000000000, 0.0000000000000000000, 1.000000000000000000 ) ) ;
#3828 = DIRECTION ( 'NONE',  ( -9.726753936418404900E-033, -1.224606353822377300E-016, -1.000000000000000000 ) ) ;
#3829 = UNCERTAINTY_MEASURE_WITH_UNIT (LENGTH_MEASURE( 1.000000000000000100E-005 ), #6223, 'distance_accuracy_value', 'NONE');
#3830 = CARTESIAN_POINT ( 'NONE',  ( -0.9438412232525431600, -0.3315016303536180700, -1.539000000000017900 ) ) ;
#3831 = EDGE_CURVE ( 'NONE', #3311, #7126, #1353, .T. ) ;
#3832 = PRESENTATION_STYLE_ASSIGNMENT (( #4240 ) ) ;
#3833 = VERTEX_POINT ( 'NONE', #3849 ) ;
#3834 = COLOUR_RGB ( '',0.5019607843137254800, 0.5019607843137254800, 0.5019607843137254800 ) ;
#3835 = COLOUR_RGB ( '',0.5019607843137254800, 0.5019607843137254800, 0.5019607843137254800 ) ;
#3836 = DIRECTION ( 'NONE',  ( -1.000000000000000000, 0.0000000000000000000, 0.0000000000000000000 ) ) ;
#3837 = VERTEX_POINT ( 'NONE', #7870 ) ;
#3838 = FILL_AREA_STYLE_COLOUR ( '', #5950 ) ;
#3839 = DIRECTION ( 'NONE',  ( 1.000000000000000000, 0.0000000000000000000, 1.756815430017016400E-015 ) ) ;
#3840 = FACE_OUTER_BOUND ( 'NONE', #6489, .T. ) ;
#3841 = DIRECTION ( 'NONE',  ( 1.000000000000000000, 0.0000000000000000000, 0.0000000000000000000 ) ) ;
#3842 = AXIS2_PLACEMENT_3D ( 'NONE', #3693, #8396, #4354 ) ;
#3843 =( GEOMETRIC_REPRESENTATION_CONTEXT ( 3 ) GLOBAL_UNCERTAINTY_ASSIGNED_CONTEXT ( ( #8729 ) ) GLOBAL_UNIT_ASSIGNED_CONTEXT ( ( #6310, #2234, #6967 ) ) REPRESENTATION_CONTEXT ( 'NONE', 'WORKASPACE' ) );
#3844 = ORIENTED_EDGE ( 'NONE', *, *, #717, .F. ) ;
#3845 = CIRCLE ( 'NONE', #570, 0.2650000000000002900 ) ;
#3846 = CARTESIAN_POINT ( 'NONE',  ( -0.7282875163485912400, -0.3315016303536180700, -1.268644660940690700 ) ) ;
#3847 = EDGE_CURVE ( 'NONE', #391, #5505, #6983, .T. ) ;
#3848 = CARTESIAN_POINT ( 'NONE',  ( -0.5589355106408434600, -0.2618487027442953400, -1.574385194178753000 ) ) ;
#3849 = CARTESIAN_POINT ( 'NONE',  ( -1.116287516348581900, -0.3315016303536154600, -0.7570000000000005600 ) ) ;
#3850 = ORIENTED_EDGE ( 'NONE', *, *, #5927, .T. ) ;
#3851 = DIRECTION ( 'NONE',  ( -1.000000000000000000, 0.0000000000000000000, 0.0000000000000000000 ) ) ;
#3852 = ORIENTED_EDGE ( 'NONE', *, *, #1187, .F. ) ;
#3853 = AXIS2_PLACEMENT_3D ( 'NONE', #3662, #399, #5185 ) ;
#3854 = FACE_OUTER_BOUND ( 'NONE', #7938, .T. ) ;
#3855 = ORIENTED_EDGE ( 'NONE', *, *, #4825, .T. ) ;
#3857 = CARTESIAN_POINT ( 'NONE',  ( -0.7282875163485818000, -0.5840016303536156300, -1.012000000000000000 ) ) ;
#3856 = DIRECTION ( 'NONE',  ( 0.3156177166874306600, -0.9488864299340636900, 0.0000000000000000000 ) ) ;
#3858 = EDGE_LOOP ( 'NONE', ( #8568, #5801, #3664, #4249, #799 ) ) ;
#3859 = DIMENSIONAL_EXPONENTS ( 1.000000000000000000, 0.0000000000000000000, 0.0000000000000000000, 0.0000000000000000000, 0.0000000000000000000, 0.0000000000000000000, 0.0000000000000000000 ) ;
#3860 = ORIENTED_EDGE ( 'NONE', *, *, #3917, .T. ) ;
#3861 =( CONVERSION_BASED_UNIT ( 'INCH', #5738 ) LENGTH_UNIT ( ) NAMED_UNIT ( #739 ) );
#3862 = EDGE_CURVE ( 'NONE', #2491, #1505, #6583, .T. ) ;
#3863 = CARTESIAN_POINT ( 'NONE',  ( -0.7282875163485812400, -0.1755016303564460000, -0.4819583694385739500 ) ) ;
#3864 =( NAMED_UNIT ( * ) SI_UNIT ( $, .STERADIAN. ) SOLID_ANGLE_UNIT ( ) );
#3865 = EDGE_LOOP ( 'NONE', ( #6264, #2456, #3412, #5114 ) ) ;
#3866 = ADVANCED_FACE ( 'NONE', ( #8156 ), #284, .F. ) ;
#3867 = CARTESIAN_POINT ( 'NONE',  ( -0.7282875163485864600, -0.3315016303536168500, -1.259000000000018500 ) ) ;
#3868 = VERTEX_POINT ( 'NONE', #4655 ) ;
#3869 = AXIS2_PLACEMENT_3D ( 'NONE', #4793, #666, #5474 ) ;
#3870 = ORIENTED_EDGE ( 'NONE', *, *, #6650, .F. ) ;
#3871 = CARTESIAN_POINT ( 'NONE',  ( -0.5392875163485897300, -0.3315016303536180700, -3.282590941438460400 ) ) ;
#3872 = LINE ( 'NONE', #6092, #5675 ) ;
#3873 = CARTESIAN_POINT ( 'NONE',  ( -0.8624125833832074800, -0.3315016303536151800, -1.092458369440933800 ) ) ;
#3874 = CARTESIAN_POINT ( 'NONE',  ( -0.7282875163485818000, -0.3315016303536156800, 0.02999999999999883000 ) ) ;
#3875 = SURFACE_STYLE_USAGE ( .BOTH. , #7897 ) ;
#3876 = VERTEX_POINT ( 'NONE', #5321 ) ;
#3877 = DIRECTION ( 'NONE',  ( -2.188980764207856200E-016, -4.377961528415732600E-016, 1.000000000000000000 ) ) ;
#3878 =( CONVERSION_BASED_UNIT ( 'INCH', #292 ) LENGTH_UNIT ( ) NAMED_UNIT ( #3167 ) );
#3879 =( LENGTH_UNIT ( ) NAMED_UNIT ( * ) SI_UNIT ( $, .METRE. ) );
#3880 = CARTESIAN_POINT ( 'NONE',  ( -0.9056045370280270100, -0.3770318154133418000, -1.574342070008655000 ) ) ;
#3881 = MECHANICAL_DESIGN_GEOMETRIC_PRESENTATION_REPRESENTATION (  '', ( #2954 ), #4324 ) ;
#3882 = UNCERTAINTY_MEASURE_WITH_UNIT (LENGTH_MEASURE( 1.000000000000000100E-005 ), #1853, 'distance_accuracy_value', 'NONE');
#3883 = ORIENTED_EDGE ( 'NONE', *, *, #691, .T. ) ;
#3884 =( GEOMETRIC_REPRESENTATION_CONTEXT ( 3 ) GLOBAL_UNCERTAINTY_ASSIGNED_CONTEXT ( ( #7927 ) ) GLOBAL_UNIT_ASSIGNED_CONTEXT ( ( #3878, #8582, #4559 ) ) REPRESENTATION_CONTEXT ( 'NONE', 'WORKASPACE' ) );
#3885 = DIRECTION ( 'NONE',  ( 2.567526309834831100E-017, -5.135052619669662200E-017, 1.000000000000000000 ) ) ;
#3886 = EDGE_CURVE ( 'NONE', #7318, #6893, #5751, .T. ) ;
#3887 = CARTESIAN_POINT ( 'NONE',  ( -0.8005390120618477400, -0.3255040169959140800, -1.546958369439662300 ) ) ;
#3888 = ORIENTED_EDGE ( 'NONE', *, *, #4631, .T. ) ;
#3889 = FILL_AREA_STYLE_COLOUR ( '', #4097 ) ;
#3890 = SURFACE_SIDE_STYLE ('',( #2955 ) ) ;
#3891 = DIRECTION ( 'NONE',  ( -1.000000000000000000, 0.0000000000000000000, 0.0000000000000000000 ) ) ;
#3892 = UNCERTAINTY_MEASURE_WITH_UNIT (LENGTH_MEASURE( 1.000000000000000100E-005 ), #1640, 'distance_accuracy_value', 'NONE');
#3893 = AXIS2_PLACEMENT_3D ( 'NONE', #5854, #1757, #6527 ) ;
#3894 = AXIS2_PLACEMENT_3D ( 'NONE', #7001, #3650, #2294 ) ;
#3895 = STYLED_ITEM ( 'NONE', ( #4964 ), #5752 ) ;
#3896 = SURFACE_SIDE_STYLE ('',( #7388 ) ) ;
#3897 = EDGE_LOOP ( 'NONE', ( #7255, #4908, #3218, #2710 ) ) ;
#3898 = EDGE_CURVE ( 'NONE', #5124, #6986, #7517, .T. ) ;
#3899 = DIRECTION ( 'NONE',  ( 3.209407887293528100E-018, 1.059104602806867900E-016, 1.000000000000000000 ) ) ;
#3900 = CARTESIAN_POINT ( 'NONE',  ( -0.7282875163485816900, -0.4240016303536156600, -1.349538768355159800 ) ) ;
#3901 = DIRECTION ( 'NONE',  ( 9.726753936418404900E-033, 1.224606353822377300E-016, 1.000000000000000000 ) ) ;
#3902 = CIRCLE ( 'NONE', #7335, 0.03750000000000027600 ) ;
#3903 = FACE_OUTER_BOUND ( 'NONE', #7331, .T. ) ;
#3904 = ADVANCED_FACE ( 'NONE', ( #3947 ), #6481, .T. ) ;
#3905 = CARTESIAN_POINT ( 'NONE',  ( -1.188147005758121600, -0.06600163035361952800, 0.2849999999999987000 ) ) ;
#3906 =( NAMED_UNIT ( * ) PLANE_ANGLE_UNIT ( ) SI_UNIT ( $, .RADIAN. ) );
#3907 = PRESENTATION_LAYER_ASSIGNMENT (  '', '', ( #2518 ) ) ;
#3908 = CARTESIAN_POINT ( 'NONE',  ( -1.188147005758116000, -0.5110016303536213400, 0.2849999999999986400 ) ) ;
#3909 = DIRECTION ( 'NONE',  ( 0.0000000000000000000, 1.000000000000000000, 0.0000000000000000000 ) ) ;
#3910 = STYLED_ITEM ( 'NONE', ( #8352 ), #2594 ) ;
#3911 = CARTESIAN_POINT ( 'NONE',  ( -0.9370425309340862900, -0.4009375280248531600, -1.539000000000018100 ) ) ;
#3912 =( NAMED_UNIT ( * ) SI_UNIT ( $, .STERADIAN. ) SOLID_ANGLE_UNIT ( ) );
#3913 = CARTESIAN_POINT ( 'NONE',  ( -0.7282875163485819100, -0.3315016303536162400, -0.9299583694396620400 ) ) ;
#3914 =( LENGTH_UNIT ( ) NAMED_UNIT ( * ) SI_UNIT ( $, .METRE. ) );
#3915 = PRESENTATION_STYLE_ASSIGNMENT (( #6720 ) ) ;
#3916 = FACE_OUTER_BOUND ( 'NONE', #4387, .T. ) ;
#3917 = EDGE_CURVE ( 'NONE', #181, #6426, #8263, .T. ) ;
#3918 = CARTESIAN_POINT ( 'NONE',  ( -0.7249790566233070800, -0.3572902730911905500, -1.259000000000018500 ) ) ;
#3919 = DIRECTION ( 'NONE',  ( 0.0000000000000000000, 0.0000000000000000000, 1.000000000000000000 ) ) ;
#3920 = CARTESIAN_POINT ( 'NONE',  ( -1.188147005758116000, -0.5970016303536215300, 0.2849999999999986400 ) ) ;
#3921 = UNCERTAINTY_MEASURE_WITH_UNIT (LENGTH_MEASURE( 1.000000000000000100E-005 ), #5998, 'distance_accuracy_value', 'NONE');
#3922 =( CONVERSION_BASED_UNIT ( 'INCH', #411 ) LENGTH_UNIT ( ) NAMED_UNIT ( #5400 ) );
#3923 = CONICAL_SURFACE ( 'NONE', #1925, 0.6650000000000007000, 0.7853981633974449500 ) ;
#3924 = AXIS2_PLACEMENT_3D ( 'NONE', #3990, #6006, #8053 ) ;
#3925 = CARTESIAN_POINT ( 'NONE',  ( -0.7282875163485728100, -0.3315016303536133500, 1.478999999999976800 ) ) ;
#3926 = EDGE_CURVE ( 'NONE', #5433, #937, #3087, .T. ) ;
#3927 = DIRECTION ( 'NONE',  ( 0.0000000000000000000, -1.000000000000000000, 0.0000000000000000000 ) ) ;
#3928 = FACE_OUTER_BOUND ( 'NONE', #5375, .T. ) ;
#3929 = CARTESIAN_POINT ( 'NONE',  ( -0.7282875163485818000, 0.09049836964638428800, 0.2469999999999986100 ) ) ;
#3930 = SURFACE_STYLE_FILL_AREA ( #8301 ) ;
#3931 = UNCERTAINTY_MEASURE_WITH_UNIT (LENGTH_MEASURE( 1.000000000000000100E-005 ), #6238, 'distance_accuracy_value', 'NONE');
#3932 = EDGE_LOOP ( 'NONE', ( #4431, #1319 ) ) ;
#3933 = MECHANICAL_DESIGN_GEOMETRIC_PRESENTATION_REPRESENTATION (  '', ( #3027 ), #4393 ) ;
#3934 = CIRCLE ( 'NONE', #5811, 0.2499999999999998100 ) ;
#3935 = FILL_AREA_STYLE_COLOUR ( '', #4821 ) ;
#3936 = ORIENTED_EDGE ( 'NONE', *, *, #8484, .F. ) ;
#3937 = CYLINDRICAL_SURFACE ( 'NONE', #4595, 0.04700000000000006900 ) ;
#3938 = EDGE_CURVE ( 'NONE', #1464, #8782, #4892, .T. ) ;
#3939 = MECHANICAL_DESIGN_GEOMETRIC_PRESENTATION_REPRESENTATION (  '', ( #3031 ), #4397 ) ;
#3940 = AXIS2_PLACEMENT_3D ( 'NONE', #330, #5129, #1024 ) ;
#3941 = DIRECTION ( 'NONE',  ( 0.0000000000000000000, -1.000000000000000000, 1.241749088029208900E-016 ) ) ;
#3942 = DIRECTION ( 'NONE',  ( -3.520422672247766200E-016, -0.0000000000000000000, -1.000000000000000000 ) ) ;
#3943 = ADVANCED_FACE ( 'NONE', ( #6269 ), #3630, .F. ) ;
#3944 = EDGE_CURVE ( 'NONE', #3876, #2572, #5640, .T. ) ;
#3945 = ORIENTED_EDGE ( 'NONE', *, *, #4644, .T. ) ;
#3946 = ORIENTED_EDGE ( 'NONE', *, *, #4078, .T. ) ;
#3947 = FACE_OUTER_BOUND ( 'NONE', #3764, .T. ) ;
#3948 = ORIENTED_EDGE ( 'NONE', *, *, #6858, .F. ) ;
#3949 = FILL_AREA_STYLE ('',( #482 ) ) ;
#3950 = LINE ( 'NONE', #5749, #2991 ) ;
#3951 = ORIENTED_EDGE ( 'NONE', *, *, #7764, .T. ) ;
#3952 =( CONVERSION_BASED_UNIT ( 'INCH', #8776 ) LENGTH_UNIT ( ) NAMED_UNIT ( #8192 ) );
#3953 = EDGE_LOOP ( 'NONE', ( #8677, #4627 ) ) ;
#3954 = DIRECTION ( 'NONE',  ( 2.915594446626999200E-032, 5.323731010893191500E-032, -1.000000000000000000 ) ) ;
#3955 = DIRECTION ( 'NONE',  ( 0.3156177166874298800, -0.9488864299340639100, 0.0000000000000000000 ) ) ;
#3956 = PRESENTATION_LAYER_ASSIGNMENT (  '', '', ( #3487 ) ) ;
#3957 = LENGTH_MEASURE_WITH_UNIT ( LENGTH_MEASURE( 0.02539999999999999900 ), #1227 );
#3958 = VECTOR ( 'NONE', #2350, 39.37007874015748100 ) ;
#3959 = ORIENTED_EDGE ( 'NONE', *, *, #7543, .F. ) ;
#3960 = EDGE_CURVE ( 'NONE', #198, #2455, #2008, .T. ) ;
#3961 = CARTESIAN_POINT ( 'NONE',  ( -0.7282875163485818000, -0.3315016303536155200, -1.012000000000000000 ) ) ;
#3962 = DIMENSIONAL_EXPONENTS ( 1.000000000000000000, 0.0000000000000000000, 0.0000000000000000000, 0.0000000000000000000, 0.0000000000000000000, 0.0000000000000000000, 0.0000000000000000000 ) ;
#3963 = ORIENTED_EDGE ( 'NONE', *, *, #958, .T. ) ;
#3964 = DIRECTION ( 'NONE',  ( 0.0000000000000000000, 1.000000000000000000, 0.0000000000000000000 ) ) ;
#3965 =( GEOMETRIC_REPRESENTATION_CONTEXT ( 3 ) GLOBAL_UNCERTAINTY_ASSIGNED_CONTEXT ( ( #188 ) ) GLOBAL_UNIT_ASSIGNED_CONTEXT ( ( #2141, #6879, #2837 ) ) REPRESENTATION_CONTEXT ( 'NONE', 'WORKASPACE' ) );
#3966 = SURFACE_STYLE_FILL_AREA ( #753 ) ;
#3967 = CARTESIAN_POINT ( 'NONE',  ( -0.7282875163485818000, -0.3315016303536155200, 0.1249999999999986700 ) ) ;
#3968 = VERTEX_POINT ( 'NONE', #5437 ) ;
#3969 = CARTESIAN_POINT ( 'NONE',  ( -0.3402875163485817900, -0.3315016303536155200, -0.7554925145934504600 ) ) ;
#3970 = CYLINDRICAL_SURFACE ( 'NONE', #493, 0.3750000000000004400 ) ;
#3971 = ORIENTED_EDGE ( 'NONE', *, *, #8169, .T. ) ;
#3972 = EDGE_CURVE ( 'NONE', #540, #3311, #1790, .T. ) ;
#3973 = FILL_AREA_STYLE_COLOUR ( '', #6312 ) ;
#3974 = CYLINDRICAL_SURFACE ( 'NONE', #559, 0.3230726718553440000 ) ;
#3975 = STYLED_ITEM ( 'NONE', ( #7784 ), #3281 ) ;
#3976 = SURFACE_STYLE_USAGE ( .BOTH. , #8018 ) ;
#3977 = ORIENTED_EDGE ( 'NONE', *, *, #4455, .F. ) ;
#3978 = AXIS2_PLACEMENT_3D ( 'NONE', #19, #4850, #720 ) ;
#3979 = VERTEX_POINT ( 'NONE', #8110 ) ;
#3980 = CARTESIAN_POINT ( 'NONE',  ( -0.7282875163485818000, -0.3315016303536155200, -0.3650000000000005500 ) ) ;
#3981 = DIRECTION ( 'NONE',  ( 0.0000000000000000000, -7.189073667537525300E-016, 1.000000000000000000 ) ) ;
#3982 = CARTESIAN_POINT ( 'NONE',  ( -0.7542875163485882600, -0.3315016303536170200, -1.599000000000018400 ) ) ;
#3983 = DIMENSIONAL_EXPONENTS ( 1.000000000000000000, 0.0000000000000000000, 0.0000000000000000000, 0.0000000000000000000, 0.0000000000000000000, 0.0000000000000000000, 0.0000000000000000000 ) ;
#3984 = FILL_AREA_STYLE_COLOUR ( '', #7967 ) ;
#3985 = DIRECTION ( 'NONE',  ( -1.000000000000000000, 0.0000000000000000000, 0.0000000000000000000 ) ) ;
#3986 = EDGE_LOOP ( 'NONE', ( #5216, #8691, #978, #7646 ) ) ;
#3987 = ADVANCED_FACE ( 'NONE', ( #174 ), #7941, .T. ) ;
#3988 = DIRECTION ( 'NONE',  ( 8.886499970424821000E-017, 0.7071067811865479100, 0.7071067811865469100 ) ) ;
#3989 = PRESENTATION_LAYER_ASSIGNMENT (  '', '', ( #3528 ) ) ;
#3990 = CARTESIAN_POINT ( 'NONE',  ( -0.7282875163485818000, -0.3315016303536155200, -0.7554925145934504600 ) ) ;
#3991 = AXIS2_PLACEMENT_3D ( 'NONE', #1656, #999, #8479 ) ;
#3992 = ORIENTED_EDGE ( 'NONE', *, *, #4343, .T. ) ;
#3993 = STYLED_ITEM ( 'NONE', ( #2467 ), #7348 ) ;
#3994 = LENGTH_MEASURE_WITH_UNIT ( LENGTH_MEASURE( 0.02539999999999999900 ), #1981 );
#3995 = EDGE_CURVE ( 'NONE', #7228, #8157, #921, .T. ) ;
#3996 =( LENGTH_UNIT ( ) NAMED_UNIT ( * ) SI_UNIT ( $, .METRE. ) );
#3997 =( LENGTH_UNIT ( ) NAMED_UNIT ( * ) SI_UNIT ( $, .METRE. ) );
#3998 = ORIENTED_EDGE ( 'NONE', *, *, #8639, .F. ) ;
#3999 = SURFACE_STYLE_FILL_AREA ( #3018 ) ;
#4000 = SURFACE_SIDE_STYLE ('',( #4474 ) ) ;
#4001 = AXIS2_PLACEMENT_3D ( 'NONE', #3439, #8154, #4114 ) ;
#4002 = STYLED_ITEM ( 'NONE', ( #6946 ), #8497 ) ;
#4003 = AXIS2_PLACEMENT_3D ( 'NONE', #2098, #6848, #2812 ) ;
#4004 = CARTESIAN_POINT ( 'NONE',  ( -0.6559640096000077800, -0.3365008555543312400, -1.546958369427333700 ) ) ;
#4005 = CIRCLE ( 'NONE', #1405, 0.6650000000000007000 ) ;
#4006 = EDGE_CURVE ( 'NONE', #6426, #181, #2762, .T. ) ;
#4007 = FACE_OUTER_BOUND ( 'NONE', #2003, .T. ) ;
#4008 = CARTESIAN_POINT ( 'NONE',  ( -0.3732875163485818700, -0.3315016303536155200, -0.7554925145934504600 ) ) ;
#4009 =( GEOMETRIC_REPRESENTATION_CONTEXT ( 3 ) GLOBAL_UNCERTAINTY_ASSIGNED_CONTEXT ( ( #5615 ) ) GLOBAL_UNIT_ASSIGNED_CONTEXT ( ( #100, #4891, #768 ) ) REPRESENTATION_CONTEXT ( 'NONE', 'WORKASPACE' ) );
#4010 = CARTESIAN_POINT ( 'NONE',  ( -0.7282875163485818000, -0.3315016303536155200, -0.3650000000000008200 ) ) ;
#4011 = CARTESIAN_POINT ( 'NONE',  ( -0.5941624493115417200, -0.3315016303536152400, -1.144181362094663300 ) ) ;
#4012 = CIRCLE ( 'NONE', #812, 0.3199999999999998400 ) ;
#4013 = STYLED_ITEM ( 'NONE', ( #1696 ), #7073 ) ;
#4014 = CARTESIAN_POINT ( 'NONE',  ( -0.5807875163485819400, -0.3315016303536160700, -1.119005744536216900 ) ) ;
#4015 = CIRCLE ( 'NONE', #7376, 0.2149999999999997500 ) ;
#4016 =( GEOMETRIC_REPRESENTATION_CONTEXT ( 3 ) GLOBAL_UNCERTAINTY_ASSIGNED_CONTEXT ( ( #3009 ) ) GLOBAL_UNIT_ASSIGNED_CONTEXT ( ( #1196, #5983, #1898 ) ) REPRESENTATION_CONTEXT ( 'NONE', 'WORKASPACE' ) );
#4017 = CARTESIAN_POINT ( 'NONE',  ( -0.4632875163485814500, -0.3315016303536155200, -0.3650000000000008200 ) ) ;
#4018 = COLOUR_RGB ( '',0.5019607843137254800, 0.5019607843137254800, 0.5019607843137254800 ) ;
#4019 = ADVANCED_FACE ( 'NONE', ( #3840 ), #682, .T. ) ;
#4021 =( CONVERSION_BASED_UNIT ( 'INCH', #6351 ) LENGTH_UNIT ( ) NAMED_UNIT ( #6512 ) );
#4020 = FILL_AREA_STYLE_COLOUR ( '', #3835 ) ;
#4022 = UNCERTAINTY_MEASURE_WITH_UNIT (LENGTH_MEASURE( 1.000000000000000100E-005 ), #8534, 'distance_accuracy_value', 'NONE');
#4023 = FACE_OUTER_BOUND ( 'NONE', #4072, .T. ) ;
#4024 = ORIENTED_EDGE ( 'NONE', *, *, #3502, .T. ) ;
#4025 = SURFACE_STYLE_USAGE ( .BOTH. , #8074 ) ;
#4027 = CARTESIAN_POINT ( 'NONE',  ( -0.6829248193871982900, -0.3887662280761303700, -1.546958370882738400 ) ) ;
#4026 =( LENGTH_UNIT ( ) NAMED_UNIT ( * ) SI_UNIT ( $, .METRE. ) );
#4028 = LINE ( 'NONE', #7571, #5845 ) ;
#4029 =( GEOMETRIC_REPRESENTATION_CONTEXT ( 3 ) GLOBAL_UNCERTAINTY_ASSIGNED_CONTEXT ( ( #1317 ) ) GLOBAL_UNIT_ASSIGNED_CONTEXT ( ( #3702, #8402, #4363 ) ) REPRESENTATION_CONTEXT ( 'NONE', 'WORKASPACE' ) );
#4030 = SURFACE_SIDE_STYLE ('',( #1827 ) ) ;
#4031 = ORIENTED_EDGE ( 'NONE', *, *, #5746, .T. ) ;
#4032 = COLOUR_RGB ( '',0.5019607843137254800, 0.5019607843137254800, 0.5019607843137254800 ) ;
#4033 = SURFACE_STYLE_FILL_AREA ( #2570 ) ;
#4034 = UNCERTAINTY_MEASURE_WITH_UNIT (LENGTH_MEASURE( 1.000000000000000100E-005 ), #800, 'distance_accuracy_value', 'NONE');
#4035 = DIRECTION ( 'NONE',  ( 1.224646799147353200E-016, 1.000000000000000000, 0.0000000000000000000 ) ) ;
#4036 = AXIS2_PLACEMENT_3D ( 'NONE', #7112, #3059, #7775 ) ;
#4037 = ORIENTED_EDGE ( 'NONE', *, *, #2978, .T. ) ;
#4038 = EDGE_CURVE ( 'NONE', #497, #2572, #1895, .T. ) ;
#4039 = PRESENTATION_STYLE_ASSIGNMENT (( #6463 ) ) ;
#4040 = FILL_AREA_STYLE_COLOUR ( '', #8054 ) ;
#4041 = VERTEX_POINT ( 'NONE', #3499 ) ;
#4042 = LENGTH_MEASURE_WITH_UNIT ( LENGTH_MEASURE( 0.02539999999999999900 ), #7769 );
#4043 = VERTEX_POINT ( 'NONE', #8223 ) ;
#4044 = ORIENTED_EDGE ( 'NONE', *, *, #12, .T. ) ;
#4045 = DIRECTION ( 'NONE',  ( -1.000000000000000000, 0.0000000000000000000, 0.0000000000000000000 ) ) ;
#4046 = DIMENSIONAL_EXPONENTS ( 1.000000000000000000, 0.0000000000000000000, 0.0000000000000000000, 0.0000000000000000000, 0.0000000000000000000, 0.0000000000000000000, 0.0000000000000000000 ) ;
#4047 = SURFACE_STYLE_FILL_AREA ( #798 ) ;
#4048 = MECHANICAL_DESIGN_GEOMETRIC_PRESENTATION_REPRESENTATION (  '', ( #3147 ), #4522 ) ;
#4049 = PRESENTATION_STYLE_ASSIGNMENT (( #8529 ) ) ;
#4050 = AXIS2_PLACEMENT_3D ( 'NONE', #6239, #2171, #6907 ) ;
#4051 = AXIS2_PLACEMENT_3D ( 'NONE', #5569, #1468, #6241 ) ;
#4052 = CARTESIAN_POINT ( 'NONE',  ( -0.7282875163485818000, -0.3315016303536155200, -1.012000000000000000 ) ) ;
#4053 = ORIENTED_EDGE ( 'NONE', *, *, #2577, .F. ) ;
#4054 = LINE ( 'NONE', #6968, #7637 ) ;
#4055 = ORIENTED_EDGE ( 'NONE', *, *, #4759, .F. ) ;
#4057 = CARTESIAN_POINT ( 'NONE',  ( -0.2684280269390455500, -0.06600163035361314400, -1.263479697069721800E-015 ) ) ;
#4056 = DIRECTION ( 'NONE',  ( -1.476674591169866100E-015, 2.180567848206688900E-030, 1.000000000000000000 ) ) ;
#4058 = ORIENTED_EDGE ( 'NONE', *, *, #3457, .T. ) ;
#4059 = VERTEX_POINT ( 'NONE', #6230 ) ;
#4060 = CARTESIAN_POINT ( 'NONE',  ( -0.7282875163485818000, -0.3315016303536155200, 1.168000000000000100 ) ) ;
#4061 = FACE_OUTER_BOUND ( 'NONE', #498, .T. ) ;
#4062 = VERTEX_POINT ( 'NONE', #2157 ) ;
#4063 = CARTESIAN_POINT ( 'NONE',  ( -0.7282875163485818000, -0.3315016303536157900, -0.6699583694396619200 ) ) ;
#4064 = DIMENSIONAL_EXPONENTS ( 1.000000000000000000, 0.0000000000000000000, 0.0000000000000000000, 0.0000000000000000000, 0.0000000000000000000, 0.0000000000000000000, 0.0000000000000000000 ) ;
#4065 = CARTESIAN_POINT ( 'NONE',  ( -0.5647875163485900400, -0.3315016303536180700, -1.694000000000017900 ) ) ;
#4066 = ORIENTED_EDGE ( 'NONE', *, *, #7191, .F. ) ;
#4067 = FILL_AREA_STYLE_COLOUR ( '', #2800 ) ;
#4068 = PRESENTATION_LAYER_ASSIGNMENT (  '', '', ( #2701 ) ) ;
#4069 = ADVANCED_FACE ( 'NONE', ( #51 ), #6257, .F. ) ;
#4070 =( NAMED_UNIT ( * ) PLANE_ANGLE_UNIT ( ) SI_UNIT ( $, .RADIAN. ) );
#4071 = PLANE ( 'NONE',  #2391 ) ;
#4072 = EDGE_LOOP ( 'NONE', ( #3619, #741 ) ) ;
#4073 = STYLED_ITEM ( 'NONE', ( #7712 ), #2463 ) ;
#4074 = CIRCLE ( 'NONE', #2987, 0.08600000000000010400 ) ;
#4075 = SURFACE_SIDE_STYLE ('',( #4236 ) ) ;
#4076 =( CONVERSION_BASED_UNIT ( 'INCH', #3142 ) LENGTH_UNIT ( ) NAMED_UNIT ( #1134 ) );
#4077 = CARTESIAN_POINT ( 'NONE',  ( -0.7282875163485912400, -0.3315016303536180700, -1.704000000000018400 ) ) ;
#4078 = EDGE_CURVE ( 'NONE', #1265, #5103, #8045, .T. ) ;
#4079 = VERTEX_POINT ( 'NONE', #2882 ) ;
#4080 =( NAMED_UNIT ( * ) PLANE_ANGLE_UNIT ( ) SI_UNIT ( $, .RADIAN. ) );
#4081 = DIMENSIONAL_EXPONENTS ( 1.000000000000000000, 0.0000000000000000000, 0.0000000000000000000, 0.0000000000000000000, 0.0000000000000000000, 0.0000000000000000000, 0.0000000000000000000 ) ;
#4082 = DIRECTION ( 'NONE',  ( 0.9488864299340638000, 0.3156177166874302200, 1.126055187715457800E-016 ) ) ;
#4083 = STYLED_ITEM ( 'NONE', ( #4049 ), #3812 ) ;
#4084 = LENGTH_MEASURE_WITH_UNIT ( LENGTH_MEASURE( 0.02539999999999999900 ), #4866 );
#4085 = CARTESIAN_POINT ( 'NONE',  ( -0.7282875163485818000, 0.003498369646384987100, -1.504043584937990200E-015 ) ) ;
#4086 = EDGE_LOOP ( 'NONE', ( #3424, #6706, #2769, #7458, #3526, #5220 ) ) ;
#4087 = DIRECTION ( 'NONE',  ( -1.000000000000000000, 0.0000000000000000000, 0.0000000000000000000 ) ) ;
#4088 = ADVANCED_BREP_SHAPE_REPRESENTATION ( '420XBF016-1', ( #7192, #8748, #1398, #7566 ), #3486 ) ;
#4089 = CARTESIAN_POINT ( 'NONE',  ( -0.8507875163485819600, -0.3315016303536159600, -1.349538768355159600 ) ) ;
#4090 = DIRECTION ( 'NONE',  ( 1.476674591169866100E-015, -2.180567848206688900E-030, -1.000000000000000000 ) ) ;
#4091 = ORIENTED_EDGE ( 'NONE', *, *, #8428, .T. ) ;
#4092 = LENGTH_MEASURE_WITH_UNIT ( LENGTH_MEASURE( 0.02539999999999999900 ), #3818 );
#4093 =( CONVERSION_BASED_UNIT ( 'INCH', #539 ) LENGTH_UNIT ( ) NAMED_UNIT ( #6662 ) );
#4094 = PRESENTATION_LAYER_ASSIGNMENT (  '', '', ( #2733 ) ) ;
#4095 = MECHANICAL_DESIGN_GEOMETRIC_PRESENTATION_REPRESENTATION (  '', ( #3202 ), #4569 ) ;
#4096 = AXIS2_PLACEMENT_3D ( 'NONE', #5635, #1530, #6318 ) ;
#4097 = COLOUR_RGB ( '',0.5019607843137254800, 0.5019607843137254800, 0.5019607843137254800 ) ;
#4098 = CARTESIAN_POINT ( 'NONE',  ( -0.7282875163485728100, -0.3315016303536133500, 1.478999999999976800 ) ) ;
#4099 = EDGE_CURVE ( 'NONE', #6258, #6533, #4678, .T. ) ;
#4100 = FACE_OUTER_BOUND ( 'NONE', #816, .T. ) ;
#4101 = LENGTH_MEASURE_WITH_UNIT ( LENGTH_MEASURE( 0.02539999999999999900 ), #175 );
#4102 = DIRECTION ( 'NONE',  ( -2.985768325466478400E-031, 6.902532920683853300E-031, 1.000000000000000000 ) ) ;
#4103 = CARTESIAN_POINT ( 'NONE',  ( -0.7282875163485818000, -0.3315016303536155200, -0.8895780908448963600 ) ) ;
#4104 = CARTESIAN_POINT ( 'NONE',  ( -0.7282875163485818000, -0.3315016303536151800, -1.092458369440933800 ) ) ;
#4106 =( LENGTH_UNIT ( ) NAMED_UNIT ( * ) SI_UNIT ( $, .METRE. ) );
#4105 = DIRECTION ( 'NONE',  ( -1.000000000000000000, 0.0000000000000000000, 0.0000000000000000000 ) ) ;
#4107 = CIRCLE ( 'NONE', #6868, 0.08600000000000016000 ) ;
#4108 = STYLED_ITEM ( 'NONE', ( #5049 ), #8712 ) ;
#4109 = STYLED_ITEM ( 'NONE', ( #8108 ), #6232 ) ;
#4110 = EDGE_CURVE ( 'NONE', #3252, #5505, #2862, .T. ) ;
#4111 = CARTESIAN_POINT ( 'NONE',  ( -0.8624125833856215500, -0.3315016303536152400, -1.092152231391074500 ) ) ;
#4113 = CARTESIAN_POINT ( 'NONE',  ( -0.5882875163485819000, -0.3315016303536162400, -0.9299583694396620400 ) ) ;
#4112 = CARTESIAN_POINT ( 'NONE',  ( -0.7282875163485816900, -0.3315016303536156800, -1.319958369439661900 ) ) ;
#4114 = DIRECTION ( 'NONE',  ( -1.000000000000000000, 0.0000000000000000000, 0.0000000000000000000 ) ) ;
#4115 = AXIS2_PLACEMENT_3D ( 'NONE', #5378, #1262, #6039 ) ;
#4116 = FILL_AREA_STYLE ('',( #2759 ) ) ;
#4117 = FACE_OUTER_BOUND ( 'NONE', #3865, .T. ) ;
#4118 = SURFACE_STYLE_FILL_AREA ( #5787 ) ;
#4119 = CIRCLE ( 'NONE', #6169, 0.1384999999970296900 ) ;
#4120 = PRESENTATION_STYLE_ASSIGNMENT (( #214 ) ) ;
#4121 = EDGE_CURVE ( 'NONE', #2256, #4139, #4470, .T. ) ;
#4122 = FILL_AREA_STYLE ('',( #6812 ) ) ;
#4123 = MECHANICAL_DESIGN_GEOMETRIC_PRESENTATION_REPRESENTATION (  '', ( #2307 ), #4610 ) ;
#4124 = DIRECTION ( 'NONE',  ( 0.0000000000000000000, 0.0000000000000000000, -1.000000000000000000 ) ) ;
#4125 = FILL_AREA_STYLE_COLOUR ( '', #5772 ) ;
#4126 = UNCERTAINTY_MEASURE_WITH_UNIT (LENGTH_MEASURE( 1.000000000000000100E-005 ), #641, 'distance_accuracy_value', 'NONE');
#4127 = DIRECTION ( 'NONE',  ( 1.000000000000000000, 0.0000000000000000000, 0.0000000000000000000 ) ) ;
#4128 = VERTEX_POINT ( 'NONE', #807 ) ;
#4130 = DIRECTION ( 'NONE',  ( -0.0000000000000000000, -0.0000000000000000000, 1.000000000000000000 ) ) ;
#4129 = CARTESIAN_POINT ( 'NONE',  ( -0.7282875163485818000, -0.3315016303536159600, 0.2549999999999985100 ) ) ;
#4131 = CYLINDRICAL_SURFACE ( 'NONE', #6703, 0.02600000000000007900 ) ;
#4132 = ORIENTED_EDGE ( 'NONE', *, *, #5612, .F. ) ;
#4133 = CARTESIAN_POINT ( 'NONE',  ( -0.7282875163485818000, -0.3315016303536155200, -0.4992337427040284800 ) ) ;
#4134 = COLOUR_RGB ( '',0.5019607843137254800, 0.5019607843137254800, 0.5019607843137254800 ) ;
#4135 = PRESENTATION_STYLE_ASSIGNMENT (( #5885 ) ) ;
#4136 = LENGTH_MEASURE_WITH_UNIT ( LENGTH_MEASURE( 0.02539999999999999900 ), #2568 );
#4137 = B_SPLINE_CURVE_WITH_KNOTS ( 'NONE', 3,
 ( #5816, #5131, #331, #1722, #6487, #2413, #7168, #3116, #7817, #3802, #8513, #4488, #359, #5160, #1063, #5844, #1748 ),
 .UNSPECIFIED., .F., .F.,
 ( 4, 1, 1, 1, 1, 1, 1, 1, 1, 1, 1, 1, 1, 1, 4 ),
 ( 0.05011235961652172500, 0.08102659048900863500, 0.1119421525830162600, 0.1428599748994824300, 0.2140898405363687600, 0.2860958240839176500, 0.3930465702573467400, 0.4999936135464350700, 0.5627861239991630600, 0.6249456844806508000, 0.7499120761088390300, 0.8126697908646312000, 0.8748181112830276700, 0.9374127014090293300, 1.000000000000000000 ),
 .UNSPECIFIED. ) ;
#4138 = PLANE ( 'NONE',  #5322 ) ;
#4139 = VERTEX_POINT ( 'NONE', #2216 ) ;
#4141 =( NAMED_UNIT ( * ) SI_UNIT ( $, .STERADIAN. ) SOLID_ANGLE_UNIT ( ) );
#4140 = FILL_AREA_STYLE_COLOUR ( '', #4428 ) ;
#4142 = AXIS2_PLACEMENT_3D ( 'NONE', #4218, #122, #4921 ) ;
#4143 =( CONVERSION_BASED_UNIT ( 'INCH', #1269 ) LENGTH_UNIT ( ) NAMED_UNIT ( #6093 ) );
#4144 = CYLINDRICAL_SURFACE ( 'NONE', #5068, 0.3750000000000004400 ) ;
#4145 = ORIENTED_EDGE ( 'NONE', *, *, #8141, .F. ) ;
#4146 =( NAMED_UNIT ( * ) SI_UNIT ( $, .STERADIAN. ) SOLID_ANGLE_UNIT ( ) );
#4147 = PRESENTATION_LAYER_ASSIGNMENT (  '', '', ( #4628 ) ) ;
#4148 = PRESENTATION_LAYER_ASSIGNMENT (  '', '', ( #3720 ) ) ;
#4149 = ORIENTED_EDGE ( 'NONE', *, *, #3077, .F. ) ;
#4150 = LENGTH_MEASURE_WITH_UNIT ( LENGTH_MEASURE( 0.02539999999999999900 ), #5601 );
#4151 = CARTESIAN_POINT ( 'NONE',  ( -1.101582646043223600, -0.3315016303536154600, -0.8820000000000003400 ) ) ;
#4152 = EDGE_CURVE ( 'NONE', #1714, #5959, #2649, .T. ) ;
#4153 = ORIENTED_EDGE ( 'NONE', *, *, #8484, .T. ) ;
#4154 = SURFACE_SIDE_STYLE ('',( #4584 ) ) ;
#4155 = ORIENTED_EDGE ( 'NONE', *, *, #8089, .T. ) ;
#4156 = VECTOR ( 'NONE', #5890, 39.37007874015748100 ) ;
#4157 = CARTESIAN_POINT ( 'NONE',  ( -0.7282875163485668100, 0.1994983696463852900, 0.2849999999999988100 ) ) ;
#4158 = VERTEX_POINT ( 'NONE', #2259 ) ;
#4159 = ORIENTED_EDGE ( 'NONE', *, *, #5870, .F. ) ;
#4160 =( NAMED_UNIT ( * ) SI_UNIT ( $, .STERADIAN. ) SOLID_ANGLE_UNIT ( ) );
#4161 = LENGTH_MEASURE_WITH_UNIT ( LENGTH_MEASURE( 0.02539999999999999900 ), #3533 );
#4162 = AXIS2_PLACEMENT_3D ( 'NONE', #3303, #8022, #3985 ) ;
#4163 =( GEOMETRIC_REPRESENTATION_CONTEXT ( 3 ) GLOBAL_UNCERTAINTY_ASSIGNED_CONTEXT ( ( #8527 ) ) GLOBAL_UNIT_ASSIGNED_CONTEXT ( ( #8753, #4726, #597 ) ) REPRESENTATION_CONTEXT ( 'NONE', 'WORKASPACE' ) );
#4164 = AXIS2_PLACEMENT_3D ( 'NONE', #6033, #1965, #6715 ) ;
#4165 = DIRECTION ( 'NONE',  ( 1.000000000000000000, 0.0000000000000000000, 1.756815430017016400E-015 ) ) ;
#4166 = FACE_BOUND ( 'NONE', #6580, .T. ) ;
#4167 = EDGE_CURVE ( 'NONE', #1135, #3787, #1026, .T. ) ;
#4169 =( LENGTH_UNIT ( ) NAMED_UNIT ( * ) SI_UNIT ( $, .METRE. ) );
#4168 = DIRECTION ( 'NONE',  ( -7.472189016151557300E-032, -6.165649696520689200E-033, -1.000000000000000000 ) ) ;
#4170 = ORIENTED_EDGE ( 'NONE', *, *, #7493, .T. ) ;
#4171 = DIRECTION ( 'NONE',  ( -2.985768325466478400E-031, 6.902532920683853300E-031, 1.000000000000000000 ) ) ;
#4172 = CARTESIAN_POINT ( 'NONE',  ( -0.5547875163485912500, -0.3315016303536180700, -1.704000000000018400 ) ) ;
#4174 = SURFACE_SIDE_STYLE ('',( #5434 ) ) ;
#4173 = DIRECTION ( 'NONE',  ( 1.923836615256525400E-016, -5.771509845769573100E-016, -1.000000000000000000 ) ) ;
#4175 = CARTESIAN_POINT ( 'NONE',  ( -0.7307883039558915600, -0.4039328960639341800, -1.546958368125331800 ) ) ;
#4176 = AXIS2_PLACEMENT_3D ( 'NONE', #8132, #4090, #8812 ) ;
#4177 = DIMENSIONAL_EXPONENTS ( 1.000000000000000000, 0.0000000000000000000, 0.0000000000000000000, 0.0000000000000000000, 0.0000000000000000000, 0.0000000000000000000, 0.0000000000000000000 ) ;
#4178 = ORIENTED_EDGE ( 'NONE', *, *, #8275, .F. ) ;
#4179 = EDGE_LOOP ( 'NONE', ( #1693, #3415, #6528, #5980 ) ) ;
#4180 = VECTOR ( 'NONE', #918, 39.37007874015748900 ) ;
#4181 = DIRECTION ( 'NONE',  ( -7.472189016151557300E-032, -6.165649696520689200E-033, -1.000000000000000000 ) ) ;
#4182 = SURFACE_SIDE_STYLE ('',( #2709 ) ) ;
#4183 = UNCERTAINTY_MEASURE_WITH_UNIT (LENGTH_MEASURE( 1.000000000000000100E-005 ), #4662, 'distance_accuracy_value', 'NONE');
#4184 = DIRECTION ( 'NONE',  ( 1.774952849390946600E-032, -1.224606353822380000E-016, 1.000000000000000000 ) ) ;
#4185 = AXIS2_PLACEMENT_3D ( 'NONE', #5157, #1059, #5842 ) ;
#4186 = ORIENTED_EDGE ( 'NONE', *, *, #2085, .F. ) ;
#4187 = PRESENTATION_STYLE_ASSIGNMENT (( #1485 ) ) ;
#4188 = ADVANCED_FACE ( 'NONE', ( #4234 ), #8686, .T. ) ;
#4189 = FILL_AREA_STYLE ('',( #2128 ) ) ;
#4190 = SURFACE_SIDE_STYLE ('',( #8624 ) ) ;
#4191 = DIRECTION ( 'NONE',  ( -9.726753936418404900E-033, -1.224606353822377300E-016, -1.000000000000000000 ) ) ;
#4192 = UNCERTAINTY_MEASURE_WITH_UNIT (LENGTH_MEASURE( 1.000000000000000100E-005 ), #146, 'distance_accuracy_value', 'NONE');
#4193 = ORIENTED_EDGE ( 'NONE', *, *, #4717, .F. ) ;
#4194 = STYLED_ITEM ( 'NONE', ( #5310 ), #4069 ) ;
#4195 = DIRECTION ( 'NONE',  ( -1.000000000000000000, 0.0000000000000000000, 1.324963830349198200E-016 ) ) ;
#4196 = EDGE_CURVE ( 'NONE', #3101, #1553, #1682, .T. ) ;
#4197 = ORIENTED_EDGE ( 'NONE', *, *, #1825, .F. ) ;
#4198 = DIRECTION ( 'NONE',  ( 1.220408817397570400E-016, -1.013066643420215200E-017, -1.000000000000000000 ) ) ;
#4199 = SURFACE_STYLE_USAGE ( .BOTH. , #8242 ) ;
#4200 =( LENGTH_UNIT ( ) NAMED_UNIT ( * ) SI_UNIT ( $, .METRE. ) );
#4201 =( NAMED_UNIT ( * ) PLANE_ANGLE_UNIT ( ) SI_UNIT ( $, .RADIAN. ) );
#4202 = DIMENSIONAL_EXPONENTS ( 1.000000000000000000, 0.0000000000000000000, 0.0000000000000000000, 0.0000000000000000000, 0.0000000000000000000, 0.0000000000000000000, 0.0000000000000000000 ) ;
#4203 = DIRECTION ( 'NONE',  ( -9.726753936418404900E-033, -1.224606353822377300E-016, -1.000000000000000000 ) ) ;
#4204 = COLOUR_RGB ( '',0.5019607843137254800, 0.5019607843137254800, 0.5019607843137254800 ) ;
#4205 = AXIS2_PLACEMENT_3D ( 'NONE', #3150, #7858, #3836 ) ;
#4206 = CIRCLE ( 'NONE', #4461, 0.1634999999995992700 ) ;
#4207 =( CONVERSION_BASED_UNIT ( 'INCH', #3302 ) LENGTH_UNIT ( ) NAMED_UNIT ( #2741 ) );
#4208 = STYLED_ITEM ( 'NONE', ( #6102 ), #1102 ) ;
#4209 = PRESENTATION_LAYER_ASSIGNMENT (  '', '', ( #2848 ) ) ;
#4210 = AXIS2_PLACEMENT_3D ( 'NONE', #8772, #4750, #625 ) ;
#4211 = DIRECTION ( 'NONE',  ( 1.000000000000000000, 0.0000000000000000000, 0.0000000000000000000 ) ) ;
#4212 = FILL_AREA_STYLE_COLOUR ( '', #2591 ) ;
#4213 = DIRECTION ( 'NONE',  ( 0.0000000000000000000, 1.000000000000000000, -1.224606353822377800E-016 ) ) ;
#4214 = ORIENTED_EDGE ( 'NONE', *, *, #1345, .T. ) ;
#4215 = DIMENSIONAL_EXPONENTS ( 1.000000000000000000, 0.0000000000000000000, 0.0000000000000000000, 0.0000000000000000000, 0.0000000000000000000, 0.0000000000000000000, 0.0000000000000000000 ) ;
#4217 = SURFACE_SIDE_STYLE ('',( #6746 ) ) ;
#4216 =( CONVERSION_BASED_UNIT ( 'INCH', #2210 ) LENGTH_UNIT ( ) NAMED_UNIT ( #1400 ) );
#4218 = CARTESIAN_POINT ( 'NONE',  ( -0.7282875163485909000, -0.3315016303536180700, -3.282590941438460400 ) ) ;
#4219 = AXIS2_PLACEMENT_3D ( 'NONE', #6863, #2131, #2161 ) ;
#4220 = CIRCLE ( 'NONE', #3288, 0.1526804222532867900 ) ;
#4221 = SURFACE_STYLE_USAGE ( .BOTH. , #8271 ) ;
#4222 = ADVANCED_FACE ( 'NONE', ( #1907, #5324 ), #909, .T. ) ;
#4223 =( NAMED_UNIT ( * ) PLANE_ANGLE_UNIT ( ) SI_UNIT ( $, .RADIAN. ) );
#4225 = DIRECTION ( 'NONE',  ( -1.000000000000000000, 0.0000000000000000000, 0.0000000000000000000 ) ) ;
#4224 =( NAMED_UNIT ( * ) PLANE_ANGLE_UNIT ( ) SI_UNIT ( $, .RADIAN. ) );
#4226 = CARTESIAN_POINT ( 'NONE',  ( -0.7315959760738657300, -0.3057129876160432100, -1.259000000000018500 ) ) ;
#4227 = SURFACE_SIDE_STYLE ('',( #2470 ) ) ;
#4228 = LINE ( 'NONE', #2957, #6034 ) ;
#4229 = AXIS2_PLACEMENT_3D ( 'NONE', #268, #5067, #973 ) ;
#4230 = SURFACE_STYLE_FILL_AREA ( #6916 ) ;
#4231 = PRESENTATION_STYLE_ASSIGNMENT (( #3556 ) ) ;
#4232 = ORIENTED_EDGE ( 'NONE', *, *, #5521, .F. ) ;
#4233 = DIRECTION ( 'NONE',  ( 1.000000000000000000, 0.0000000000000000000, 0.0000000000000000000 ) ) ;
#4234 = FACE_OUTER_BOUND ( 'NONE', #5523, .T. ) ;
#4235 = ORIENTED_EDGE ( 'NONE', *, *, #7543, .T. ) ;
#4236 = SURFACE_STYLE_FILL_AREA ( #8112 ) ;
#4237 = COLOUR_RGB ( '',0.5019607843137254800, 0.5019607843137254800, 0.5019607843137254800 ) ;
#4238 = EDGE_CURVE ( 'NONE', #7126, #166, #6274, .T. ) ;
#4239 = LENGTH_MEASURE_WITH_UNIT ( LENGTH_MEASURE( 0.02539999999999999900 ), #4692 );
#4240 = SURFACE_STYLE_USAGE ( .BOTH. , #8292 ) ;
#4241 = ORIENTED_EDGE ( 'NONE', *, *, #7940, .F. ) ;
#4242 =( GEOMETRIC_REPRESENTATION_CONTEXT ( 3 ) GLOBAL_UNCERTAINTY_ASSIGNED_CONTEXT ( ( #65 ) ) GLOBAL_UNIT_ASSIGNED_CONTEXT ( ( #7400, #3373, #8095 ) ) REPRESENTATION_CONTEXT ( 'NONE', 'WORKASPACE' ) );
#4243 = VERTEX_POINT ( 'NONE', #1637 ) ;
#4244 =( LENGTH_UNIT ( ) NAMED_UNIT ( * ) SI_UNIT ( $, .METRE. ) );
#4245 = CYLINDRICAL_SURFACE ( 'NONE', #1208, 0.08600000000000016000 ) ;
#4246 = AXIS2_PLACEMENT_3D ( 'NONE', #7688, #3679, #8382 ) ;
#4247 = LENGTH_MEASURE_WITH_UNIT ( LENGTH_MEASURE( 0.02539999999999999900 ), #1298 );
#4248 =( NAMED_UNIT ( * ) PLANE_ANGLE_UNIT ( ) SI_UNIT ( $, .RADIAN. ) );
#4249 = ORIENTED_EDGE ( 'NONE', *, *, #6384, .F. ) ;
#4250 = DIMENSIONAL_EXPONENTS ( 1.000000000000000000, 0.0000000000000000000, 0.0000000000000000000, 0.0000000000000000000, 0.0000000000000000000, 0.0000000000000000000, 0.0000000000000000000 ) ;
#4251 = DIRECTION ( 'NONE',  ( -1.000000000000000000, 0.0000000000000000000, 0.0000000000000000000 ) ) ;
#4252 = ORIENTED_EDGE ( 'NONE', *, *, #2749, .T. ) ;
#4253 = SURFACE_SIDE_STYLE ('',( #3930 ) ) ;
#4254 = CARTESIAN_POINT ( 'NONE',  ( -0.3532875163485813500, -0.3315016303536155200, 0.02223988196073611200 ) ) ;
#4255 = CIRCLE ( 'NONE', #7480, 0.2525000000000001100 ) ;
#4256 = ORIENTED_EDGE ( 'NONE', *, *, #4752, .T. ) ;
#4257 = FILL_AREA_STYLE_COLOUR ( '', #1325 ) ;
#4259 = FILL_AREA_STYLE_COLOUR ( '', #5538 ) ;
#4258 = DIRECTION ( 'NONE',  ( 0.0000000000000000000, -1.000000000000000000, 9.485583311334238700E-017 ) ) ;
#4260 = ORIENTED_EDGE ( 'NONE', *, *, #7207, .T. ) ;
#4261 = AXIS2_PLACEMENT_3D ( 'NONE', #5918, #1836, #6589 ) ;
#4262 =( NAMED_UNIT ( * ) SI_UNIT ( $, .STERADIAN. ) SOLID_ANGLE_UNIT ( ) );
#4263 = DIMENSIONAL_EXPONENTS ( 1.000000000000000000, 0.0000000000000000000, 0.0000000000000000000, 0.0000000000000000000, 0.0000000000000000000, 0.0000000000000000000, 0.0000000000000000000 ) ;
#4264 = VERTEX_POINT ( 'NONE', #7081 ) ;
#4265 = COLOUR_RGB ( '',0.5019607843137254800, 0.5019607843137254800, 0.5019607843137254800 ) ;
#4266 = PRESENTATION_STYLE_ASSIGNMENT (( #1819 ) ) ;
#4267 = AXIS2_PLACEMENT_3D ( 'NONE', #8225, #4847, #6900 ) ;
#4268 = STYLED_ITEM ( 'NONE', ( #2671 ), #7546 ) ;
#4269 = EDGE_LOOP ( 'NONE', ( #8269, #5999, #202, #2431 ) ) ;
#4270 = EDGE_CURVE ( 'NONE', #1120, #489, #8056, .T. ) ;
#4271 = VERTEX_POINT ( 'NONE', #2339 ) ;
#4272 = FACE_OUTER_BOUND ( 'NONE', #4794, .T. ) ;
#4273 = CARTESIAN_POINT ( 'NONE',  ( -0.7282875163485818000, -0.3315016303536154600, -0.7139482375457256700 ) ) ;
#4274 = LENGTH_MEASURE_WITH_UNIT ( LENGTH_MEASURE( 0.02539999999999999900 ), #1356 );
#4275 =( NAMED_UNIT ( * ) PLANE_ANGLE_UNIT ( ) SI_UNIT ( $, .RADIAN. ) );
#4276 = CARTESIAN_POINT ( 'NONE',  ( -0.7154901923239666000, -0.3541340959243159900, -1.259000000000018500 ) ) ;
#4277 = ADVANCED_FACE ( 'NONE', ( #4482 ), #8783, .F. ) ;
#4278 = DIRECTION ( 'NONE',  ( -1.000000000000000000, 0.0000000000000000000, -0.0000000000000000000 ) ) ;
#4280 = CARTESIAN_POINT ( 'NONE',  ( -0.8837875163485816600, -0.3315016303536152400, -1.116958369439662100 ) ) ;
#4279 = CIRCLE ( 'NONE', #2174, 0.3550000000000000400 ) ;
#4281 = FILL_AREA_STYLE_COLOUR ( '', #2486 ) ;
#4282 = CARTESIAN_POINT ( 'NONE',  ( -1.188147005758121600, 0.01999836964638057900, 0.2849999999999987000 ) ) ;
#4283 = ORIENTED_EDGE ( 'NONE', *, *, #6914, .T. ) ;
#4284 = FACE_OUTER_BOUND ( 'NONE', #3175, .T. ) ;
#4285 = AXIS2_PLACEMENT_3D ( 'NONE', #1563, #4981, #5700 ) ;
#4286 = SURFACE_STYLE_USAGE ( .BOTH. , #8324 ) ;
#4287 = EDGE_CURVE ( 'NONE', #3640, #7636, #1794, .T. ) ;
#4289 = CARTESIAN_POINT ( 'NONE',  ( -1.132276257530603100, -0.3315016303536154600, -0.4780205392684319700 ) ) ;
#4288 = DIRECTION ( 'NONE',  ( -0.7071067811865501300, 0.0000000000000000000, -0.7071067811865449100 ) ) ;
#4290 = VECTOR ( 'NONE', #5297, 39.37007874015748100 ) ;
#4291 = COLOUR_RGB ( '',0.5019607843137254800, 0.5019607843137254800, 0.5019607843137254800 ) ;
#4292 = DIRECTION ( 'NONE',  ( -1.923836615256525400E-016, 5.771509845769573100E-016, 1.000000000000000000 ) ) ;
#4293 = AXIS2_PLACEMENT_3D ( 'NONE', #4553, #432, #5218 ) ;
#4294 = ORIENTED_EDGE ( 'NONE', *, *, #5716, .F. ) ;
#4295 = SURFACE_STYLE_FILL_AREA ( #6361 ) ;
#4296 = SURFACE_SIDE_STYLE ('',( #8665 ) ) ;
#4297 =( NAMED_UNIT ( * ) SI_UNIT ( $, .STERADIAN. ) SOLID_ANGLE_UNIT ( ) );
#4298 = FILL_AREA_STYLE ('',( #5637 ) ) ;
#4299 = CARTESIAN_POINT ( 'NONE',  ( -0.7807875163485817900, -0.3315016303536157900, -1.546958369439662000 ) ) ;
#4300 = B_SPLINE_CURVE_WITH_KNOTS ( 'NONE', 3,
 ( #5827, #6503, #8528, #4500, #370, #5169, #1076, #5858, #1760, #6529, #2464, #7200, #3159, #7869, #3848, #8553, #4536, #408, #5195, #1103, #5891, #1796 ),
 .UNSPECIFIED., .F., .F.,
 ( 4, 2, 2, 2, 2, 2, 2, 2, 2, 2, 4 ),
 ( 0.0000000000000000000, 0.0004021119166688202500, 0.0008042238333376405000, 0.001206335750006460600, 0.001407391708340874000, 0.001608447666675287300, 0.001809503625009700500, 0.002010559583344114200, 0.002412671500012949800, 0.002814783416681785800, 0.003216895333350621800 ),
 .UNSPECIFIED. ) ;
#4301 = FACE_BOUND ( 'NONE', #5540, .T. ) ;
#4302 = EDGE_CURVE ( 'NONE', #198, #3318, #3632, .T. ) ;
#4303 = DIRECTION ( 'NONE',  ( 1.220408817397570400E-016, -1.013066643420215200E-017, -1.000000000000000000 ) ) ;
#4304 = VERTEX_POINT ( 'NONE', #3784 ) ;
#4305 = SURFACE_STYLE_FILL_AREA ( #4823 ) ;
#4306 = DIMENSIONAL_EXPONENTS ( 1.000000000000000000, 0.0000000000000000000, 0.0000000000000000000, 0.0000000000000000000, 0.0000000000000000000, 0.0000000000000000000, 0.0000000000000000000 ) ;
#4307 = DIRECTION ( 'NONE',  ( -0.0000000000000000000, -0.0000000000000000000, 1.000000000000000000 ) ) ;
#4308 = DIRECTION ( 'NONE',  ( 5.389556073798634900E-015, 1.412857278674264800E-015, 1.000000000000000000 ) ) ;
#4309 = STYLED_ITEM ( 'NONE', ( #4335 ), #3068 ) ;
#4310 = CARTESIAN_POINT ( 'NONE',  ( -0.7282875163485814700, -0.3315016303536160700, -1.092152231391074500 ) ) ;
#4311 =( LENGTH_UNIT ( ) NAMED_UNIT ( * ) SI_UNIT ( $, .METRE. ) );
#4312 =( CONVERSION_BASED_UNIT ( 'INCH', #4567 ) LENGTH_UNIT ( ) NAMED_UNIT ( #4250 ) );
#4313 = DIRECTION ( 'NONE',  ( -1.000000000000000000, 0.0000000000000000000, 1.050710766793944300E-014 ) ) ;
#4314 = UNCERTAINTY_MEASURE_WITH_UNIT (LENGTH_MEASURE( 1.000000000000000100E-005 ), #7697, 'distance_accuracy_value', 'NONE');
#4315 = ORIENTED_EDGE ( 'NONE', *, *, #1930, .F. ) ;
#4316 = ORIENTED_EDGE ( 'NONE', *, *, #8764, .T. ) ;
#4317 = DIRECTION ( 'NONE',  ( -1.000000000000000000, 0.0000000000000000000, 0.0000000000000000000 ) ) ;
#4318 =( NAMED_UNIT ( * ) PLANE_ANGLE_UNIT ( ) SI_UNIT ( $, .RADIAN. ) );
#4319 = LENGTH_MEASURE_WITH_UNIT ( LENGTH_MEASURE( 0.02539999999999999900 ), #2029 );
#4320 = CIRCLE ( 'NONE', #6603, 0.3800000000000004500 ) ;
#4322 = DIRECTION ( 'NONE',  ( 0.0000000000000000000, 1.000000000000000000, -7.695346461026092800E-016 ) ) ;
#4321 = SURFACE_SIDE_STYLE ('',( #2523 ) ) ;
#4323 = CARTESIAN_POINT ( 'NONE',  ( -0.6055811294488631100, -0.3315016303536151800, -1.107958369439397100 ) ) ;
#4324 =( GEOMETRIC_REPRESENTATION_CONTEXT ( 3 ) GLOBAL_UNCERTAINTY_ASSIGNED_CONTEXT ( ( #5446 ) ) GLOBAL_UNIT_ASSIGNED_CONTEXT ( ( #6550, #2487, #7226 ) ) REPRESENTATION_CONTEXT ( 'NONE', 'WORKASPACE' ) );
#4325 = FILL_AREA_STYLE ('',( #3655 ) ) ;
#4326 = ADVANCED_FACE ( 'NONE', ( #3405 ), #2542, .T. ) ;
#4327 = CARTESIAN_POINT ( 'NONE',  ( -0.8702875163485812600, -0.3315016303536163500, -0.6419583694396621100 ) ) ;
#4328 = AXIS2_PLACEMENT_3D ( 'NONE', #5193, #6554, #5225 ) ;
#4330 = CARTESIAN_POINT ( 'NONE',  ( -0.5753619129914151500, -0.2494407877203900500, -1.515526876782945700 ) ) ;
#4329 =( CONVERSION_BASED_UNIT ( 'INCH', #1403 ) LENGTH_UNIT ( ) NAMED_UNIT ( #4907 ) );
#4331 = COLOUR_RGB ( '',0.5019607843137254800, 0.5019607843137254800, 0.5019607843137254800 ) ;
#4332 = CARTESIAN_POINT ( 'NONE',  ( -0.8950859135963111800, -0.3474619484788339400, -1.539000000000018100 ) ) ;
#4333 = EDGE_CURVE ( 'NONE', #972, #79, #4361, .T. ) ;
#4334 = FILL_AREA_STYLE_COLOUR ( '', #6035 ) ;
#4335 = PRESENTATION_STYLE_ASSIGNMENT (( #2070 ) ) ;
#4336 = LENGTH_MEASURE_WITH_UNIT ( LENGTH_MEASURE( 0.02539999999999999900 ), #6657 );
#4337 = CARTESIAN_POINT ( 'NONE',  ( -0.7282875163485818000, -0.8625016303536163800, 0.2849999999999986400 ) ) ;
#4338 = AXIS2_PLACEMENT_3D ( 'NONE', #3810, #8520, #4496 ) ;
#4339 = CARTESIAN_POINT ( 'NONE',  ( -0.8778936246374451400, -0.4153546741917141200, -1.519399368325491800 ) ) ;
#4340 = AXIS2_PLACEMENT_3D ( 'NONE', #2383, #7123, #3064 ) ;
#4341 = PRESENTATION_LAYER_ASSIGNMENT (  '', '', ( #3895 ) ) ;
#4342 = DIRECTION ( 'NONE',  ( -9.726753936418404900E-033, -1.224606353822377300E-016, -1.000000000000000000 ) ) ;
#4343 = EDGE_CURVE ( 'NONE', #532, #2055, #924, .T. ) ;
#4344 = CIRCLE ( 'NONE', #644, 0.04700000000000006900 ) ;
#4346 = CARTESIAN_POINT ( 'NONE',  ( -0.5313681661388747200, -0.2264824915598553600, -1.539000000000018100 ) ) ;
#4345 = CARTESIAN_POINT ( 'NONE',  ( -0.5313681661388747200, -0.2264824915598553600, -1.539000000000018100 ) ) ;
#4347 = DIRECTION ( 'NONE',  ( -0.9238795325076351000, 0.0000000000000000000, -0.3826834323739056200 ) ) ;
#4348 = MECHANICAL_DESIGN_GEOMETRIC_PRESENTATION_REPRESENTATION (  '', ( #2518 ), #4812 ) ;
#4349 = CARTESIAN_POINT ( 'NONE',  ( -0.5941624493139561200, -0.3315016303536151800, -1.092458369440933800 ) ) ;
#4350 = FACE_OUTER_BOUND ( 'NONE', #7171, .T. ) ;
#4351 = CIRCLE ( 'NONE', #3165, 0.3230726718553442200 ) ;
#4352 = ORIENTED_EDGE ( 'NONE', *, *, #6062, .F. ) ;
#4353 = SURFACE_STYLE_USAGE ( .BOTH. , #8395 ) ;
#4355 = CARTESIAN_POINT ( 'NONE',  ( -0.5566435030616219100, -0.3055367743100925700, -1.515449269170629200 ) ) ;
#4354 = DIRECTION ( 'NONE',  ( 0.0000000000000000000, -1.000000000000000000, 1.059104602806866400E-016 ) ) ;
#4356 = FILL_AREA_STYLE_COLOUR ( '', #8680 ) ;
#4357 = PRESENTATION_LAYER_ASSIGNMENT (  '', '', ( #3910 ) ) ;
#4358 = PRESENTATION_STYLE_ASSIGNMENT (( #36 ) ) ;
#4359 = ORIENTED_EDGE ( 'NONE', *, *, #5210, .T. ) ;
#4360 = CIRCLE ( 'NONE', #6538, 0.3080726718553441500 ) ;
#4361 = CIRCLE ( 'NONE', #2032, 0.3550000000000000400 ) ;
#4362 = EDGE_LOOP ( 'NONE', ( #4256, #678 ) ) ;
#4363 =( NAMED_UNIT ( * ) SI_UNIT ( $, .STERADIAN. ) SOLID_ANGLE_UNIT ( ) );
#4364 =( CONVERSION_BASED_UNIT ( 'INCH', #3124 ) LENGTH_UNIT ( ) NAMED_UNIT ( #4700 ) );
#4365 = EDGE_CURVE ( 'NONE', #3072, #6413, #7944, .T. ) ;
#4366 = CARTESIAN_POINT ( 'NONE',  ( -0.9029284500756035200, -0.3653149004827962500, -1.509059715296351400 ) ) ;
#4367 = ADVANCED_FACE ( 'NONE', ( #7722 ), #5102, .T. ) ;
#4368 = EDGE_LOOP ( 'NONE', ( #7540, #4588, #6740, #6417 ) ) ;
#4369 = LENGTH_MEASURE_WITH_UNIT ( LENGTH_MEASURE( 0.02539999999999999900 ), #6404 );
#4370 = FILL_AREA_STYLE_COLOUR ( '', #104 ) ;
#4371 = ORIENTED_EDGE ( 'NONE', *, *, #2673, .F. ) ;
#4372 = CARTESIAN_POINT ( 'NONE',  ( -0.7282875163485818000, 0.09049836964638484400, 0.2849999999999986400 ) ) ;
#4373 = CARTESIAN_POINT ( 'NONE',  ( -0.7282875163485818000, -0.3315016303536157900, -0.5249583694396620100 ) ) ;
#4374 = ORIENTED_EDGE ( 'NONE', *, *, #3390, .F. ) ;
#4375 = ORIENTED_EDGE ( 'NONE', *, *, #2089, .T. ) ;
#4376 = PRESENTATION_LAYER_ASSIGNMENT (  '', '', ( #3013 ) ) ;
#4377 = PRESENTATION_STYLE_ASSIGNMENT (( #3183 ) ) ;
#4378 = CYLINDRICAL_SURFACE ( 'NONE', #1352, 0.08600000000000011800 ) ;
#4379 = ORIENTED_EDGE ( 'NONE', *, *, #7529, .F. ) ;
#4380 = EDGE_CURVE ( 'NONE', #7228, #3979, #8675, .T. ) ;
#4382 =( CONVERSION_BASED_UNIT ( 'INCH', #3583 ) LENGTH_UNIT ( ) NAMED_UNIT ( #417 ) );
#4381 = CARTESIAN_POINT ( 'NONE',  ( -0.8002949539660483300, -0.3232661317396036700, -1.546958369143373900 ) ) ;
#4383 = CARTESIAN_POINT ( 'NONE',  ( -0.7282875163485818000, -0.05650163035361532900, 0.1249999999999986300 ) ) ;
#4384 = ORIENTED_EDGE ( 'NONE', *, *, #5241, .T. ) ;
#4385 = VECTOR ( 'NONE', #544, 39.37007874015748100 ) ;
#4386 = DIRECTION ( 'NONE',  ( 1.000000000000000000, 0.0000000000000000000, 0.0000000000000000000 ) ) ;
#4387 = EDGE_LOOP ( 'NONE', ( #5841, #7519, #7523, #5869 ) ) ;
#4388 = FILL_AREA_STYLE_COLOUR ( '', #669 ) ;
#4389 = FACE_OUTER_BOUND ( 'NONE', #2132, .T. ) ;
#4390 = FACE_BOUND ( 'NONE', #2485, .T. ) ;
#4392 =( NAMED_UNIT ( * ) SI_UNIT ( $, .STERADIAN. ) SOLID_ANGLE_UNIT ( ) );
#4391 = CARTESIAN_POINT ( 'NONE',  ( -0.2684280269390455500, -0.1520016303536133000, -1.252948082426849300E-015 ) ) ;
#4393 =( GEOMETRIC_REPRESENTATION_CONTEXT ( 3 ) GLOBAL_UNCERTAINTY_ASSIGNED_CONTEXT ( ( #8186 ) ) GLOBAL_UNIT_ASSIGNED_CONTEXT ( ( #6261, #2191, #6935 ) ) REPRESENTATION_CONTEXT ( 'NONE', 'WORKASPACE' ) );
#4394 = EDGE_LOOP ( 'NONE', ( #7893, #3737, #1479, #3682 ) ) ;
#4395 = FACE_OUTER_BOUND ( 'NONE', #308, .T. ) ;
#4396 = EDGE_CURVE ( 'NONE', #5726, #985, #3501, .T. ) ;
#4397 =( GEOMETRIC_REPRESENTATION_CONTEXT ( 3 ) GLOBAL_UNCERTAINTY_ASSIGNED_CONTEXT ( ( #7547 ) ) GLOBAL_UNIT_ASSIGNED_CONTEXT ( ( #1949, #6700, #2639 ) ) REPRESENTATION_CONTEXT ( 'NONE', 'WORKASPACE' ) );
#4398 = AXIS2_PLACEMENT_3D ( 'NONE', #357, #5159, #1060 ) ;
#4399 = PRESENTATION_STYLE_ASSIGNMENT (( #6772 ) ) ;
#4400 = EDGE_CURVE ( 'NONE', #8723, #4481, #6877, .T. ) ;
#4401 = FILL_AREA_STYLE_COLOUR ( '', #803 ) ;
#4402 = SURFACE_STYLE_USAGE ( .BOTH. , #8427 ) ;
#4403 = EDGE_LOOP ( 'NONE', ( #6792, #8480, #4414, #2258 ) ) ;
#4404 = CYLINDRICAL_SURFACE ( 'NONE', #4789, 0.3880000000000000100 ) ;
#4405 = CYLINDRICAL_SURFACE ( 'NONE', #5239, 0.4220000000000004300 ) ;
#4406 = ORIENTED_EDGE ( 'NONE', *, *, #260, .T. ) ;
#4407 =( LENGTH_UNIT ( ) NAMED_UNIT ( * ) SI_UNIT ( $, .METRE. ) );
#4408 = PLANE ( 'NONE',  #216 ) ;
#4409 = CARTESIAN_POINT ( 'NONE',  ( -1.051360188203926100, -0.3315016303536155200, 0.01192732814465496800 ) ) ;
#4410 = COLOUR_RGB ( '',0.5019607843137254800, 0.5019607843137254800, 0.5019607843137254800 ) ;
#4411 = STYLED_ITEM ( 'NONE', ( #8822 ), #4088 ) ;
#4412 = MECHANICAL_DESIGN_GEOMETRIC_PRESENTATION_REPRESENTATION (  '', ( #3487 ), #4857 ) ;
#4413 = SURFACE_STYLE_FILL_AREA ( #4988 ) ;
#4414 = ORIENTED_EDGE ( 'NONE', *, *, #1842, .F. ) ;
#4415 = VECTOR ( 'NONE', #1425, 39.37007874015748100 ) ;
#4416 = EDGE_CURVE ( 'NONE', #1473, #945, #3307, .T. ) ;
#4417 = FILL_AREA_STYLE ('',( #3045 ) ) ;
#4418 = UNCERTAINTY_MEASURE_WITH_UNIT (LENGTH_MEASURE( 1.000000000000000100E-005 ), #7386, 'distance_accuracy_value', 'NONE');
#4419 = CYLINDRICAL_SURFACE ( 'NONE', #4285, 0.1174999999999999100 ) ;
#4420 = ADVANCED_FACE ( 'NONE', ( #4883 ), #7615, .T. ) ;
#4421 = SURFACE_STYLE_FILL_AREA ( #2731 ) ;
#4422 = CARTESIAN_POINT ( 'NONE',  ( -0.7282875163485818000, -0.3315016303536155200, -0.8820000000000005600 ) ) ;
#4423 = EDGE_LOOP ( 'NONE', ( #7444, #8055 ) ) ;
#4424 = FACE_OUTER_BOUND ( 'NONE', #6881, .T. ) ;
#4425 = DIRECTION ( 'NONE',  ( -1.000000000000000000, 0.0000000000000000000, 0.0000000000000000000 ) ) ;
#4426 =( NAMED_UNIT ( * ) PLANE_ANGLE_UNIT ( ) SI_UNIT ( $, .RADIAN. ) );
#4427 = DIRECTION ( 'NONE',  ( -1.000000000000000000, 8.986342084421902200E-016, 0.0000000000000000000 ) ) ;
#4428 = COLOUR_RGB ( '',0.5019607843137254800, 0.5019607843137254800, 0.5019607843137254800 ) ;
#4429 = EDGE_CURVE ( 'NONE', #7740, #2214, #2220, .T. ) ;
#4430 = UNCERTAINTY_MEASURE_WITH_UNIT (LENGTH_MEASURE( 1.000000000000000100E-005 ), #4093, 'distance_accuracy_value', 'NONE');
#4431 = ORIENTED_EDGE ( 'NONE', *, *, #5084, .T. ) ;
#4432 = CIRCLE ( 'NONE', #2595, 0.04700000000000006900 ) ;
#4433 =( NAMED_UNIT ( * ) SI_UNIT ( $, .STERADIAN. ) SOLID_ANGLE_UNIT ( ) );
#4434 = PRESENTATION_LAYER_ASSIGNMENT (  '', '', ( #3975 ) ) ;
#4435 = FILL_AREA_STYLE ('',( #6416 ) ) ;
#4436 = STYLED_ITEM ( 'NONE', ( #2135 ), #3578 ) ;
#4437 = FILL_AREA_STYLE_COLOUR ( '', #2702 ) ;
#4438 = SURFACE_STYLE_USAGE ( .BOTH. , #8457 ) ;
#4439 = LENGTH_MEASURE_WITH_UNIT ( LENGTH_MEASURE( 0.02539999999999999900 ), #1764 );
#4440 = LINE ( 'NONE', #3592, #6014 ) ;
#4441 = SURFACE_SIDE_STYLE ('',( #526 ) ) ;
#4442 = FILL_AREA_STYLE_COLOUR ( '', #8272 ) ;
#4443 = PRESENTATION_STYLE_ASSIGNMENT (( #5566 ) ) ;
#4444 = CARTESIAN_POINT ( 'NONE',  ( -0.5756070940952949800, -0.3315016303536152400, -1.116958369439662100 ) ) ;
#4446 = DIRECTION ( 'NONE',  ( 0.0000000000000000000, -2.060206105850781500E-016, -1.000000000000000000 ) ) ;
#4445 = DIRECTION ( 'NONE',  ( 9.711944615174957000E-017, -7.459504271329836200E-017, -1.000000000000000000 ) ) ;
#4447 = FILL_AREA_STYLE_COLOUR ( '', #8266 ) ;
#4448 = MECHANICAL_DESIGN_GEOMETRIC_PRESENTATION_REPRESENTATION (  '', ( #3528 ), #4888 ) ;
#4449 = SURFACE_STYLE_FILL_AREA ( #7360 ) ;
#4450 = DIRECTION ( 'NONE',  ( 1.220408817397570400E-016, -1.013066643420215200E-017, -1.000000000000000000 ) ) ;
#4451 = PRESENTATION_LAYER_ASSIGNMENT (  '', '', ( #3070 ) ) ;
#4452 = PRESENTATION_LAYER_ASSIGNMENT (  '', '', ( #3993 ) ) ;
#4453 = CARTESIAN_POINT ( 'NONE',  ( -0.7282875163485818000, -0.3315016303536155200, -0.8895780908448963600 ) ) ;
#4454 = PLANE ( 'NONE',  #4586 ) ;
#4455 = EDGE_CURVE ( 'NONE', #2496, #2455, #5849, .T. ) ;
#4456 = SURFACE_SIDE_STYLE ('',( #5728 ) ) ;
#4457 = FILL_AREA_STYLE_COLOUR ( '', #6998 ) ;
#4458 = CARTESIAN_POINT ( 'NONE',  ( -0.5076968373873171900, -0.2976489738049106800, -1.539000000000018100 ) ) ;
#4459 = CARTESIAN_POINT ( 'NONE',  ( -0.7282875163485818000, 0.02849836964638485800, 1.048844797839501900 ) ) ;
#4460 = AXIS2_PLACEMENT_3D ( 'NONE', #1472, #6243, #2181 ) ;
#4461 = AXIS2_PLACEMENT_3D ( 'NONE', #8176, #4130, #26 ) ;
#4462 = ADVANCED_FACE ( 'NONE', ( #1999 ), #2970, .F. ) ;
#4463 = VECTOR ( 'NONE', #88, 39.37007874015748100 ) ;
#4464 = CARTESIAN_POINT ( 'NONE',  ( -0.7282875163485818000, -0.1165016303536157800, 1.168000000000000100 ) ) ;
#4465 = VERTEX_POINT ( 'NONE', #5996 ) ;
#4466 = EDGE_CURVE ( 'NONE', #3500, #1913, #8359, .T. ) ;
#4467 = CARTESIAN_POINT ( 'NONE',  ( -1.393287516348582500, -0.3315016303536159600, 0.2549999999999985600 ) ) ;
#4468 =( NAMED_UNIT ( * ) SI_UNIT ( $, .STERADIAN. ) SOLID_ANGLE_UNIT ( ) );
#4469 = DIRECTION ( 'NONE',  ( -0.0000000000000000000, -0.0000000000000000000, 1.000000000000000000 ) ) ;
#4470 = CIRCLE ( 'NONE', #7801, 0.1735000000000002100 ) ;
#4471 = VERTEX_POINT ( 'NONE', #7340 ) ;
#4472 = VECTOR ( 'NONE', #8151, 39.37007874015748100 ) ;
#4473 = STYLED_ITEM ( 'NONE', ( #3429 ), #1735 ) ;
#4474 = SURFACE_STYLE_FILL_AREA ( #8037 ) ;
#4476 = CARTESIAN_POINT ( 'NONE',  ( -0.5862875163485814500, -0.3315016303536163500, -0.5169583694396621100 ) ) ;
#4475 =( NAMED_UNIT ( * ) PLANE_ANGLE_UNIT ( ) SI_UNIT ( $, .RADIAN. ) );
#4477 = ORIENTED_EDGE ( 'NONE', *, *, #2292, .T. ) ;
#4478 = ORIENTED_EDGE ( 'NONE', *, *, #517, .F. ) ;
#4479 = DIMENSIONAL_EXPONENTS ( 1.000000000000000000, 0.0000000000000000000, 0.0000000000000000000, 0.0000000000000000000, 0.0000000000000000000, 0.0000000000000000000, 0.0000000000000000000 ) ;
#4480 = AXIS2_PLACEMENT_3D ( 'NONE', #770, #6890, #5576 ) ;
#4481 = VERTEX_POINT ( 'NONE', #1910 ) ;
#4483 =( CONVERSION_BASED_UNIT ( 'INCH', #8362 ) LENGTH_UNIT ( ) NAMED_UNIT ( #4177 ) );
#4482 = FACE_OUTER_BOUND ( 'NONE', #1609, .T. ) ;
#4485 = FILL_AREA_STYLE_COLOUR ( '', #7947 ) ;
#4484 =( CONVERSION_BASED_UNIT ( 'INCH', #434 ) LENGTH_UNIT ( ) NAMED_UNIT ( #3582 ) );
#4486 = SURFACE_STYLE_FILL_AREA ( #2328 ) ;
#4487 = ADVANCED_FACE ( 'NONE', ( #1336 ), #2094, .T. ) ;
#4488 = CARTESIAN_POINT ( 'NONE',  ( -0.6967886512236254300, -0.2658771734694876400, -1.546958372773834100 ) ) ;
#4489 = ORIENTED_EDGE ( 'NONE', *, *, #2765, .F. ) ;
#4490 = STYLED_ITEM ( 'NONE', ( #2626 ), #2989 ) ;
#4491 = LENGTH_MEASURE_WITH_UNIT ( LENGTH_MEASURE( 0.02539999999999999900 ), #7800 );
#4492 = ORIENTED_EDGE ( 'NONE', *, *, #1815, .F. ) ;
#4493 = DIRECTION ( 'NONE',  ( 0.0000000000000000000, 0.0000000000000000000, 1.000000000000000000 ) ) ;
#4494 = ORIENTED_EDGE ( 'NONE', *, *, #7016, .T. ) ;
#4495 = SURFACE_STYLE_FILL_AREA ( #2077 ) ;
#4496 = DIRECTION ( 'NONE',  ( -1.000000000000000000, 0.0000000000000000000, 0.0000000000000000000 ) ) ;
#4497 =( NAMED_UNIT ( * ) PLANE_ANGLE_UNIT ( ) SI_UNIT ( $, .RADIAN. ) );
#4498 = CIRCLE ( 'NONE', #4293, 0.1385000000000008400 ) ;
#4499 = VERTEX_POINT ( 'NONE', #541 ) ;
#4500 = CARTESIAN_POINT ( 'NONE',  ( -0.5582617768476186800, -0.3090390279799545800, -1.558600631674544700 ) ) ;
#4501 =( LENGTH_UNIT ( ) NAMED_UNIT ( * ) SI_UNIT ( $, .METRE. ) );
#4502 = EDGE_LOOP ( 'NONE', ( #5748, #7040, #6496, #4801 ) ) ;
#4503 = SURFACE_STYLE_FILL_AREA ( #7259 ) ;
#4504 =( NAMED_UNIT ( * ) SI_UNIT ( $, .STERADIAN. ) SOLID_ANGLE_UNIT ( ) );
#4505 = CONICAL_SURFACE ( 'NONE', #3740, 0.4039887411820212700, 0.7853981633974482800 ) ;
#4506 = AXIS2_PLACEMENT_3D ( 'NONE', #984, #5771, #1667 ) ;
#4508 =( NAMED_UNIT ( * ) PLANE_ANGLE_UNIT ( ) SI_UNIT ( $, .RADIAN. ) );
#4507 = CARTESIAN_POINT ( 'NONE',  ( -0.6557881546836437100, -0.3315016303536151800, -1.546958369429475300 ) ) ;
#4509 = CARTESIAN_POINT ( 'NONE',  ( -0.5195325017630959600, -0.2620657326823830300, -1.539000000000018100 ) ) ;
#4510 = EDGE_CURVE ( 'NONE', #2031, #850, #7503, .T. ) ;
#4511 = ORIENTED_EDGE ( 'NONE', *, *, #5036, .F. ) ;
#4512 = SURFACE_STYLE_FILL_AREA ( #4435 ) ;
#4513 = CIRCLE ( 'NONE', #4506, 0.1559999999975166800 ) ;
#4514 = PLANE ( 'NONE',  #6682 ) ;
#4515 = DIMENSIONAL_EXPONENTS ( 1.000000000000000000, 0.0000000000000000000, 0.0000000000000000000, 0.0000000000000000000, 0.0000000000000000000, 0.0000000000000000000, 0.0000000000000000000 ) ;
#4516 = EDGE_LOOP ( 'NONE', ( #2024, #7829, #298, #4294 ) ) ;
#4517 = DIRECTION ( 'NONE',  ( 0.0000000000000000000, 1.000000000000000000, -1.849713085239314800E-016 ) ) ;
#4518 = CARTESIAN_POINT ( 'NONE',  ( -0.7282875163485818000, -0.3315016303536155200, 0.02223988196073611200 ) ) ;
#4520 = DIRECTION ( 'NONE',  ( 0.0000000000000000000, 0.0000000000000000000, -1.000000000000000000 ) ) ;
#4519 = VECTOR ( 'NONE', #1202, 39.37007874015748100 ) ;
#4521 = LINE ( 'NONE', #1872, #4290 ) ;
#4522 =( GEOMETRIC_REPRESENTATION_CONTEXT ( 3 ) GLOBAL_UNCERTAINTY_ASSIGNED_CONTEXT ( ( #6899 ) ) GLOBAL_UNIT_ASSIGNED_CONTEXT ( ( #6301, #2222, #6961 ) ) REPRESENTATION_CONTEXT ( 'NONE', 'WORKASPACE' ) );
#4523 = ORIENTED_EDGE ( 'NONE', *, *, #8639, .T. ) ;
#4524 = STYLED_ITEM ( 'NONE', ( #4231 ), #8015 ) ;
#4525 = CIRCLE ( 'NONE', #7837, 0.3749999999999999400 ) ;
#4526 = AXIS2_PLACEMENT_3D ( 'NONE', #3489, #8180, #7557 ) ;
#4527 = CARTESIAN_POINT ( 'NONE',  ( -0.7282875163485813500, -0.3315016303536163500, -0.3869583694396621100 ) ) ;
#4528 = DIRECTION ( 'NONE',  ( -0.0000000000000000000, -0.0000000000000000000, 1.000000000000000000 ) ) ;
#4529 = FACE_OUTER_BOUND ( 'NONE', #1138, .T. ) ;
#4530 = SURFACE_SIDE_STYLE ('',( #3677 ) ) ;
#4531 = LINE ( 'NONE', #713, #861 ) ;
#4532 = DIRECTION ( 'NONE',  ( -1.000000000000000000, 0.0000000000000000000, 0.0000000000000000000 ) ) ;
#4533 = ORIENTED_EDGE ( 'NONE', *, *, #5766, .F. ) ;
#4534 = TOROIDAL_SURFACE ( 'NONE', #5778, 0.3199999999999997300, 0.03500000000000044700 ) ;
#4535 = ADVANCED_FACE ( 'NONE', ( #4773 ), #2243, .F. ) ;
#4536 = CARTESIAN_POINT ( 'NONE',  ( -0.5681869769329144200, -0.2539735048204893600, -1.568940284703685500 ) ) ;
#4537 = CARTESIAN_POINT ( 'NONE',  ( -0.7282875163485814700, -0.3315016303536152400, -1.526958369439661800 ) ) ;
#4538 = FILL_AREA_STYLE ('',( #5860 ) ) ;
#4539 = MECHANICAL_DESIGN_GEOMETRIC_PRESENTATION_REPRESENTATION (  '', ( #2701 ), #4978 ) ;
#4540 = CIRCLE ( 'NONE', #7175, 0.3600000000000003200 ) ;
#4541 = PRESENTATION_STYLE_ASSIGNMENT (( #608 ) ) ;
#4542 = ORIENTED_EDGE ( 'NONE', *, *, #3995, .F. ) ;
#4543 = CARTESIAN_POINT ( 'NONE',  ( -0.5392875163485902900, -0.3315016303536180700, -1.499021597812544300 ) ) ;
#4544 = SURFACE_STYLE_FILL_AREA ( #7186 ) ;
#4545 = PRESENTATION_LAYER_ASSIGNMENT (  '', '', ( #4073 ) ) ;
#4546 = DIRECTION ( 'NONE',  ( 1.324963830349198200E-016, -4.495203217082431800E-017, 1.000000000000000000 ) ) ;
#4547 =( NAMED_UNIT ( * ) SI_UNIT ( $, .STERADIAN. ) SOLID_ANGLE_UNIT ( ) );
#4548 = CARTESIAN_POINT ( 'NONE',  ( -0.7282875163485818000, -0.3315016303536152400, -1.144181362094663300 ) ) ;
#4549 = VECTOR ( 'NONE', #2925, 39.37007874015748100 ) ;
#4550 = EDGE_CURVE ( 'NONE', #3636, #304, #4054, .T. ) ;
#4551 = SURFACE_STYLE_FILL_AREA ( #3560 ) ;
#4552 = DIRECTION ( 'NONE',  ( -0.9488864299340638000, -0.3156177166874302200, -1.126055187715457500E-016 ) ) ;
#4553 = CARTESIAN_POINT ( 'NONE',  ( -0.7282875163485912400, -0.3315016303536180700, -1.268644660940690700 ) ) ;
#4554 = FACE_OUTER_BOUND ( 'NONE', #4516, .T. ) ;
#4555 =( CONVERSION_BASED_UNIT ( 'INCH', #4923 ) LENGTH_UNIT ( ) NAMED_UNIT ( #8751 ) );
#4556 = AXIS2_PLACEMENT_3D ( 'NONE', #1705, #8432, #5145 ) ;
#4557 = FILL_AREA_STYLE ('',( #3181 ) ) ;
#4558 = DIMENSIONAL_EXPONENTS ( 1.000000000000000000, 0.0000000000000000000, 0.0000000000000000000, 0.0000000000000000000, 0.0000000000000000000, 0.0000000000000000000, 0.0000000000000000000 ) ;
#4559 =( NAMED_UNIT ( * ) SI_UNIT ( $, .STERADIAN. ) SOLID_ANGLE_UNIT ( ) );
#4560 =( NAMED_UNIT ( * ) PLANE_ANGLE_UNIT ( ) SI_UNIT ( $, .RADIAN. ) );
#4561 = CARTESIAN_POINT ( 'NONE',  ( -0.9056805834124109800, -0.3848191251786728900, -1.576197332215922800 ) ) ;
#4562 = FILL_AREA_STYLE ('',( #5233 ) ) ;
#4563 = PRESENTATION_STYLE_ASSIGNMENT (( #8600 ) ) ;
#4564 = DIRECTION ( 'NONE',  ( 1.000000000000000000, 0.0000000000000000000, 0.0000000000000000000 ) ) ;
#4565 = DIRECTION ( 'NONE',  ( -2.188980764207856200E-016, -4.377961528415732600E-016, 1.000000000000000000 ) ) ;
#4566 = MECHANICAL_DESIGN_GEOMETRIC_PRESENTATION_REPRESENTATION (  '', ( #2733 ), #5016 ) ;
#4567 = LENGTH_MEASURE_WITH_UNIT ( LENGTH_MEASURE( 0.02539999999999999900 ), #8344 );
#4568 = CARTESIAN_POINT ( 'NONE',  ( -0.7282875163485818000, -0.3315016303536159600, 0.2549999999999985100 ) ) ;
#4569 =( GEOMETRIC_REPRESENTATION_CONTEXT ( 3 ) GLOBAL_UNCERTAINTY_ASSIGNED_CONTEXT ( ( #3491 ) ) GLOBAL_UNIT_ASSIGNED_CONTEXT ( ( #5893, #1798, #6559 ) ) REPRESENTATION_CONTEXT ( 'NONE', 'WORKASPACE' ) );
#4570 = AXIS2_PLACEMENT_3D ( 'NONE', #2871, #3525, #2907 ) ;
#4571 = FILL_AREA_STYLE ('',( #449 ) ) ;
#4572 =( LENGTH_UNIT ( ) NAMED_UNIT ( * ) SI_UNIT ( $, .METRE. ) );
#4573 = SURFACE_SIDE_STYLE ('',( #2587 ) ) ;
#4574 = ADVANCED_FACE ( 'NONE', ( #7419, #5864 ), #182, .F. ) ;
#4575 = EDGE_CURVE ( 'NONE', #3500, #1265, #8379, .T. ) ;
#4576 = CIRCLE ( 'NONE', #8784, 0.3800000000000004500 ) ;
#4577 = CIRCLE ( 'NONE', #6493, 0.2750000000000003600 ) ;
#4578 =( LENGTH_UNIT ( ) NAMED_UNIT ( * ) SI_UNIT ( $, .METRE. ) );
#4579 = ORIENTED_EDGE ( 'NONE', *, *, #3479, .T. ) ;
#4580 = CARTESIAN_POINT ( 'NONE',  ( -0.7282875163485814700, -0.3315016303536152400, -1.526958369439661800 ) ) ;
#4581 = CARTESIAN_POINT ( 'NONE',  ( -0.7315959760738675000, -0.3057129876160437100, -1.599000000000018600 ) ) ;
#4582 = UNCERTAINTY_MEASURE_WITH_UNIT (LENGTH_MEASURE( 1.000000000000000100E-005 ), #4364, 'distance_accuracy_value', 'NONE');
#4583 = DIRECTION ( 'NONE',  ( 0.0000000000000000000, -1.000000000000000000, 0.0000000000000000000 ) ) ;
#4584 = SURFACE_STYLE_FILL_AREA ( #8194 ) ;
#4585 = CARTESIAN_POINT ( 'NONE',  ( -0.7282875163485668100, 0.1134983696463671800, 0.2849999999999988100 ) ) ;
#4586 = AXIS2_PLACEMENT_3D ( 'NONE', #5843, #1745, #6518 ) ;
#4587 = PRESENTATION_LAYER_ASSIGNMENT (  '', '', ( #4109 ) ) ;
#4588 = ORIENTED_EDGE ( 'NONE', *, *, #6707, .F. ) ;
#4589 = CIRCLE ( 'NONE', #6083, 0.1890000000000011700 ) ;
#4590 = CARTESIAN_POINT ( 'NONE',  ( -0.8007869051081980500, -0.3315016303536151800, -1.546958369430321900 ) ) ;
#4591 = FACE_OUTER_BOUND ( 'NONE', #5314, .T. ) ;
#4592 = EDGE_CURVE ( 'NONE', #3640, #522, #5010, .T. ) ;
#4593 = DIRECTION ( 'NONE',  ( 0.0000000000000000000, 1.000000000000000000, 0.0000000000000000000 ) ) ;
#4594 = VERTEX_POINT ( 'NONE', #4323 ) ;
#4595 = AXIS2_PLACEMENT_3D ( 'NONE', #7993, #8690, #7365 ) ;
#4596 = EDGE_LOOP ( 'NONE', ( #4352, #4814, #6688, #4785, #631 ) ) ;
#4597 = UNCERTAINTY_MEASURE_WITH_UNIT (LENGTH_MEASURE( 1.000000000000000100E-005 ), #450, 'distance_accuracy_value', 'NONE');
#4598 = VERTEX_POINT ( 'NONE', #5006 ) ;
#4599 = FACE_OUTER_BOUND ( 'NONE', #382, .T. ) ;
#4600 = ORIENTED_EDGE ( 'NONE', *, *, #8314, .T. ) ;
#4601 = DIRECTION ( 'NONE',  ( -0.3156177166874302200, 0.9488864299340638000, 0.0000000000000000000 ) ) ;
#4602 = DIMENSIONAL_EXPONENTS ( 1.000000000000000000, 0.0000000000000000000, 0.0000000000000000000, 0.0000000000000000000, 0.0000000000000000000, 0.0000000000000000000, 0.0000000000000000000 ) ;
#4603 = CARTESIAN_POINT ( 'NONE',  ( -0.6072017649871673800, -0.4245045988905586400, -1.116958369439662100 ) ) ;
#4604 = EDGE_CURVE ( 'NONE', #4471, #6884, #6585, .T. ) ;
#4605 = DIRECTION ( 'NONE',  ( -1.000000000000000000, 0.0000000000000000000, -4.811513434270445100E-032 ) ) ;
#4606 = DIRECTION ( 'NONE',  ( 0.0000000000000000000, -7.189073667537525300E-016, 1.000000000000000000 ) ) ;
#4607 =( NAMED_UNIT ( * ) PLANE_ANGLE_UNIT ( ) SI_UNIT ( $, .RADIAN. ) );
#4608 = ORIENTED_EDGE ( 'NONE', *, *, #7915, .T. ) ;
#4609 = ORIENTED_EDGE ( 'NONE', *, *, #4670, .T. ) ;
#4610 =( GEOMETRIC_REPRESENTATION_CONTEXT ( 3 ) GLOBAL_UNCERTAINTY_ASSIGNED_CONTEXT ( ( #2346 ) ) GLOBAL_UNIT_ASSIGNED_CONTEXT ( ( #8298, #4248, #151 ) ) REPRESENTATION_CONTEXT ( 'NONE', 'WORKASPACE' ) );
#4611 = VECTOR ( 'NONE', #4181, 39.37007874015748100 ) ;
#4612 = CLOSED_SHELL ( 'NONE', ( #8523, #1775, #6459, #5082, #1623, #1217, #2950, #4951, #3364, #7264, #6556, #2398, #6332, #7420, #2543, #7919, #5714, #4995, #633, #1188, #8497, #4367, #8257, #3987, #2594, #7300, #1144, #425, #2463, #7177, #5167, #4326, #369, #7815, #7584, #3331, #2272, #1527, #2689, #463, #8583, #7798, #5672, #4620, #3095, #5369, #3674, #1435, #1307, #2850, #4188, #6763, #7073, #3243, #140, #2412, #5405, #7756, #3943, #4277, #3812, #3399, #314, #5317, #7676, #4535, #3520, #1039, #6022, #8390, #1826, #4222, #2441, #6727, #267, #7964, #8305, #4487, #4743, #7110, #3281, #3621, #5857, #7546, #8472, #1917, #7025, #3866, #93, #3796, #2637, #2310, #4574, #3578, #7847, #585, #5752, #1873, #2225, #1062, #4069, #3759, #8661, #186, #5181, #6878, #5126, #7348, #6369, #3184, #5571, #353, #8048, #7711, #3904, #6283, #5815, #8757, #2361 ) ) ;
#4613 = CARTESIAN_POINT ( 'NONE',  ( -0.7282875163485818000, -0.3315016303536152400, -1.144181362094663300 ) ) ;
#4614 = FILL_AREA_STYLE ('',( #8634 ) ) ;
#4615 = DIMENSIONAL_EXPONENTS ( 1.000000000000000000, 0.0000000000000000000, 0.0000000000000000000, 0.0000000000000000000, 0.0000000000000000000, 0.0000000000000000000, 0.0000000000000000000 ) ;
#4616 =( NAMED_UNIT ( * ) SI_UNIT ( $, .STERADIAN. ) SOLID_ANGLE_UNIT ( ) );
#4617 = VERTEX_POINT ( 'NONE', #5039 ) ;
#4618 = VECTOR ( 'NONE', #339, 39.37007874015748100 ) ;
#4619 = DIRECTION ( 'NONE',  ( -0.9488864299340644700, -0.3156177166874279400, 0.0000000000000000000 ) ) ;
#4620 = ADVANCED_FACE ( 'NONE', ( #8158 ), #5536, .F. ) ;
#4621 = FACE_OUTER_BOUND ( 'NONE', #7644, .T. ) ;
#4622 = FILL_AREA_STYLE_COLOUR ( '', #4818 ) ;
#4623 = FILL_AREA_STYLE_COLOUR ( '', #1960 ) ;
#4624 = PRESENTATION_LAYER_ASSIGNMENT (  '', '', ( #3255 ) ) ;
#4625 = ORIENTED_EDGE ( 'NONE', *, *, #5471, .T. ) ;
#4626 = DIRECTION ( 'NONE',  ( -9.726753936418404900E-033, -1.224606353822377300E-016, -1.000000000000000000 ) ) ;
#4627 = ORIENTED_EDGE ( 'NONE', *, *, #5330, .F. ) ;
#4628 = STYLED_ITEM ( 'NONE', ( #7728 ), #369 ) ;
#4629 = MECHANICAL_DESIGN_GEOMETRIC_PRESENTATION_REPRESENTATION (  '', ( #3720 ), #5069 ) ;
#4630 = COLOUR_RGB ( '',0.5019607843137254800, 0.5019607843137254800, 0.5019607843137254800 ) ;
#4631 = EDGE_CURVE ( 'NONE', #3334, #6836, #287, .T. ) ;
#4632 = FILL_AREA_STYLE ('',( #3935 ) ) ;
#4633 = VERTEX_POINT ( 'NONE', #4383 ) ;
#4634 = DIRECTION ( 'NONE',  ( 1.324963830349198200E-016, -4.495203217082431800E-017, 1.000000000000000000 ) ) ;
#4635 = SURFACE_SIDE_STYLE ('',( #3715 ) ) ;
#4636 = CARTESIAN_POINT ( 'NONE',  ( -0.4807875163485894100, -0.3315016303536180700, -3.282590941438460400 ) ) ;
#4637 = FILL_AREA_STYLE_COLOUR ( '', #1030 ) ;
#4638 = AXIS2_PLACEMENT_3D ( 'NONE', #3280, #7996, #3955 ) ;
#4639 = STYLED_ITEM ( 'NONE', ( #6340 ), #8390 ) ;
#4640 = STYLED_ITEM ( 'NONE', ( #8333 ), #5838 ) ;
#4641 = COLOUR_RGB ( '',0.5019607843137254800, 0.5019607843137254800, 0.5019607843137254800 ) ;
#4642 = CARTESIAN_POINT ( 'NONE',  ( -0.7282875163485818000, -0.3315016303536156800, -1.365923996832131600E-015 ) ) ;
#4643 = ORIENTED_EDGE ( 'NONE', *, *, #2838, .F. ) ;
#4644 = EDGE_CURVE ( 'NONE', #808, #6986, #3950, .T. ) ;
#4645 =( NAMED_UNIT ( * ) SI_UNIT ( $, .STERADIAN. ) SOLID_ANGLE_UNIT ( ) );
#4646 = FILL_AREA_STYLE ('',( #3279 ) ) ;
#4647 = CARTESIAN_POINT ( 'NONE',  ( -0.8809679386018686200, -0.3315016303536152400, -1.144181362094663300 ) ) ;
#4648 = DIMENSIONAL_EXPONENTS ( 1.000000000000000000, 0.0000000000000000000, 0.0000000000000000000, 0.0000000000000000000, 0.0000000000000000000, 0.0000000000000000000, 0.0000000000000000000 ) ;
#4649 = VECTOR ( 'NONE', #1414, 39.37007874015748100 ) ;
#4650 = CYLINDRICAL_SURFACE ( 'NONE', #5923, 0.02600000000000007900 ) ;
#4651 = LENGTH_MEASURE_WITH_UNIT ( LENGTH_MEASURE( 0.02539999999999999900 ), #2561 );
#4652 = DIRECTION ( 'NONE',  ( 0.0000000000000000000, -1.000000000000000000, 0.0000000000000000000 ) ) ;
#4653 = DIRECTION ( 'NONE',  ( 1.000000000000000000, 0.0000000000000000000, 0.0000000000000000000 ) ) ;
#4654 = STYLED_ITEM ( 'NONE', ( #1066 ), #6934 ) ;
#4655 = CARTESIAN_POINT ( 'NONE',  ( -0.7282875163485818000, -0.08150163035361573900, -1.212000000000000000 ) ) ;
#4656 = DIRECTION ( 'NONE',  ( -1.000000000000000000, 0.0000000000000000000, 0.0000000000000000000 ) ) ;
#4657 = AXIS2_PLACEMENT_3D ( 'NONE', #2446, #7193, #3143 ) ;
#4658 = FILL_AREA_STYLE ('',( #8647 ) ) ;
#4659 =( LENGTH_UNIT ( ) NAMED_UNIT ( * ) SI_UNIT ( $, .METRE. ) );
#4660 = ADVANCED_FACE ( 'NONE', ( #2118 ), #4697, .F. ) ;
#4661 = PRESENTATION_STYLE_ASSIGNMENT (( #6103 ) ) ;
#4662 =( CONVERSION_BASED_UNIT ( 'INCH', #3308 ) LENGTH_UNIT ( ) NAMED_UNIT ( #6802 ) );
#4663 = LINE ( 'NONE', #8676, #8026 ) ;
#4664 = CARTESIAN_POINT ( 'NONE',  ( -0.7282875163485818000, -0.3315016303536155200, 0.02223988196073611200 ) ) ;
#4665 = FILL_AREA_STYLE_COLOUR ( '', #6571 ) ;
#4666 = FILL_AREA_STYLE ('',( #3275 ) ) ;
#4667 = CARTESIAN_POINT ( 'NONE',  ( -0.7282875163485818000, -0.3315016303536155200, 1.048844797839501900 ) ) ;
#4668 = PRESENTATION_LAYER_ASSIGNMENT (  '', '', ( #4194 ) ) ;
#4669 = SURFACE_SIDE_STYLE ('',( #8091 ) ) ;
#4670 = EDGE_CURVE ( 'NONE', #1046, #4617, #6483, .T. ) ;
#4671 = DIMENSIONAL_EXPONENTS ( 1.000000000000000000, 0.0000000000000000000, 0.0000000000000000000, 0.0000000000000000000, 0.0000000000000000000, 0.0000000000000000000, 0.0000000000000000000 ) ;
#4672 = FILL_AREA_STYLE_COLOUR ( '', #6531 ) ;
#4673 = PRESENTATION_STYLE_ASSIGNMENT (( #5584 ) ) ;
#4674 = DIRECTION ( 'NONE',  ( 7.472189016151557300E-032, 6.165649696520689200E-033, 1.000000000000000000 ) ) ;
#4675 = CIRCLE ( 'NONE', #3606, 0.3549999999999999300 ) ;
#4676 = ORIENTED_EDGE ( 'NONE', *, *, #2170, .F. ) ;
#4677 = AXIS2_PLACEMENT_3D ( 'NONE', #5850, #1753, #6522 ) ;
#4678 = CIRCLE ( 'NONE', #6020, 0.2499999999999998100 ) ;
#4679 = DIRECTION ( 'NONE',  ( -1.000000000000000000, 0.0000000000000000000, 0.0000000000000000000 ) ) ;
#4680 = DIMENSIONAL_EXPONENTS ( 1.000000000000000000, 0.0000000000000000000, 0.0000000000000000000, 0.0000000000000000000, 0.0000000000000000000, 0.0000000000000000000, 0.0000000000000000000 ) ;
#4681 = ORIENTED_EDGE ( 'NONE', *, *, #12, .F. ) ;
#4682 = LENGTH_MEASURE_WITH_UNIT ( LENGTH_MEASURE( 0.02539999999999999900 ), #1979 );
#4683 = VECTOR ( 'NONE', #1312, 39.37007874015748100 ) ;
#4684 = AXIS2_PLACEMENT_3D ( 'NONE', #1419, #6199, #2121 ) ;
#4685 = MECHANICAL_DESIGN_GEOMETRIC_PRESENTATION_REPRESENTATION (  '', ( #2848 ), #5135 ) ;
#4686 = AXIS2_PLACEMENT_3D ( 'NONE', #6744, #2695, #7411 ) ;
#4687 =( NAMED_UNIT ( * ) PLANE_ANGLE_UNIT ( ) SI_UNIT ( $, .RADIAN. ) );
#4688 =( NAMED_UNIT ( * ) PLANE_ANGLE_UNIT ( ) SI_UNIT ( $, .RADIAN. ) );
#4689 = FACE_OUTER_BOUND ( 'NONE', #4816, .T. ) ;
#4690 = ORIENTED_EDGE ( 'NONE', *, *, #6414, .F. ) ;
#4691 = VERTEX_POINT ( 'NONE', #324 ) ;
#4692 =( LENGTH_UNIT ( ) NAMED_UNIT ( * ) SI_UNIT ( $, .METRE. ) );
#4693 = UNCERTAINTY_MEASURE_WITH_UNIT (LENGTH_MEASURE( 1.000000000000000100E-005 ), #8832, 'distance_accuracy_value', 'NONE');
#4694 = VECTOR ( 'NONE', #8730, 39.37007874015748100 ) ;
#4695 = ORIENTED_EDGE ( 'NONE', *, *, #4604, .T. ) ;
#4696 = CARTESIAN_POINT ( 'NONE',  ( -0.6557987691341719000, -0.3325024865561960800, -1.546958369420542400 ) ) ;
#4697 = CYLINDRICAL_SURFACE ( 'NONE', #6245, 0.1419999999999998800 ) ;
#4698 = COLOUR_RGB ( '',0.5019607843137254800, 0.5019607843137254800, 0.5019607843137254800 ) ;
#4699 = DIRECTION ( 'NONE',  ( 5.389556073798634900E-015, 1.412857278674264800E-015, 1.000000000000000000 ) ) ;
#4700 = DIMENSIONAL_EXPONENTS ( 1.000000000000000000, 0.0000000000000000000, 0.0000000000000000000, 0.0000000000000000000, 0.0000000000000000000, 0.0000000000000000000, 0.0000000000000000000 ) ;
#4701 = ORIENTED_EDGE ( 'NONE', *, *, #247, .F. ) ;
#4702 = MECHANICAL_DESIGN_GEOMETRIC_PRESENTATION_REPRESENTATION (  '', ( #3789 ), #5147 ) ;
#4703 = ORIENTED_EDGE ( 'NONE', *, *, #1074, .F. ) ;
#4705 = ADVANCED_FACE ( 'NONE', ( #3092, #1245 ), #1712, .F. ) ;
#4704 = UNCERTAINTY_MEASURE_WITH_UNIT (LENGTH_MEASURE( 1.000000000000000100E-005 ), #1884, 'distance_accuracy_value', 'NONE');
#4706 = DIRECTION ( 'NONE',  ( 1.000000000000000000, 0.0000000000000000000, 0.0000000000000000000 ) ) ;
#4707 = ORIENTED_EDGE ( 'NONE', *, *, #8372, .F. ) ;
#4708 = FACE_BOUND ( 'NONE', #8463, .T. ) ;
#4709 = EDGE_LOOP ( 'NONE', ( #8581, #1962 ) ) ;
#4710 = AXIS2_PLACEMENT_3D ( 'NONE', #5011, #3657, #242 ) ;
#4711 = DIRECTION ( 'NONE',  ( 0.0000000000000000000, 0.0000000000000000000, -1.000000000000000000 ) ) ;
#4712 = ORIENTED_EDGE ( 'NONE', *, *, #8398, .F. ) ;
#4713 = EDGE_LOOP ( 'NONE', ( #8799, #200 ) ) ;
#4714 = CARTESIAN_POINT ( 'NONE',  ( -0.7282875163485818000, -0.3315016303536155200, -0.3033176733773519900 ) ) ;
#4715 = SURFACE_STYLE_FILL_AREA ( #4774 ) ;
#4716 = EDGE_LOOP ( 'NONE', ( #814, #1025, #2395, #176 ) ) ;
#4717 = EDGE_CURVE ( 'NONE', #548, #2214, #7412, .T. ) ;
#4718 = CARTESIAN_POINT ( 'NONE',  ( -0.7282875163485814700, -0.3315016303536163500, -0.3869583694396621100 ) ) ;
#4719 = FACE_BOUND ( 'NONE', #3032, .T. ) ;
#4720 = DIMENSIONAL_EXPONENTS ( 1.000000000000000000, 0.0000000000000000000, 0.0000000000000000000, 0.0000000000000000000, 0.0000000000000000000, 0.0000000000000000000, 0.0000000000000000000 ) ;
#4722 =( NAMED_UNIT ( * ) SI_UNIT ( $, .STERADIAN. ) SOLID_ANGLE_UNIT ( ) );
#4721 = DIRECTION ( 'NONE',  ( -9.726753936418404900E-033, -1.224606353822377300E-016, -1.000000000000000000 ) ) ;
#4723 = ORIENTED_EDGE ( 'NONE', *, *, #7526, .T. ) ;
#4724 = AXIS2_PLACEMENT_3D ( 'NONE', #5031, #919, #5717 ) ;
#4725 =( CONVERSION_BASED_UNIT ( 'INCH', #5315 ) LENGTH_UNIT ( ) NAMED_UNIT ( #4813 ) );
#4727 = CARTESIAN_POINT ( 'NONE',  ( -0.6686476986329220600, -0.3731812418402919400, -1.546958364035239800 ) ) ;
#4726 =( NAMED_UNIT ( * ) PLANE_ANGLE_UNIT ( ) SI_UNIT ( $, .RADIAN. ) );
#4728 =( LENGTH_UNIT ( ) NAMED_UNIT ( * ) SI_UNIT ( $, .METRE. ) );
#4729 = ORIENTED_EDGE ( 'NONE', *, *, #4196, .T. ) ;
#4730 = FILL_AREA_STYLE_COLOUR ( '', #92 ) ;
#4731 = SURFACE_SIDE_STYLE ('',( #3688 ) ) ;
#4732 = AXIS2_PLACEMENT_3D ( 'NONE', #3233, #7939, #3909 ) ;
#4733 = FILL_AREA_STYLE ('',( #4040 ) ) ;
#4734 = LINE ( 'NONE', #4151, #1086 ) ;
#4735 = PRESENTATION_LAYER_ASSIGNMENT (  '', '', ( #3369 ) ) ;
#4736 = ORIENTED_EDGE ( 'NONE', *, *, #7370, .F. ) ;
#4737 = PRESENTATION_LAYER_ASSIGNMENT (  '', '', ( #4268 ) ) ;
#4738 = DIRECTION ( 'NONE',  ( 2.915594446626999200E-032, 5.323731010893191500E-032, -1.000000000000000000 ) ) ;
#4739 = EDGE_CURVE ( 'NONE', #4617, #1046, #3845, .T. ) ;
#4740 = DIRECTION ( 'NONE',  ( 0.0000000000000000000, 0.0000000000000000000, 1.000000000000000000 ) ) ;
#4741 = DIRECTION ( 'NONE',  ( 0.0000000000000000000, -1.000000000000000000, 0.0000000000000000000 ) ) ;
#4742 = CIRCLE ( 'NONE', #2086, 0.2149999999999997500 ) ;
#4743 = ADVANCED_FACE ( 'NONE', ( #387 ), #1139, .T. ) ;
#4744 = VERTEX_POINT ( 'NONE', #415 ) ;
#4745 = CIRCLE ( 'NONE', #2290, 0.3230726718553442200 ) ;
#4747 = DIRECTION ( 'NONE',  ( 0.0000000000000000000, 1.000000000000000000, -1.224606353822389100E-016 ) ) ;
#4746 = CARTESIAN_POINT ( 'NONE',  ( -0.6107875163485817500, -0.3315016303536160700, -1.089958369439662200 ) ) ;
#4748 = PRESENTATION_LAYER_ASSIGNMENT (  '', '', ( #3376 ) ) ;
#4749 = AXIS2_PLACEMENT_3D ( 'NONE', #3651, #8355, #4322 ) ;
#4750 = DIRECTION ( 'NONE',  ( -9.726753936418404900E-033, -1.224606353822377300E-016, -1.000000000000000000 ) ) ;
#4751 = VECTOR ( 'NONE', #3379, 39.37007874015748100 ) ;
#4752 = EDGE_CURVE ( 'NONE', #2260, #8593, #6579, .T. ) ;
#4753 = DIRECTION ( 'NONE',  ( -1.000000000000000000, 0.0000000000000000000, 0.0000000000000000000 ) ) ;
#4754 = UNCERTAINTY_MEASURE_WITH_UNIT (LENGTH_MEASURE( 1.000000000000000100E-005 ), #8441, 'distance_accuracy_value', 'NONE');
#4755 = FILL_AREA_STYLE_COLOUR ( '', #1857 ) ;
#4756 = DIRECTION ( 'NONE',  ( 0.3156177166874310500, -0.9488864299340635800, 0.0000000000000000000 ) ) ;
#4757 = STYLED_ITEM ( 'NONE', ( #4266 ), #1873 ) ;
#4758 = CARTESIAN_POINT ( 'NONE',  ( -0.5847875163485813900, -0.3315016303536163500, -0.4619583694396621800 ) ) ;
#4759 = EDGE_CURVE ( 'NONE', #2868, #1473, #4782, .T. ) ;
#4760 =( LENGTH_UNIT ( ) NAMED_UNIT ( * ) SI_UNIT ( $, .METRE. ) );
#4761 = COLOUR_RGB ( '',0.5019607843137254800, 0.5019607843137254800, 0.5019607843137254800 ) ;
#4762 = PRESENTATION_LAYER_ASSIGNMENT (  '', '', ( #4309 ) ) ;
#4763 =( NAMED_UNIT ( * ) SI_UNIT ( $, .STERADIAN. ) SOLID_ANGLE_UNIT ( ) );
#4764 = DIRECTION ( 'NONE',  ( -1.000000000000000000, 0.0000000000000000000, 0.0000000000000000000 ) ) ;
#4765 = COLOUR_RGB ( '',0.5019607843137254800, 0.5019607843137254800, 0.5019607843137254800 ) ;
#4766 = CARTESIAN_POINT ( 'NONE',  ( -0.7282875163485818000, -0.3315016303536156300, 0.2339999999999986500 ) ) ;
#4767 = DIMENSIONAL_EXPONENTS ( 1.000000000000000000, 0.0000000000000000000, 0.0000000000000000000, 0.0000000000000000000, 0.0000000000000000000, 0.0000000000000000000, 0.0000000000000000000 ) ;
#4768 = DIRECTION ( 'NONE',  ( -1.000000000000000000, 0.0000000000000000000, 0.0000000000000000000 ) ) ;
#4769 = VECTOR ( 'NONE', #8318, 39.37007874015748100 ) ;
#4770 = PRESENTATION_LAYER_ASSIGNMENT (  '', '', ( #5234 ) ) ;
#4771 = CARTESIAN_POINT ( 'NONE',  ( -0.7477818014501350600, -0.2887351382321021700, -1.599000000000018600 ) ) ;
#4772 = COLOUR_RGB ( '',0.5019607843137254800, 0.5019607843137254800, 0.5019607843137254800 ) ;
#4773 = FACE_OUTER_BOUND ( 'NONE', #8385, .T. ) ;
#4774 = FILL_AREA_STYLE ('',( #6112 ) ) ;
#4775 = AXIS2_PLACEMENT_3D ( 'NONE', #7926, #3901, #8611 ) ;
#4776 = AXIS2_PLACEMENT_3D ( 'NONE', #4310, #205, #4991 ) ;
#4777 = ORIENTED_EDGE ( 'NONE', *, *, #7176, .F. ) ;
#4778 =( NAMED_UNIT ( * ) SI_UNIT ( $, .STERADIAN. ) SOLID_ANGLE_UNIT ( ) );
#4779 = EDGE_CURVE ( 'NONE', #5432, #3547, #8370, .T. ) ;
#4780 = SURFACE_SIDE_STYLE ('',( #5422 ) ) ;
#4781 = ORIENTED_EDGE ( 'NONE', *, *, #6115, .F. ) ;
#4782 = CIRCLE ( 'NONE', #2908, 0.1559999999975166800 ) ;
#4783 = CARTESIAN_POINT ( 'NONE',  ( -0.7282875163485818000, -0.7535016303536157300, 0.2469999999999986900 ) ) ;
#4784 = DIRECTION ( 'NONE',  ( -2.985768325466478400E-031, 6.902532920683853300E-031, 1.000000000000000000 ) ) ;
#4785 = ORIENTED_EDGE ( 'NONE', *, *, #1566, .F. ) ;
#4786 = CARTESIAN_POINT ( 'NONE',  ( -0.7282875163485818000, -0.6440016303536156800, -1.012000000000000000 ) ) ;
#4787 = DIRECTION ( 'NONE',  ( 1.000000000000000000, 0.0000000000000000000, -3.847673230513058200E-016 ) ) ;
#4788 = UNCERTAINTY_MEASURE_WITH_UNIT (LENGTH_MEASURE( 1.000000000000000100E-005 ), #2318, 'distance_accuracy_value', 'NONE');
#4789 = AXIS2_PLACEMENT_3D ( 'NONE', #2376, #3758, #8494 ) ;
#4790 = CYLINDRICAL_SURFACE ( 'NONE', #6796, 0.1385000000000008400 ) ;
#4791 = AXIS2_PLACEMENT_3D ( 'NONE', #8467, #4445, #322 ) ;
#4792 = MECHANICAL_DESIGN_GEOMETRIC_PRESENTATION_REPRESENTATION (  '', ( #3895 ), #5256 ) ;
#4793 = CARTESIAN_POINT ( 'NONE',  ( -0.7282875163485818000, -0.3315016303536155200, -0.7570000000000005600 ) ) ;
#4794 = EDGE_LOOP ( 'NONE', ( #7553, #8795, #3519, #1186 ) ) ;
#4795 = COLOUR_RGB ( '',0.5019607843137254800, 0.5019607843137254800, 0.5019607843137254800 ) ;
#4796 = DIMENSIONAL_EXPONENTS ( 1.000000000000000000, 0.0000000000000000000, 0.0000000000000000000, 0.0000000000000000000, 0.0000000000000000000, 0.0000000000000000000, 0.0000000000000000000 ) ;
#4797 = ORIENTED_EDGE ( 'NONE', *, *, #1437, .T. ) ;
#4798 = EDGE_CURVE ( 'NONE', #1672, #8723, #2982, .T. ) ;
#4800 =( NAMED_UNIT ( * ) PLANE_ANGLE_UNIT ( ) SI_UNIT ( $, .RADIAN. ) );
#4799 = CARTESIAN_POINT ( 'NONE',  ( -0.7282875163485816900, 0.3034983696463849400, -1.433177139110367700E-015 ) ) ;
#4801 = ORIENTED_EDGE ( 'NONE', *, *, #1635, .F. ) ;
#4802 = ORIENTED_EDGE ( 'NONE', *, *, #1867, .F. ) ;
#4803 = CONICAL_SURFACE ( 'NONE', #3809, 0.3879999999999994600, 1.178097245096173300 ) ;
#4804 = VERTEX_POINT ( 'NONE', #5204 ) ;
#4805 = UNCERTAINTY_MEASURE_WITH_UNIT (LENGTH_MEASURE( 1.000000000000000100E-005 ), #4889, 'distance_accuracy_value', 'NONE');
#4806 = DIRECTION ( 'NONE',  ( 3.791425900382023800E-016, 0.4999999999721925800, -0.8660254038004932000 ) ) ;
#4808 = CARTESIAN_POINT ( 'NONE',  ( -0.5647875163489918200, -0.3315016303536180700, -1.279000000001063500 ) ) ;
#4807 = DIRECTION ( 'NONE',  ( 5.389556073798634900E-015, 1.412857278674264800E-015, 1.000000000000000000 ) ) ;
#4809 = EDGE_LOOP ( 'NONE', ( #750, #902, #1049, #8144 ) ) ;
#4810 = CARTESIAN_POINT ( 'NONE',  ( -0.7282875163485818000, -0.6065016303536159300, 0.2339999999999986800 ) ) ;
#4811 = LINE ( 'NONE', #6198, #4611 ) ;
#4812 =( GEOMETRIC_REPRESENTATION_CONTEXT ( 3 ) GLOBAL_UNCERTAINTY_ASSIGNED_CONTEXT ( ( #1110 ) ) GLOBAL_UNIT_ASSIGNED_CONTEXT ( ( #7289, #3253, #7965 ) ) REPRESENTATION_CONTEXT ( 'NONE', 'WORKASPACE' ) );
#4813 = DIMENSIONAL_EXPONENTS ( 1.000000000000000000, 0.0000000000000000000, 0.0000000000000000000, 0.0000000000000000000, 0.0000000000000000000, 0.0000000000000000000, 0.0000000000000000000 ) ;
#4814 = ORIENTED_EDGE ( 'NONE', *, *, #7254, .T. ) ;
#4815 = SURFACE_STYLE_USAGE ( .BOTH. , #11 ) ;
#4816 = EDGE_LOOP ( 'NONE', ( #3870, #6891, #5005, #6095, #2130 ) ) ;
#4817 = MECHANICAL_DESIGN_GEOMETRIC_PRESENTATION_REPRESENTATION (  '', ( #3910 ), #5273 ) ;
#4818 = COLOUR_RGB ( '',0.5019607843137254800, 0.5019607843137254800, 0.5019607843137254800 ) ;
#4819 = DIRECTION ( 'NONE',  ( -1.000000000000000000, 0.0000000000000000000, 0.0000000000000000000 ) ) ;
#4820 = SURFACE_STYLE_USAGE ( .BOTH. , #16 ) ;
#4821 = COLOUR_RGB ( '',0.5019607843137254800, 0.5019607843137254800, 0.5019607843137254800 ) ;
#4822 = DIMENSIONAL_EXPONENTS ( 1.000000000000000000, 0.0000000000000000000, 0.0000000000000000000, 0.0000000000000000000, 0.0000000000000000000, 0.0000000000000000000, 0.0000000000000000000 ) ;
#4823 = FILL_AREA_STYLE ('',( #5472 ) ) ;
#4824 = VERTEX_POINT ( 'NONE', #7271 ) ;
#4825 = EDGE_CURVE ( 'NONE', #5103, #1261, #8150, .T. ) ;
#4826 = ORIENTED_EDGE ( 'NONE', *, *, #2500, .F. ) ;
#4827 = CARTESIAN_POINT ( 'NONE',  ( -1.113042514826575200, -0.3315016303536155200, -0.3587867965644041500 ) ) ;
#4828 = DIRECTION ( 'NONE',  ( 0.0000000000000000000, 1.000000000000000000, 0.0000000000000000000 ) ) ;
#4829 = MECHANICAL_DESIGN_GEOMETRIC_PRESENTATION_REPRESENTATION (  '', ( #3013 ), #5284 ) ;
#4830 = DIRECTION ( 'NONE',  ( 1.000000000000000000, 0.0000000000000000000, 0.0000000000000000000 ) ) ;
#4831 = ORIENTED_EDGE ( 'NONE', *, *, #7778, .F. ) ;
#4832 = LENGTH_MEASURE_WITH_UNIT ( LENGTH_MEASURE( 0.02539999999999999900 ), #4874 );
#4833 = SURFACE_SIDE_STYLE ('',( #1028 ) ) ;
#4834 = EDGE_CURVE ( 'NONE', #2374, #4062, #6379, .T. ) ;
#4835 = CARTESIAN_POINT ( 'NONE',  ( -1.363287516348582500, -0.3315016303536159100, 0.2849999999999985900 ) ) ;
#4836 =( NAMED_UNIT ( * ) SI_UNIT ( $, .STERADIAN. ) SOLID_ANGLE_UNIT ( ) );
#4837 = DIRECTION ( 'NONE',  ( 1.000000000000000000, 0.0000000000000000000, 0.0000000000000000000 ) ) ;
#4838 = ORIENTED_EDGE ( 'NONE', *, *, #8726, .T. ) ;
#4839 = DIMENSIONAL_EXPONENTS ( 1.000000000000000000, 0.0000000000000000000, 0.0000000000000000000, 0.0000000000000000000, 0.0000000000000000000, 0.0000000000000000000, 0.0000000000000000000 ) ;
#4840 = FILL_AREA_STYLE_COLOUR ( '', #8100 ) ;
#4841 = UNCERTAINTY_MEASURE_WITH_UNIT (LENGTH_MEASURE( 1.000000000000000100E-005 ), #1499, 'distance_accuracy_value', 'NONE');
#4842 =( LENGTH_UNIT ( ) NAMED_UNIT ( * ) SI_UNIT ( $, .METRE. ) );
#4843 = EDGE_CURVE ( 'NONE', #1505, #6597, #7943, .T. ) ;
#4844 = STYLED_ITEM ( 'NONE', ( #4541 ), #995 ) ;
#4845 = STYLED_ITEM ( 'NONE', ( #6155 ), #7798 ) ;
#4846 = DIRECTION ( 'NONE',  ( 0.0000000000000000000, 1.000000000000000000, 0.0000000000000000000 ) ) ;
#4847 = DIRECTION ( 'NONE',  ( 2.985768325466478400E-031, -6.902532920683853300E-031, -1.000000000000000000 ) ) ;
#4848 = EDGE_CURVE ( 'NONE', #5855, #3746, #2764, .T. ) ;
#4849 = FACE_OUTER_BOUND ( 'NONE', #5541, .T. ) ;
#4850 = DIRECTION ( 'NONE',  ( -0.0000000000000000000, -0.0000000000000000000, -1.000000000000000000 ) ) ;
#4851 = SURFACE_SIDE_STYLE ('',( #3710 ) ) ;
#4852 = B_SPLINE_CURVE_WITH_KNOTS ( 'NONE', 3,
 ( #3887, #5274, #1869, #6620, #2555 ),
 .UNSPECIFIED., .F., .F.,
 ( 4, 1, 4 ),
 ( 1.213054105144097400E-007, 0.02505664465234139900, 0.05011294172686381300 ),
 .UNSPECIFIED. ) ;
#4853 = LENGTH_MEASURE_WITH_UNIT ( LENGTH_MEASURE( 0.02539999999999999900 ), #6969 );
#4855 =( NAMED_UNIT ( * ) PLANE_ANGLE_UNIT ( ) SI_UNIT ( $, .RADIAN. ) );
#4854 = CARTESIAN_POINT ( 'NONE',  ( -0.8682875163485819200, -0.3315016303536162400, -0.9299583694396620400 ) ) ;
#4856 = PRESENTATION_LAYER_ASSIGNMENT (  '', '', ( #4411 ) ) ;
#4857 =( GEOMETRIC_REPRESENTATION_CONTEXT ( 3 ) GLOBAL_UNCERTAINTY_ASSIGNED_CONTEXT ( ( #8085 ) ) GLOBAL_UNIT_ASSIGNED_CONTEXT ( ( #4076, #8791, #4763 ) ) REPRESENTATION_CONTEXT ( 'NONE', 'WORKASPACE' ) );
#4858 = FILL_AREA_STYLE ('',( #2074 ) ) ;
#4859 = EDGE_CURVE ( 'NONE', #6600, #4691, #4589, .T. ) ;
#4860 = FILL_AREA_STYLE_COLOUR ( '', #5199 ) ;
#4862 =( LENGTH_UNIT ( ) NAMED_UNIT ( * ) SI_UNIT ( $, .METRE. ) );
#4861 = FILL_AREA_STYLE ('',( #4140 ) ) ;
#4863 = CIRCLE ( 'NONE', #4210, 0.08600000000000011800 ) ;
#4864 = DIRECTION ( 'NONE',  ( -3.219989135768767200E-045, -1.000000000000000000, 2.180567848206688900E-030 ) ) ;
#4865 = AXIS2_PLACEMENT_3D ( 'NONE', #7585, #3564, #8274 ) ;
#4866 =( LENGTH_UNIT ( ) NAMED_UNIT ( * ) SI_UNIT ( $, .METRE. ) );
#4867 = COLOUR_RGB ( '',0.5019607843137254800, 0.5019607843137254800, 0.5019607843137254800 ) ;
#4868 = CARTESIAN_POINT ( 'NONE',  ( -0.7282875163485814700, -0.3315016303536163500, -0.3869583694396621100 ) ) ;
#4869 = PRESENTATION_STYLE_ASSIGNMENT (( #2365 ) ) ;
#4870 = SURFACE_STYLE_FILL_AREA ( #7157 ) ;
#4871 = EDGE_CURVE ( 'NONE', #4158, #7218, #4360, .T. ) ;
#4872 = SURFACE_STYLE_USAGE ( .BOTH. , #78 ) ;
#4873 = MECHANICAL_DESIGN_GEOMETRIC_PRESENTATION_REPRESENTATION (  '', ( #3975 ), #5336 ) ;
#4874 =( LENGTH_UNIT ( ) NAMED_UNIT ( * ) SI_UNIT ( $, .METRE. ) );
#4875 = CIRCLE ( 'NONE', #2553, 0.1227063868997186800 ) ;
#4876 = PRESENTATION_LAYER_ASSIGNMENT (  '', '', ( #4436 ) ) ;
#4877 = FILL_AREA_STYLE ('',( #7555 ) ) ;
#4878 = ORIENTED_EDGE ( 'NONE', *, *, #8195, .T. ) ;
#4879 = DIRECTION ( 'NONE',  ( 0.0000000000000000000, 0.0000000000000000000, -1.000000000000000000 ) ) ;
#4880 = SURFACE_STYLE_FILL_AREA ( #4189 ) ;
#4881 = ORIENTED_EDGE ( 'NONE', *, *, #892, .T. ) ;
#4882 = CARTESIAN_POINT ( 'NONE',  ( -0.7282875163485818000, -0.9485016303536164500, 0.2849999999999986400 ) ) ;
#4884 = CIRCLE ( 'NONE', #6409, 0.1789999999999998000 ) ;
#4883 = FACE_OUTER_BOUND ( 'NONE', #5653, .T. ) ;
#4885 = CARTESIAN_POINT ( 'NONE',  ( -0.2684280269390455500, 0.01999836964638701500, -1.274011311712594300E-015 ) ) ;
#4886 = EDGE_LOOP ( 'NONE', ( #1388, #2670 ) ) ;
#4887 = DIRECTION ( 'NONE',  ( -0.0000000000000000000, -0.0000000000000000000, 1.000000000000000000 ) ) ;
#4888 =( GEOMETRIC_REPRESENTATION_CONTEXT ( 3 ) GLOBAL_UNCERTAINTY_ASSIGNED_CONTEXT ( ( #3229 ) ) GLOBAL_UNIT_ASSIGNED_CONTEXT ( ( #5782, #1676, #6455 ) ) REPRESENTATION_CONTEXT ( 'NONE', 'WORKASPACE' ) );
#4889 =( CONVERSION_BASED_UNIT ( 'INCH', #6490 ) LENGTH_UNIT ( ) NAMED_UNIT ( #8562 ) );
#4890 = ORIENTED_EDGE ( 'NONE', *, *, #1210, .F. ) ;
#4891 =( NAMED_UNIT ( * ) PLANE_ANGLE_UNIT ( ) SI_UNIT ( $, .RADIAN. ) );
#4892 = LINE ( 'NONE', #571, #1038 ) ;
#4893 = ORIENTED_EDGE ( 'NONE', *, *, #4238, .T. ) ;
#4894 = MECHANICAL_DESIGN_GEOMETRIC_PRESENTATION_REPRESENTATION (  '', ( #3070 ), #5360 ) ;
#4895 = MECHANICAL_DESIGN_GEOMETRIC_PRESENTATION_REPRESENTATION (  '', ( #3993 ), #5361 ) ;
#4896 = ORIENTED_EDGE ( 'NONE', *, *, #6565, .T. ) ;
#4897 = DIRECTION ( 'NONE',  ( -0.0000000000000000000, -0.0000000000000000000, 1.000000000000000000 ) ) ;
#4898 = EDGE_CURVE ( 'NONE', #232, #616, #2541, .T. ) ;
#4899 = ORIENTED_EDGE ( 'NONE', *, *, #1659, .F. ) ;
#4900 =( NAMED_UNIT ( * ) SI_UNIT ( $, .STERADIAN. ) SOLID_ANGLE_UNIT ( ) );
#4901 = ORIENTED_EDGE ( 'NONE', *, *, #4848, .F. ) ;
#4902 = SURFACE_STYLE_FILL_AREA ( #2402 ) ;
#4903 = ADVANCED_FACE ( 'NONE', ( #684 ), #3306, .T. ) ;
#4904 = FILL_AREA_STYLE ('',( #2851 ) ) ;
#4905 = VERTEX_POINT ( 'NONE', #553 ) ;
#4906 = CARTESIAN_POINT ( 'NONE',  ( -0.7282875163485818000, 0.02349836964638456900, -0.9320000000000003800 ) ) ;
#4907 = DIMENSIONAL_EXPONENTS ( 1.000000000000000000, 0.0000000000000000000, 0.0000000000000000000, 0.0000000000000000000, 0.0000000000000000000, 0.0000000000000000000, 0.0000000000000000000 ) ;
#4908 = ORIENTED_EDGE ( 'NONE', *, *, #5074, .F. ) ;
#4909 = VECTOR ( 'NONE', #2752, 39.37007874015748100 ) ;
#4910 = FILL_AREA_STYLE ('',( #145 ) ) ;
#4911 = EDGE_LOOP ( 'NONE', ( #7733, #2450 ) ) ;
#4912 = AXIS2_PLACEMENT_3D ( 'NONE', #30, #2815, #7559 ) ;
#4913 = AXIS2_PLACEMENT_3D ( 'NONE', #5452, #1339, #1375 ) ;
#4914 = CARTESIAN_POINT ( 'NONE',  ( -0.7282875163485864600, -0.3315016303536168500, -1.259000000000018500 ) ) ;
#4915 = LENGTH_MEASURE_WITH_UNIT ( LENGTH_MEASURE( 0.02539999999999999900 ), #5704 );
#4916 = FACE_OUTER_BOUND ( 'NONE', #2287, .T. ) ;
#4917 = ORIENTED_EDGE ( 'NONE', *, *, #6641, .T. ) ;
#4918 = EDGE_CURVE ( 'NONE', #3787, #1602, #5101, .T. ) ;
#4920 =( LENGTH_UNIT ( ) NAMED_UNIT ( * ) SI_UNIT ( $, .METRE. ) );
#4919 =( NAMED_UNIT ( * ) SI_UNIT ( $, .STERADIAN. ) SOLID_ANGLE_UNIT ( ) );
#4921 = DIRECTION ( 'NONE',  ( -1.000000000000000000, 0.0000000000000000000, 0.0000000000000000000 ) ) ;
#4922 = ORIENTED_EDGE ( 'NONE', *, *, #7087, .F. ) ;
#4923 = LENGTH_MEASURE_WITH_UNIT ( LENGTH_MEASURE( 0.02539999999999999900 ), #8578 );
#4924 =( CONVERSION_BASED_UNIT ( 'INCH', #2301 ) LENGTH_UNIT ( ) NAMED_UNIT ( #6354 ) );
#4925 = AXIS2_PLACEMENT_3D ( 'NONE', #2112, #6247, #2184 ) ;
#4926 = SURFACE_STYLE_USAGE ( .BOTH. , #126 ) ;
#4927 = CIRCLE ( 'NONE', #2419, 0.3080726718553444300 ) ;
#4928 = SURFACE_SIDE_STYLE ('',( #2776 ) ) ;
#4929 = FILL_AREA_STYLE_COLOUR ( '', #601 ) ;
#4930 =( LENGTH_UNIT ( ) NAMED_UNIT ( * ) SI_UNIT ( $, .METRE. ) );
#4931 = MECHANICAL_DESIGN_GEOMETRIC_PRESENTATION_REPRESENTATION (  '', ( #4013 ), #5384 ) ;
#4932 = VERTEX_POINT ( 'NONE', #8007 ) ;
#4933 = LENGTH_MEASURE_WITH_UNIT ( LENGTH_MEASURE( 0.02539999999999999900 ), #5739 );
#4934 = FACE_OUTER_BOUND ( 'NONE', #7835, .T. ) ;
#4935 = EDGE_CURVE ( 'NONE', #6777, #6795, #1673, .T. ) ;
#4936 = FILL_AREA_STYLE ('',( #2878 ) ) ;
#4937 = DIRECTION ( 'NONE',  ( 0.0000000000000000000, 1.000000000000000000, 0.0000000000000000000 ) ) ;
#4938 = AXIS2_PLACEMENT_3D ( 'NONE', #5331, #1214, #6011 ) ;
#4939 = VERTEX_POINT ( 'NONE', #1246 ) ;
#4940 =( CONVERSION_BASED_UNIT ( 'INCH', #1778 ) LENGTH_UNIT ( ) NAMED_UNIT ( #1167 ) );
#4941 = CARTESIAN_POINT ( 'NONE',  ( -0.7282875163485818000, -0.3315016303536157900, -0.5249583694396620100 ) ) ;
#4942 =( NAMED_UNIT ( * ) PLANE_ANGLE_UNIT ( ) SI_UNIT ( $, .RADIAN. ) );
#4943 = DIMENSIONAL_EXPONENTS ( 1.000000000000000000, 0.0000000000000000000, 0.0000000000000000000, 0.0000000000000000000, 0.0000000000000000000, 0.0000000000000000000, 0.0000000000000000000 ) ;
#4944 = ORIENTED_EDGE ( 'NONE', *, *, #5682, .F. ) ;
#4946 = FILL_AREA_STYLE ('',( #8300 ) ) ;
#4945 = SURFACE_SIDE_STYLE ('',( #3614 ) ) ;
#4947 =( LENGTH_UNIT ( ) NAMED_UNIT ( * ) SI_UNIT ( $, .METRE. ) );
#4948 = AXIS2_PLACEMENT_3D ( 'NONE', #7742, #3726, #8426 ) ;
#4949 = CARTESIAN_POINT ( 'NONE',  ( -0.7282875163485818000, -0.3315016303536155200, 1.048844797839501900 ) ) ;
#4950 = LENGTH_MEASURE_WITH_UNIT ( LENGTH_MEASURE( 0.02539999999999999900 ), #3566 );
#4951 = ADVANCED_FACE ( 'NONE', ( #8464 ), #7614, .F. ) ;
#4952 = AXIS2_PLACEMENT_3D ( 'NONE', #2311, #4342, #3037 ) ;
#4953 = ORIENTED_EDGE ( 'NONE', *, *, #3831, .T. ) ;
#4954 = TOROIDAL_SURFACE ( 'NONE', #1343, 0.1225000000000001900, 0.03000000000000008200 ) ;
#4955 = CARTESIAN_POINT ( 'NONE',  ( -0.7282875163485818000, -0.3315016303536155200, -0.4587867965644043000 ) ) ;
#4957 = DIRECTION ( 'NONE',  ( 0.0000000000000000000, 0.0000000000000000000, -1.000000000000000000 ) ) ;
#4956 = SURFACE_SIDE_STYLE ('',( #2715 ) ) ;
#4958 = CARTESIAN_POINT ( 'NONE',  ( -0.7282875163485911200, -0.3315016303536180700, -1.278999999997706600 ) ) ;
#4959 = EDGE_CURVE ( 'NONE', #7863, #2990, #583, .T. ) ;
#4960 = SURFACE_STYLE_USAGE ( .BOTH. , #159 ) ;
#4961 = UNCERTAINTY_MEASURE_WITH_UNIT (LENGTH_MEASURE( 1.000000000000000100E-005 ), #752, 'distance_accuracy_value', 'NONE');
#4962 = CARTESIAN_POINT ( 'NONE',  ( -0.5647875163557055700, -0.3315016303536180700, -1.278999999997706600 ) ) ;
#4963 = CARTESIAN_POINT ( 'NONE',  ( -0.7282875163485818000, -0.3315016303536154600, -0.7220000000000000900 ) ) ;
#4964 = PRESENTATION_STYLE_ASSIGNMENT (( #971 ) ) ;
#4965 = FACE_OUTER_BOUND ( 'NONE', #6436, .T. ) ;
#4966 = DIRECTION ( 'NONE',  ( -0.0000000000000000000, -0.0000000000000000000, -1.000000000000000000 ) ) ;
#4967 = STYLED_ITEM ( 'NONE', ( #3349 ), #1217 ) ;
#4968 = CARTESIAN_POINT ( 'NONE',  ( -0.7282875163485911200, -0.3315016303536180700, -1.092312662477099100 ) ) ;
#4969 = PRESENTATION_LAYER_ASSIGNMENT (  '', '', ( #4524 ) ) ;
#4970 = PRESENTATION_LAYER_ASSIGNMENT (  '', '', ( #3607 ) ) ;
#4971 = UNCERTAINTY_MEASURE_WITH_UNIT (LENGTH_MEASURE( 1.000000000000000100E-005 ), #6016, 'distance_accuracy_value', 'NONE');
#4972 = DIRECTION ( 'NONE',  ( -1.774952849390946600E-032, 1.224606353822380000E-016, -1.000000000000000000 ) ) ;
#4973 = CIRCLE ( 'NONE', #4164, 0.1400000000000000100 ) ;
#4974 = LENGTH_MEASURE_WITH_UNIT ( LENGTH_MEASURE( 0.02539999999999999900 ), #3397 );
#4975 =( CONVERSION_BASED_UNIT ( 'INCH', #4101 ) LENGTH_UNIT ( ) NAMED_UNIT ( #2609 ) );
#4976 = FILL_AREA_STYLE ('',( #2930 ) ) ;
#4977 = CIRCLE ( 'NONE', #1747, 0.04700000000000006900 ) ;
#4978 =( GEOMETRIC_REPRESENTATION_CONTEXT ( 3 ) GLOBAL_UNCERTAINTY_ASSIGNED_CONTEXT ( ( #7426 ) ) GLOBAL_UNIT_ASSIGNED_CONTEXT ( ( #6423, #2349, #7084 ) ) REPRESENTATION_CONTEXT ( 'NONE', 'WORKASPACE' ) );
#4979 =( LENGTH_UNIT ( ) NAMED_UNIT ( * ) SI_UNIT ( $, .METRE. ) );
#4980 = SURFACE_SIDE_STYLE ('',( #4987 ) ) ;
#4982 = DIRECTION ( 'NONE',  ( -1.000000000000000000, 0.0000000000000000000, 0.0000000000000000000 ) ) ;
#4981 = DIRECTION ( 'NONE',  ( -7.472189016151557300E-032, -6.165649696520689200E-033, -1.000000000000000000 ) ) ;
#4983 = SURFACE_STYLE_USAGE ( .BOTH. , #195 ) ;
#4984 = COLOUR_RGB ( '',0.5019607843137254800, 0.5019607843137254800, 0.5019607843137254800 ) ;
#4985 = VECTOR ( 'NONE', #7075, 39.37007874015748900 ) ;
#4986 = MECHANICAL_DESIGN_GEOMETRIC_PRESENTATION_REPRESENTATION (  '', ( #4073 ), #5438 ) ;
#4987 = SURFACE_STYLE_FILL_AREA ( #191 ) ;
#4988 = FILL_AREA_STYLE ('',( #1507 ) ) ;
#4989 = FILL_AREA_STYLE ('',( #2945 ) ) ;
#4990 = ORIENTED_EDGE ( 'NONE', *, *, #8221, .F. ) ;
#4991 = DIRECTION ( 'NONE',  ( 0.0000000000000000000, -1.000000000000000000, -1.018395760767760200E-015 ) ) ;
#4992 = LINE ( 'NONE', #5412, #6570 ) ;
#4993 = EDGE_CURVE ( 'NONE', #7344, #166, #2432, .T. ) ;
#4994 =( NAMED_UNIT ( * ) PLANE_ANGLE_UNIT ( ) SI_UNIT ( $, .RADIAN. ) );
#4995 = ADVANCED_FACE ( 'NONE', ( #2219 ), #1555, .F. ) ;
#4996 =( NAMED_UNIT ( * ) SI_UNIT ( $, .STERADIAN. ) SOLID_ANGLE_UNIT ( ) );
#4997 = ORIENTED_EDGE ( 'NONE', *, *, #5647, .F. ) ;
#4998 = CARTESIAN_POINT ( 'NONE',  ( -0.7282875163485909000, -0.3315016303536180700, -3.282590941438460400 ) ) ;
#4999 = CYLINDRICAL_SURFACE ( 'NONE', #3991, 0.3125000000000001700 ) ;
#5000 = MECHANICAL_DESIGN_GEOMETRIC_PRESENTATION_REPRESENTATION (  '', ( #4083 ), #5454 ) ;
#5001 = EDGE_LOOP ( 'NONE', ( #410, #2797, #1377, #418 ) ) ;
#5002 = LENGTH_MEASURE_WITH_UNIT ( LENGTH_MEASURE( 0.02539999999999999900 ), #3075 );
#5004 = SURFACE_SIDE_STYLE ('',( #6642 ) ) ;
#5003 =( LENGTH_UNIT ( ) NAMED_UNIT ( * ) SI_UNIT ( $, .METRE. ) );
#5005 = ORIENTED_EDGE ( 'NONE', *, *, #8688, .T. ) ;
#5006 = CARTESIAN_POINT ( 'NONE',  ( -1.113042514826575500, -0.3315016303536155200, -0.4587867965644043000 ) ) ;
#5007 = SURFACE_STYLE_USAGE ( .BOTH. , #218 ) ;
#5008 = FACE_OUTER_BOUND ( 'NONE', #7752, .T. ) ;
#5009 = ORIENTED_EDGE ( 'NONE', *, *, #1225, .T. ) ;
#5010 = CIRCLE ( 'NONE', #8664, 0.1400000000000000100 ) ;
#5011 = CARTESIAN_POINT ( 'NONE',  ( -0.7282875163485818000, -0.3315016303536155200, 0.02223988196073611200 ) ) ;
#5012 = DIRECTION ( 'NONE',  ( -9.726753936418404900E-033, -1.224606353822377300E-016, -1.000000000000000000 ) ) ;
#5014 = CARTESIAN_POINT ( 'NONE',  ( -0.5643887494201702500, -0.2566348721071801700, -1.506503694697650200 ) ) ;
#5013 =( NAMED_UNIT ( * ) SI_UNIT ( $, .STERADIAN. ) SOLID_ANGLE_UNIT ( ) );
#5015 = ORIENTED_EDGE ( 'NONE', *, *, #152, .T. ) ;
#5016 =( GEOMETRIC_REPRESENTATION_CONTEXT ( 3 ) GLOBAL_UNCERTAINTY_ASSIGNED_CONTEXT ( ( #4126 ) ) GLOBAL_UNIT_ASSIGNED_CONTEXT ( ( #641, #5440, #1329 ) ) REPRESENTATION_CONTEXT ( 'NONE', 'WORKASPACE' ) );
#5017 = SURFACE_STYLE_USAGE ( .BOTH. , #224 ) ;
#5018 = SURFACE_SIDE_STYLE ('',( #7131 ) ) ;
#5019 = ORIENTED_EDGE ( 'NONE', *, *, #745, .F. ) ;
#5020 = ORIENTED_EDGE ( 'NONE', *, *, #2809, .T. ) ;
#5021 = PRESENTATION_STYLE_ASSIGNMENT (( #7831 ) ) ;
#5022 = STYLED_ITEM ( 'NONE', ( #989 ), #853 ) ;
#5023 = FACE_OUTER_BOUND ( 'NONE', #394, .T. ) ;
#5024 = PRESENTATION_LAYER_ASSIGNMENT (  '', '', ( #3667 ) ) ;
#5025 = EDGE_LOOP ( 'NONE', ( #823, #7513, #8828, #8279, #8383 ) ) ;
#5026 = EDGE_CURVE ( 'NONE', #1908, #2678, #8569, .T. ) ;
#5027 = VERTEX_POINT ( 'NONE', #7466 ) ;
#5028 = CARTESIAN_POINT ( 'NONE',  ( -0.8883312328502747100, -0.4090694745356474000, -1.509100132315339200 ) ) ;
#5029 = CARTESIAN_POINT ( 'NONE',  ( -0.6560360156646937200, -0.3374991838391515100, -1.546958369439662000 ) ) ;
#5030 = CARTESIAN_POINT ( 'NONE',  ( -0.3549923866539400100, -0.3315016303536155200, -0.8820000000000008900 ) ) ;
#5031 = CARTESIAN_POINT ( 'NONE',  ( -0.7282875163485818000, -0.3315016303536156800, 0.01192732814465496800 ) ) ;
#5032 = ORIENTED_EDGE ( 'NONE', *, *, #5448, .T. ) ;
#5033 = PRESENTATION_LAYER_ASSIGNMENT (  '', '', ( #4108 ) ) ;
#5034 = SURFACE_STYLE_FILL_AREA ( #518 ) ;
#5035 = MECHANICAL_DESIGN_GEOMETRIC_PRESENTATION_REPRESENTATION (  '', ( #4109 ), #5480 ) ;
#5036 = EDGE_CURVE ( 'NONE', #7318, #2260, #4992, .T. ) ;
#5038 = DIRECTION ( 'NONE',  ( -0.9488864299340638000, -0.3156177166874302200, -1.126055187715457500E-016 ) ) ;
#5037 = CARTESIAN_POINT ( 'NONE',  ( -0.7385323512156265500, -0.2596708496205704100, -1.546958369896237700 ) ) ;
#5039 = CARTESIAN_POINT ( 'NONE',  ( -0.4632875163485814500, -0.3315016303536155200, -0.8820000000000006700 ) ) ;
#5040 = PRESENTATION_LAYER_ASSIGNMENT (  '', '', ( #3687 ) ) ;
#5041 = VERTEX_POINT ( 'NONE', #4783 ) ;
#5042 = COLOUR_RGB ( '',0.5019607843137254800, 0.5019607843137254800, 0.5019607843137254800 ) ;
#5043 = ADVANCED_FACE ( 'NONE', ( #8358 ), #5734, .T. ) ;
#5044 = CARTESIAN_POINT ( 'NONE',  ( -0.7282875163485818000, -0.7115016303536160200, -0.7139482375457258900 ) ) ;
#5045 =( CONVERSION_BASED_UNIT ( 'INCH', #3725 ) LENGTH_UNIT ( ) NAMED_UNIT ( #7575 ) );
#5047 = CARTESIAN_POINT ( 'NONE',  ( -0.5606711187109305600, -0.3140035613303318600, -1.528369762075667300 ) ) ;
#5046 = SURFACE_SIDE_STYLE ('',( #981 ) ) ;
#5048 = CARTESIAN_POINT ( 'NONE',  ( -0.2684280269390455500, -0.06600163035361310300, 0.2849999999999987000 ) ) ;
#5049 = PRESENTATION_STYLE_ASSIGNMENT (( #2480 ) ) ;
#5050 = EDGE_CURVE ( 'NONE', #391, #1149, #2322, .T. ) ;
#5051 = VERTEX_POINT ( 'NONE', #5497 ) ;
#5052 = CARTESIAN_POINT ( 'NONE',  ( -1.088287516348582100, -0.3315016303536156800, 0.2339999999999986500 ) ) ;
#5053 = PRESENTATION_LAYER_ASSIGNMENT (  '', '', ( #5500 ) ) ;
#5054 =( NAMED_UNIT ( * ) SI_UNIT ( $, .STERADIAN. ) SOLID_ANGLE_UNIT ( ) );
#5055 = CARTESIAN_POINT ( 'NONE',  ( -0.8983351785122337700, -0.3540111040229158600, -1.519337532947124400 ) ) ;
#5056 = SURFACE_SIDE_STYLE ('',( #3550 ) ) ;
#5057 = ORIENTED_EDGE ( 'NONE', *, *, #3173, .T. ) ;
#5058 = FILL_AREA_STYLE ('',( #2313 ) ) ;
#5059 = DIRECTION ( 'NONE',  ( 1.000000000000000000, 0.0000000000000000000, 4.811513434270445100E-032 ) ) ;
#5060 = SURFACE_STYLE_FILL_AREA ( #4571 ) ;
#5061 =( NAMED_UNIT ( * ) SI_UNIT ( $, .STERADIAN. ) SOLID_ANGLE_UNIT ( ) );
#5062 = CIRCLE ( 'NONE', #4749, 0.3550000000000000400 ) ;
#5063 = CARTESIAN_POINT ( 'NONE',  ( -0.7282875163485813500, -0.3315016303536163500, -0.5169583694396621100 ) ) ;
#5064 = MECHANICAL_DESIGN_GEOMETRIC_PRESENTATION_REPRESENTATION (  '', ( #3255 ), #5512 ) ;
#5065 = UNCERTAINTY_MEASURE_WITH_UNIT (LENGTH_MEASURE( 1.000000000000000100E-005 ), #4312, 'distance_accuracy_value', 'NONE');
#5066 = SURFACE_SIDE_STYLE ('',( #5168 ) ) ;
#5067 = DIRECTION ( 'NONE',  ( -0.0000000000000000000, -0.0000000000000000000, -1.000000000000000000 ) ) ;
#5068 = AXIS2_PLACEMENT_3D ( 'NONE', #1531, #2249, #7012 ) ;
#5069 =( GEOMETRIC_REPRESENTATION_CONTEXT ( 3 ) GLOBAL_UNCERTAINTY_ASSIGNED_CONTEXT ( ( #1376 ) ) GLOBAL_UNIT_ASSIGNED_CONTEXT ( ( #5796, #1697, #6466 ) ) REPRESENTATION_CONTEXT ( 'NONE', 'WORKASPACE' ) );
#5070 = DIRECTION ( 'NONE',  ( 9.726753936418404900E-033, 1.224606353822377300E-016, 1.000000000000000000 ) ) ;
#5072 = DIRECTION ( 'NONE',  ( 0.0000000000000000000, 1.000000000000000000, 0.0000000000000000000 ) ) ;
#5071 = FILL_AREA_STYLE_COLOUR ( '', #1951 ) ;
#5073 = FILL_AREA_STYLE_COLOUR ( '', #5853 ) ;
#5074 = EDGE_CURVE ( 'NONE', #3746, #5855, #7502, .T. ) ;
#5075 = COLOUR_RGB ( '',0.5019607843137254800, 0.5019607843137254800, 0.5019607843137254800 ) ;
#5076 = UNCERTAINTY_MEASURE_WITH_UNIT (LENGTH_MEASURE( 1.000000000000000100E-005 ), #3815, 'distance_accuracy_value', 'NONE');
#5077 =( CONVERSION_BASED_UNIT ( 'INCH', #7445 ) LENGTH_UNIT ( ) NAMED_UNIT ( #1263 ) );
#5078 = STYLED_ITEM ( 'NONE', ( #844 ), #1527 ) ;
#5079 =( NAMED_UNIT ( * ) PLANE_ANGLE_UNIT ( ) SI_UNIT ( $, .RADIAN. ) );
#5080 = AXIS2_PLACEMENT_3D ( 'NONE', #413, #1289, #6075 ) ;
#5081 = PRESENTATION_LAYER_ASSIGNMENT (  '', '', ( #4640 ) ) ;
#5082 = ADVANCED_FACE ( 'NONE', ( #3928 ), #6467, .F. ) ;
#5083 = PLANE ( 'NONE',  #8106 ) ;
#5084 = EDGE_CURVE ( 'NONE', #2881, #2055, #8245, .T. ) ;
#5085 = CIRCLE ( 'NONE', #4677, 0.08600000000000010400 ) ;
#5086 = COLOUR_RGB ( '',0.5019607843137254800, 0.5019607843137254800, 0.5019607843137254800 ) ;
#5087 = CYLINDRICAL_SURFACE ( 'NONE', #3894, 0.1526804222532867900 ) ;
#5089 = DIRECTION ( 'NONE',  ( -0.0000000000000000000, 0.0000000000000000000, 1.000000000000000000 ) ) ;
#5088 = CARTESIAN_POINT ( 'NONE',  ( -0.7282875163485818000, -0.3315016303536155200, -0.3587867965644041500 ) ) ;
#5090 = SURFACE_STYLE_USAGE ( .BOTH. , #297 ) ;
#5091 = PRESENTATION_LAYER_ASSIGNMENT (  '', '', ( #4654 ) ) ;
#5092 = COLOUR_RGB ( '',0.5019607843137254800, 0.5019607843137254800, 0.5019607843137254800 ) ;
#5093 = COLOUR_RGB ( '',0.5019607843137254800, 0.5019607843137254800, 0.5019607843137254800 ) ;
#5094 = DIRECTION ( 'NONE',  ( 5.488649147188717800E-016, -0.0000000000000000000, 1.000000000000000000 ) ) ;
#5095 = ORIENTED_EDGE ( 'NONE', *, *, #3886, .T. ) ;
#5096 = CARTESIAN_POINT ( 'NONE',  ( -0.7282875163485818000, -0.5815016303536153500, -1.212000000000000000 ) ) ;
#5097 = CARTESIAN_POINT ( 'NONE',  ( -0.7282875163485818000, -0.8625016303536163800, -1.434220196673738200E-015 ) ) ;
#5098 = CARTESIAN_POINT ( 'NONE',  ( -0.4052148444932375800, -0.3315016303536154600, 0.01192732814465496800 ) ) ;
#5099 = STYLED_ITEM ( 'NONE', ( #1984 ), #2850 ) ;
#5100 = ORIENTED_EDGE ( 'NONE', *, *, #7191, .T. ) ;
#5101 = LINE ( 'NONE', #5362, #6876 ) ;
#5102 = CYLINDRICAL_SURFACE ( 'NONE', #5693, 0.03750000000000029700 ) ;
#5103 = VERTEX_POINT ( 'NONE', #8224 ) ;
#5104 = CARTESIAN_POINT ( 'NONE',  ( -0.7282875163485818000, -0.3315016303536155200, 0.02223988196073611200 ) ) ;
#5105 = ORIENTED_EDGE ( 'NONE', *, *, #7169, .T. ) ;
#5106 = SURFACE_STYLE_USAGE ( .BOTH. , #307 ) ;
#5107 = CYLINDRICAL_SURFACE ( 'NONE', #7320, 0.2499999999999998100 ) ;
#5108 = DIRECTION ( 'NONE',  ( -1.774952849390946600E-032, 1.224606353822380000E-016, -1.000000000000000000 ) ) ;
#5109 = ORIENTED_EDGE ( 'NONE', *, *, #4871, .F. ) ;
#5110 =( CONVERSION_BASED_UNIT ( 'INCH', #7429 ) LENGTH_UNIT ( ) NAMED_UNIT ( #1085 ) );
#5111 = ORIENTED_EDGE ( 'NONE', *, *, #7176, .T. ) ;
#5112 =( LENGTH_UNIT ( ) NAMED_UNIT ( * ) SI_UNIT ( $, .METRE. ) );
#5113 = CARTESIAN_POINT ( 'NONE',  ( -0.7182820955463820000, -0.3774242996420067400, -1.599000000000018600 ) ) ;
#5114 = ORIENTED_EDGE ( 'NONE', *, *, #880, .T. ) ;
#5115 = UNCERTAINTY_MEASURE_WITH_UNIT (LENGTH_MEASURE( 1.000000000000000100E-005 ), #4216, 'distance_accuracy_value', 'NONE');
#5116 = DIRECTION ( 'NONE',  ( -7.472189016151557300E-032, -6.165649696520689200E-033, -1.000000000000000000 ) ) ;
#5117 = EDGE_LOOP ( 'NONE', ( #3209, #5111, #2791, #917 ) ) ;
#5118 = MECHANICAL_DESIGN_GEOMETRIC_PRESENTATION_REPRESENTATION (  '', ( #4194 ), #5568 ) ;
#5119 = CIRCLE ( 'NONE', #5237, 0.1384999999970296900 ) ;
#5120 = ORIENTED_EDGE ( 'NONE', *, *, #1881, .F. ) ;
#5121 = EDGE_CURVE ( 'NONE', #5726, #4594, #4875, .T. ) ;
#5122 = CARTESIAN_POINT ( 'NONE',  ( -0.7282875163485818000, -0.3315016303536155200, 1.048844797839501900 ) ) ;
#5123 = CARTESIAN_POINT ( 'NONE',  ( -0.7282875163485818000, -0.3315016303536155200, -0.8820000000000006700 ) ) ;
#5124 = VERTEX_POINT ( 'NONE', #5559 ) ;
#5125 = FACE_BOUND ( 'NONE', #5265, .T. ) ;
#5126 = ADVANCED_FACE ( 'NONE', ( #1219, #3067 ), #6897, .T. ) ;
#5127 = DIRECTION ( 'NONE',  ( 1.000000000000000000, 0.0000000000000000000, -3.847673230513058200E-016 ) ) ;
#5129 = DIRECTION ( 'NONE',  ( 0.0000000000000000000, 0.0000000000000000000, -1.000000000000000000 ) ) ;
#5128 = DIRECTION ( 'NONE',  ( -5.389556073798634900E-015, -1.412857278674264800E-015, -1.000000000000000000 ) ) ;
#5130 = AXIS2_PLACEMENT_3D ( 'NONE', #7139, #7794, #2416 ) ;
#5131 = CARTESIAN_POINT ( 'NONE',  ( -0.6558056588733798300, -0.3302668872048959400, -1.546958369407700700 ) ) ;
#5132 = EDGE_LOOP ( 'NONE', ( #2360, #7114, #5213, #1080 ) ) ;
#5133 = LENGTH_MEASURE_WITH_UNIT ( LENGTH_MEASURE( 0.02539999999999999900 ), #3384 );
#5134 = AXIS2_PLACEMENT_3D ( 'NONE', #3446, #2062, #6837 ) ;
#5135 =( GEOMETRIC_REPRESENTATION_CONTEXT ( 3 ) GLOBAL_UNCERTAINTY_ASSIGNED_CONTEXT ( ( #1000 ) ) GLOBAL_UNIT_ASSIGNED_CONTEXT ( ( #6742, #2691, #7407 ) ) REPRESENTATION_CONTEXT ( 'NONE', 'WORKASPACE' ) );
#5136 = AXIS2_PLACEMENT_3D ( 'NONE', #4664, #1259, #8747 ) ;
#5137 =( LENGTH_UNIT ( ) NAMED_UNIT ( * ) SI_UNIT ( $, .METRE. ) );
#5138 = COLOUR_RGB ( '',0.5019607843137254800, 0.5019607843137254800, 0.5019607843137254800 ) ;
#5139 = FILL_AREA_STYLE ('',( #4457 ) ) ;
#5140 = ORIENTED_EDGE ( 'NONE', *, *, #4959, .F. ) ;
#5141 = FACE_OUTER_BOUND ( 'NONE', #5744, .T. ) ;
#5142 = VECTOR ( 'NONE', #345, 39.37007874015748100 ) ;
#5143 = DIRECTION ( 'NONE',  ( 2.915594446626999200E-032, 5.323731010893191500E-032, -1.000000000000000000 ) ) ;
#5144 = ADVANCED_FACE ( 'NONE', ( #4023, #2209 ), #813, .T. ) ;
#5145 = DIRECTION ( 'NONE',  ( 0.0000000000000000000, 1.000000000000000000, 0.0000000000000000000 ) ) ;
#5146 = CARTESIAN_POINT ( 'NONE',  ( -0.7282875163485816900, -0.3315016303536152400, -0.9504697936969798100 ) ) ;
#5147 =( GEOMETRIC_REPRESENTATION_CONTEXT ( 3 ) GLOBAL_UNCERTAINTY_ASSIGNED_CONTEXT ( ( #3375 ) ) GLOBAL_UNIT_ASSIGNED_CONTEXT ( ( #2194, #6938, #2890 ) ) REPRESENTATION_CONTEXT ( 'NONE', 'WORKASPACE' ) );
#5148 = COLOUR_RGB ( '',0.5019607843137254800, 0.5019607843137254800, 0.5019607843137254800 ) ;
#5149 = ORIENTED_EDGE ( 'NONE', *, *, #2478, .F. ) ;
#5150 = CYLINDRICAL_SURFACE ( 'NONE', #6508, 0.1560000000000000600 ) ;
#5151 = DIRECTION ( 'NONE',  ( 5.389556073798634900E-015, 1.412857278674264800E-015, 1.000000000000000000 ) ) ;
#5152 = DIRECTION ( 'NONE',  ( -9.711944615174957000E-017, 7.459504271329832500E-017, 1.000000000000000000 ) ) ;
#5153 = PRESENTATION_LAYER_ASSIGNMENT (  '', '', ( #3795 ) ) ;
#5154 =( NAMED_UNIT ( * ) SI_UNIT ( $, .STERADIAN. ) SOLID_ANGLE_UNIT ( ) );
#5155 = ORIENTED_EDGE ( 'NONE', *, *, #3926, .F. ) ;
#5156 = PRESENTATION_STYLE_ASSIGNMENT (( #3394 ) ) ;
#5157 = CARTESIAN_POINT ( 'NONE',  ( -0.7282875163485818000, -0.3315016303536155200, -0.5050000000000006700 ) ) ;
#5159 = DIRECTION ( 'NONE',  ( 5.389556073798635700E-015, 1.412857278674264800E-015, 1.000000000000000000 ) ) ;
#5158 =( NAMED_UNIT ( * ) SI_UNIT ( $, .STERADIAN. ) SOLID_ANGLE_UNIT ( ) );
#5160 = CARTESIAN_POINT ( 'NONE',  ( -0.7133793002928775500, -0.2604092620886359600, -1.546958360069613100 ) ) ;
#5161 = EDGE_CURVE ( 'NONE', #6050, #2861, #3178, .T. ) ;
#5162 = CARTESIAN_POINT ( 'NONE',  ( -0.2684280269390437700, -0.6830016303536151600, -1.321244282268455700E-015 ) ) ;
#5163 = ORIENTED_EDGE ( 'NONE', *, *, #594, .F. ) ;
#5164 = AXIS2_PLACEMENT_3D ( 'NONE', #4077, #8792, #4764 ) ;
#5165 = STYLED_ITEM ( 'NONE', ( #3001 ), #3717 ) ;
#5166 = DIRECTION ( 'NONE',  ( 0.0000000000000000000, 8.986342084421900500E-017, -1.000000000000000000 ) ) ;
#5167 = ADVANCED_FACE ( 'NONE', ( #1322 ), #3923, .T. ) ;
#5168 = SURFACE_STYLE_FILL_AREA ( #263 ) ;
#5169 = CARTESIAN_POINT ( 'NONE',  ( -0.5536682944499465900, -0.2977542010258791300, -1.568899867684697700 ) ) ;
#5170 =( NAMED_UNIT ( * ) PLANE_ANGLE_UNIT ( ) SI_UNIT ( $, .RADIAN. ) );
#5171 = DIRECTION ( 'NONE',  ( 1.000000000000000000, 0.0000000000000000000, 8.784077150085081900E-016 ) ) ;
#5172 = FILL_AREA_STYLE ('',( #380 ) ) ;
#5173 = DIRECTION ( 'NONE',  ( 0.0000000000000000000, 0.0000000000000000000, 1.000000000000000000 ) ) ;
#5174 = AXIS2_PLACEMENT_3D ( 'NONE', #6618, #2551, #7294 ) ;
#5175 = DIMENSIONAL_EXPONENTS ( 1.000000000000000000, 0.0000000000000000000, 0.0000000000000000000, 0.0000000000000000000, 0.0000000000000000000, 0.0000000000000000000, 0.0000000000000000000 ) ;
#5176 = DIRECTION ( 'NONE',  ( 2.915594446626999200E-032, 5.323731010893191500E-032, -1.000000000000000000 ) ) ;
#5177 = MECHANICAL_DESIGN_GEOMETRIC_PRESENTATION_REPRESENTATION (  '', ( #3369 ), #5643 ) ;
#5178 = MECHANICAL_DESIGN_GEOMETRIC_PRESENTATION_REPRESENTATION (  '', ( #4268 ), #5644 ) ;
#5179 = FILL_AREA_STYLE ('',( #8540 ) ) ;
#5180 = DIRECTION ( 'NONE',  ( 9.726753936418404900E-033, 1.224606353822377300E-016, 1.000000000000000000 ) ) ;
#5181 = ADVANCED_FACE ( 'NONE', ( #4117 ), #8445, .T. ) ;
#5182 = EDGE_CURVE ( 'NONE', #4617, #3400, #6859, .T. ) ;
#5183 = SURFACE_STYLE_USAGE ( .BOTH. , #395 ) ;
#5184 = FILL_AREA_STYLE ('',( #3838 ) ) ;
#5185 = DIRECTION ( 'NONE',  ( -1.000000000000000000, 0.0000000000000000000, 0.0000000000000000000 ) ) ;
#5186 = DIRECTION ( 'NONE',  ( 9.726753936418404900E-033, 1.224606353822377300E-016, 1.000000000000000000 ) ) ;
#5187 = CIRCLE ( 'NONE', #4229, 0.3750000000000004400 ) ;
#5188 =( LENGTH_UNIT ( ) NAMED_UNIT ( * ) SI_UNIT ( $, .METRE. ) );
#5189 = MECHANICAL_DESIGN_GEOMETRIC_PRESENTATION_REPRESENTATION (  '', ( #3376 ), #5661 ) ;
#5190 = AXIS2_PLACEMENT_3D ( 'NONE', #7645, #3617, #8326 ) ;
#5191 = FACE_OUTER_BOUND ( 'NONE', #7313, .T. ) ;
#5192 = CYLINDRICAL_SURFACE ( 'NONE', #7221, 0.1174999999999999100 ) ;
#5193 = CARTESIAN_POINT ( 'NONE',  ( -0.7282875163485818000, -0.3315016303536151800, -1.092458369440933800 ) ) ;
#5194 = EDGE_CURVE ( 'NONE', #1586, #7396, #5085, .T. ) ;
#5195 = CARTESIAN_POINT ( 'NONE',  ( -0.5786357784946357700, -0.2476729886523468800, -1.558662467052911900 ) ) ;
#5196 = DIRECTION ( 'NONE',  ( -1.000000000000000000, 0.0000000000000000000, 0.0000000000000000000 ) ) ;
#5197 = SURFACE_STYLE_USAGE ( .BOTH. , #412 ) ;
#5198 = ORIENTED_EDGE ( 'NONE', *, *, #73, .F. ) ;
#5199 = COLOUR_RGB ( '',0.5019607843137254800, 0.5019607843137254800, 0.5019607843137254800 ) ;
#5200 = PRESENTATION_LAYER_ASSIGNMENT (  '', '', ( #4757 ) ) ;
#5201 = PRESENTATION_STYLE_ASSIGNMENT (( #3797 ) ) ;
#5202 = FILL_AREA_STYLE ('',( #8557 ) ) ;
#5203 = ORIENTED_EDGE ( 'NONE', *, *, #6384, .T. ) ;
#5204 = CARTESIAN_POINT ( 'NONE',  ( -0.5492875163485913000, -0.3315016303536181300, -1.704000000000018200 ) ) ;
#5205 = EDGE_LOOP ( 'NONE', ( #7638, #2351, #7052, #4922 ) ) ;
#5206 = PRESENTATION_STYLE_ASSIGNMENT (( #659 ) ) ;
#5207 = ORIENTED_EDGE ( 'NONE', *, *, #5194, .T. ) ;
#5209 = DIRECTION ( 'NONE',  ( 0.0000000000000000000, 1.000000000000000000, 0.0000000000000000000 ) ) ;
#5208 = VECTOR ( 'NONE', #1695, 39.37007874015748100 ) ;
#5210 = EDGE_CURVE ( 'NONE', #4691, #3252, #1430, .T. ) ;
#5211 = FILL_AREA_STYLE_COLOUR ( '', #5365 ) ;
#5212 = CARTESIAN_POINT ( 'NONE',  ( -0.8624125833856218800, -0.3315016303536152400, -1.144181362094663300 ) ) ;
#5213 = ORIENTED_EDGE ( 'NONE', *, *, #2156, .T. ) ;
#5214 = MECHANICAL_DESIGN_GEOMETRIC_PRESENTATION_REPRESENTATION (  '', ( #4309 ), #5685 ) ;
#5215 = VERTEX_POINT ( 'NONE', #5162 ) ;
#5216 = ORIENTED_EDGE ( 'NONE', *, *, #7063, .F. ) ;
#5217 = DIRECTION ( 'NONE',  ( -0.5931191651358708200, 7.263614870965946400E-017, 0.8051146849663888300 ) ) ;
#5218 = DIRECTION ( 'NONE',  ( -1.000000000000000000, 0.0000000000000000000, 0.0000000000000000000 ) ) ;
#5219 = DIMENSIONAL_EXPONENTS ( 1.000000000000000000, 0.0000000000000000000, 0.0000000000000000000, 0.0000000000000000000, 0.0000000000000000000, 0.0000000000000000000, 0.0000000000000000000 ) ;
#5220 = ORIENTED_EDGE ( 'NONE', *, *, #4834, .F. ) ;
#5221 = UNCERTAINTY_MEASURE_WITH_UNIT (LENGTH_MEASURE( 1.000000000000000100E-005 ), #6129, 'distance_accuracy_value', 'NONE');
#5222 =( NAMED_UNIT ( * ) SI_UNIT ( $, .STERADIAN. ) SOLID_ANGLE_UNIT ( ) );
#5223 = ORIENTED_EDGE ( 'NONE', *, *, #250, .F. ) ;
#5224 = SURFACE_STYLE_USAGE ( .BOTH. , #435 ) ;
#5225 = DIRECTION ( 'NONE',  ( 1.000000000000000000, 0.0000000000000000000, 0.0000000000000000000 ) ) ;
#5226 = CIRCLE ( 'NONE', #7650, 0.09249999999999997100 ) ;
#5227 = PRESENTATION_STYLE_ASSIGNMENT (( #5281 ) ) ;
#5228 = VERTEX_POINT ( 'NONE', #2453 ) ;
#5229 = ADVANCED_FACE ( 'NONE', ( #6659 ), #7596, .T. ) ;
#5230 = CARTESIAN_POINT ( 'NONE',  ( -0.9035987246704837400, -0.3925210999944781500, -1.576505185652134600 ) ) ;
#5231 = ORIENTED_EDGE ( 'NONE', *, *, #2978, .F. ) ;
#5232 = CYLINDRICAL_SURFACE ( 'NONE', #6705, 0.4039887411820212200 ) ;
#5233 = FILL_AREA_STYLE_COLOUR ( '', #1198 ) ;
#5234 = STYLED_ITEM ( 'NONE', ( #8255 ), #4420 ) ;
#5235 = UNCERTAINTY_MEASURE_WITH_UNIT (LENGTH_MEASURE( 1.000000000000000100E-005 ), #3238, 'distance_accuracy_value', 'NONE');
#5236 = COLOUR_RGB ( '',0.5019607843137254800, 0.5019607843137254800, 0.5019607843137254800 ) ;
#5237 = AXIS2_PLACEMENT_3D ( 'NONE', #6883, #2839, #7560 ) ;
#5238 = COLOUR_RGB ( '',0.5019607843137254800, 0.5019607843137254800, 0.5019607843137254800 ) ;
#5240 = CARTESIAN_POINT ( 'NONE',  ( -0.7282875163485818000, -0.9965016303536166100, 0.2549999999999984500 ) ) ;
#5239 = AXIS2_PLACEMENT_3D ( 'NONE', #809, #847, #5649 ) ;
#5241 = EDGE_CURVE ( 'NONE', #4691, #2381, #5829, .T. ) ;
#5242 = VERTEX_POINT ( 'NONE', #8574 ) ;
#5243 = PRESENTATION_STYLE_ASSIGNMENT (( #5106 ) ) ;
#5244 = DIRECTION ( 'NONE',  ( 0.0000000000000000000, 1.000000000000000000, 0.0000000000000000000 ) ) ;
#5245 = ORIENTED_EDGE ( 'NONE', *, *, #2739, .F. ) ;
#5246 = CARTESIAN_POINT ( 'NONE',  ( -0.7282875163485818000, -0.3315016303536157900, -1.546958369439662000 ) ) ;
#5247 =( NAMED_UNIT ( * ) PLANE_ANGLE_UNIT ( ) SI_UNIT ( $, .RADIAN. ) );
#5248 =( LENGTH_UNIT ( ) NAMED_UNIT ( * ) SI_UNIT ( $, .METRE. ) );
#5249 = LINE ( 'NONE', #4008, #3435 ) ;
#5250 = CYLINDRICAL_SURFACE ( 'NONE', #2046, 0.05250000000000005400 ) ;
#5251 = COLOUR_RGB ( '',0.5019607843137254800, 0.5019607843137254800, 0.5019607843137254800 ) ;
#5252 = AXIS2_PLACEMENT_3D ( 'NONE', #3156, #7866, #3841 ) ;
#5253 = ORIENTED_EDGE ( 'NONE', *, *, #5826, .T. ) ;
#5254 = AXIS2_PLACEMENT_3D ( 'NONE', #5805, #1710, #6476 ) ;
#5255 = LINE ( 'NONE', #8431, #4180 ) ;
#5256 =( GEOMETRIC_REPRESENTATION_CONTEXT ( 3 ) GLOBAL_UNCERTAINTY_ASSIGNED_CONTEXT ( ( #3771 ) ) GLOBAL_UNIT_ASSIGNED_CONTEXT ( ( #1650, #6431, #2359 ) ) REPRESENTATION_CONTEXT ( 'NONE', 'WORKASPACE' ) );
#5257 =( NAMED_UNIT ( * ) PLANE_ANGLE_UNIT ( ) SI_UNIT ( $, .RADIAN. ) );
#5258 = EDGE_CURVE ( 'NONE', #227, #8782, #4015, .T. ) ;
#5259 = SURFACE_SIDE_STYLE ('',( #8465 ) ) ;
#5260 = COLOUR_RGB ( '',0.5019607843137254800, 0.5019607843137254800, 0.5019607843137254800 ) ;
#5261 = DIRECTION ( 'NONE',  ( -9.726753936418404900E-033, -1.224606353822377300E-016, -1.000000000000000000 ) ) ;
#5262 = DIMENSIONAL_EXPONENTS ( 1.000000000000000000, 0.0000000000000000000, 0.0000000000000000000, 0.0000000000000000000, 0.0000000000000000000, 0.0000000000000000000, 0.0000000000000000000 ) ;
#5263 = FACE_OUTER_BOUND ( 'NONE', #3298, .T. ) ;
#5264 = CARTESIAN_POINT ( 'NONE',  ( -0.7997847100553300300, -0.3441753830458604300, -1.546958361773870900 ) ) ;
#5265 = EDGE_LOOP ( 'NONE', ( #7671, #90 ) ) ;
#5266 = LINE ( 'NONE', #2771, #1618 ) ;
#5267 = DIRECTION ( 'NONE',  ( 9.726753936418404900E-033, 1.224606353822377300E-016, 1.000000000000000000 ) ) ;
#5268 = DIRECTION ( 'NONE',  ( 0.0000000000000000000, 1.000000000000000000, 0.0000000000000000000 ) ) ;
#5269 = AXIS2_PLACEMENT_3D ( 'NONE', #3961, #8662, #4652 ) ;
#5270 = COLOUR_RGB ( '',0.5019607843137254800, 0.5019607843137254800, 0.5019607843137254800 ) ;
#5271 = ORIENTED_EDGE ( 'NONE', *, *, #1210, .T. ) ;
#5272 = SURFACE_STYLE_FILL_AREA ( #5202 ) ;
#5273 =( GEOMETRIC_REPRESENTATION_CONTEXT ( 3 ) GLOBAL_UNCERTAINTY_ASSIGNED_CONTEXT ( ( #2059 ) ) GLOBAL_UNIT_ASSIGNED_CONTEXT ( ( #1562, #6346, #2274 ) ) REPRESENTATION_CONTEXT ( 'NONE', 'WORKASPACE' ) );
#5274 = CARTESIAN_POINT ( 'NONE',  ( -0.8006110242552101400, -0.3265023549923848400, -1.546958369427617700 ) ) ;
#5275 = DIRECTION ( 'NONE',  ( 1.000000000000000000, 0.0000000000000000000, 9.711944615174957000E-017 ) ) ;
#5276 = ADVANCED_FACE ( 'NONE', ( #360 ), #430, .F. ) ;
#5277 = FACE_BOUND ( 'NONE', #1152, .T. ) ;
#5278 = EDGE_CURVE ( 'NONE', #5535, #8669, #8339, .T. ) ;
#5279 = CYLINDRICAL_SURFACE ( 'NONE', #7222, 0.1400000000000000100 ) ;
#5280 = DIRECTION ( 'NONE',  ( 8.659560562354953800E-017, -0.7071067811865493500, -0.7071067811865455700 ) ) ;
#5281 = SURFACE_STYLE_USAGE ( .BOTH. , #486 ) ;
#5282 = VECTOR ( 'NONE', #6180, 39.37007874015748100 ) ;
#5283 = CARTESIAN_POINT ( 'NONE',  ( -0.7282875163485818000, -0.3315016303536155200, -0.9670000000000006400 ) ) ;
#5284 =( GEOMETRIC_REPRESENTATION_CONTEXT ( 3 ) GLOBAL_UNCERTAINTY_ASSIGNED_CONTEXT ( ( #2853 ) ) GLOBAL_UNIT_ASSIGNED_CONTEXT ( ( #6086, #2007, #6756 ) ) REPRESENTATION_CONTEXT ( 'NONE', 'WORKASPACE' ) );
#5285 = SURFACE_SIDE_STYLE ('',( #5567 ) ) ;
#5286 = EDGE_CURVE ( 'NONE', #4243, #3636, #4977, .T. ) ;
#5287 = DIRECTION ( 'NONE',  ( -5.389556073798635700E-015, -1.412857278674264800E-015, -1.000000000000000000 ) ) ;
#5288 = LENGTH_MEASURE_WITH_UNIT ( LENGTH_MEASURE( 0.02539999999999999900 ), #2660 );
#5289 = DIRECTION ( 'NONE',  ( -9.726753936418404900E-033, -1.224606353822377300E-016, -1.000000000000000000 ) ) ;
#5290 = STYLED_ITEM ( 'NONE', ( #5620 ), #5144 ) ;
#5291 = SURFACE_STYLE_USAGE ( .BOTH. , #500 ) ;
#5292 = DIMENSIONAL_EXPONENTS ( 1.000000000000000000, 0.0000000000000000000, 0.0000000000000000000, 0.0000000000000000000, 0.0000000000000000000, 0.0000000000000000000, 0.0000000000000000000 ) ;
#5293 = EDGE_CURVE ( 'NONE', #6803, #5383, #6560, .T. ) ;
#5294 = AXIS2_PLACEMENT_3D ( 'NONE', #6049, #1972, #6729 ) ;
#5295 = PRESENTATION_LAYER_ASSIGNMENT (  '', '', ( #4845 ) ) ;
#5296 =( LENGTH_UNIT ( ) NAMED_UNIT ( * ) SI_UNIT ( $, .METRE. ) );
#5297 = DIRECTION ( 'NONE',  ( 0.0000000000000000000, 0.0000000000000000000, -1.000000000000000000 ) ) ;
#5298 = EDGE_CURVE ( 'NONE', #1348, #7986, #1315, .T. ) ;
#5299 = LINE ( 'NONE', #7617, #6142 ) ;
#5300 = FACE_OUTER_BOUND ( 'NONE', #6397, .T. ) ;
#5301 = PRESENTATION_STYLE_ASSIGNMENT (( #6183 ) ) ;
#5302 = DIRECTION ( 'NONE',  ( 0.0000000000000000000, -1.000000000000000000, 1.059104602806866400E-016 ) ) ;
#5303 = ORIENTED_EDGE ( 'NONE', *, *, #3310, .T. ) ;
#5304 = DIRECTION ( 'NONE',  ( 1.000000000000000000, 0.0000000000000000000, 0.0000000000000000000 ) ) ;
#5305 = CARTESIAN_POINT ( 'NONE',  ( -0.7282875163485818000, -0.3315016303536156800, 0.02999999999999872200 ) ) ;
#5306 = DIMENSIONAL_EXPONENTS ( 1.000000000000000000, 0.0000000000000000000, 0.0000000000000000000, 0.0000000000000000000, 0.0000000000000000000, 0.0000000000000000000, 0.0000000000000000000 ) ;
#5307 = SURFACE_STYLE_USAGE ( .BOTH. , #511 ) ;
#5308 = VERTEX_POINT ( 'NONE', #6629 ) ;
#5309 = LENGTH_MEASURE_WITH_UNIT ( LENGTH_MEASURE( 0.02539999999999999900 ), #690 );
#5310 = PRESENTATION_STYLE_ASSIGNMENT (( #3541 ) ) ;
#5311 = DIRECTION ( 'NONE',  ( 0.0000000000000000000, 0.0000000000000000000, -1.000000000000000000 ) ) ;
#5312 = MECHANICAL_DESIGN_GEOMETRIC_PRESENTATION_REPRESENTATION (  '', ( #4411 ), #5776 ) ;
#5313 = AXIS2_PLACEMENT_3D ( 'NONE', #8139, #4102, #8824 ) ;
#5314 = EDGE_LOOP ( 'NONE', ( #4579, #5447, #8687, #6785 ) ) ;
#5315 = LENGTH_MEASURE_WITH_UNIT ( LENGTH_MEASURE( 0.02539999999999999900 ), #8750 );
#5316 = PRESENTATION_STYLE_ASSIGNMENT (( #3976 ) ) ;
#5317 = ADVANCED_FACE ( 'NONE', ( #1114 ), #5499, .F. ) ;
#5318 = SURFACE_SIDE_STYLE ('',( #5034 ) ) ;
#5319 = CLOSED_SHELL ( 'NONE', ( #6598, #5904, #7867, #8430, #5043, #898, #8543, #995, #3036, #6934, #8712, #7216, #3068, #6970, #8098, #1268, #3717, #8628, #5613, #4420, #6639, #853, #6519, #6111, #5799, #8015, #1580, #1102, #748, #4462, #6680, #230, #2506, #2175, #3126, #4705 ) ) ;
#5320 = ORIENTED_EDGE ( 'NONE', *, *, #471, .F. ) ;
#5321 = CARTESIAN_POINT ( 'NONE',  ( -0.5847875163485813900, -0.3315016303536163500, -0.4619583694396621800 ) ) ;
#5322 = AXIS2_PLACEMENT_3D ( 'NONE', #3522, #8240, #4195 ) ;
#5323 = ORIENTED_EDGE ( 'NONE', *, *, #6319, .F. ) ;
#5324 = FACE_BOUND ( 'NONE', #5878, .T. ) ;
#5325 = DIRECTION ( 'NONE',  ( 0.0000000000000000000, 0.0000000000000000000, 1.000000000000000000 ) ) ;
#5326 = ORIENTED_EDGE ( 'NONE', *, *, #5870, .T. ) ;
#5327 = PRESENTATION_STYLE_ASSIGNMENT (( #2938 ) ) ;
#5328 = ORIENTED_EDGE ( 'NONE', *, *, #7063, .T. ) ;
#5329 = DIRECTION ( 'NONE',  ( 0.0000000000000000000, 0.0000000000000000000, -1.000000000000000000 ) ) ;
#5330 = EDGE_CURVE ( 'NONE', #1149, #606, #251, .T. ) ;
#5331 = CARTESIAN_POINT ( 'NONE',  ( -0.7282875163485819100, -0.3315016303536162400, -0.9299583694396620400 ) ) ;
#5332 =( NAMED_UNIT ( * ) PLANE_ANGLE_UNIT ( ) SI_UNIT ( $, .RADIAN. ) );
#5333 = VERTEX_POINT ( 'NONE', #8655 ) ;
#5334 = EDGE_LOOP ( 'NONE', ( #443, #5100, #2901, #8622 ) ) ;
#5335 = CIRCLE ( 'NONE', #3370, 0.03000000000000008900 ) ;
#5336 =( GEOMETRIC_REPRESENTATION_CONTEXT ( 3 ) GLOBAL_UNCERTAINTY_ASSIGNED_CONTEXT ( ( #6433 ) ) GLOBAL_UNIT_ASSIGNED_CONTEXT ( ( #2522, #7273, #3236 ) ) REPRESENTATION_CONTEXT ( 'NONE', 'WORKASPACE' ) );
#5338 = VECTOR ( 'NONE', #2187, 39.37007874015748100 ) ;
#5337 =( NAMED_UNIT ( * ) SI_UNIT ( $, .STERADIAN. ) SOLID_ANGLE_UNIT ( ) );
#5339 = UNCERTAINTY_MEASURE_WITH_UNIT (LENGTH_MEASURE( 1.000000000000000100E-005 ), #5694, 'distance_accuracy_value', 'NONE');
#5340 = MECHANICAL_DESIGN_GEOMETRIC_PRESENTATION_REPRESENTATION (  '', ( #4436 ), #5797 ) ;
#5341 = CARTESIAN_POINT ( 'NONE',  ( -0.7282875163485818000, 0.02849836964638478900, 0.2339999999999986300 ) ) ;
#5342 = VECTOR ( 'NONE', #7013, 39.37007874015748100 ) ;
#5343 = SURFACE_SIDE_STYLE ('',( #1130 ) ) ;
#5344 = SURFACE_STYLE_USAGE ( .BOTH. , #542 ) ;
#5345 = DIRECTION ( 'NONE',  ( 0.7071067811865501300, 8.659560562354964900E-017, -0.7071067811865449100 ) ) ;
#5346 = EDGE_LOOP ( 'NONE', ( #7109, #2319, #5968, #586 ) ) ;
#5347 = FACE_OUTER_BOUND ( 'NONE', #5346, .T. ) ;
#5348 =( LENGTH_UNIT ( ) NAMED_UNIT ( * ) SI_UNIT ( $, .METRE. ) );
#5349 = UNCERTAINTY_MEASURE_WITH_UNIT (LENGTH_MEASURE( 1.000000000000000100E-005 ), #207, 'distance_accuracy_value', 'NONE');
#5350 = CYLINDRICAL_SURFACE ( 'NONE', #7347, 0.2149999999999997500 ) ;
#5351 = CARTESIAN_POINT ( 'NONE',  ( -0.6107875163485817500, -0.3315016303536160700, -1.119005744536216900 ) ) ;
#5352 = LENGTH_MEASURE_WITH_UNIT ( LENGTH_MEASURE( 0.02539999999999999900 ), #2621 );
#5353 = SURFACE_SIDE_STYLE ('',( #2933 ) ) ;
#5354 = STYLED_ITEM ( 'NONE', ( #1041 ), #4705 ) ;
#5355 = VERTEX_POINT ( 'NONE', #5341 ) ;
#5356 = LINE ( 'NONE', #8375, #102 ) ;
#5357 = FILL_AREA_STYLE ('',( #524 ) ) ;
#5358 = VECTOR ( 'NONE', #2286, 39.37007874015748100 ) ;
#5359 = EDGE_LOOP ( 'NONE', ( #5770, #7714, #2452, #372 ) ) ;
#5360 =( GEOMETRIC_REPRESENTATION_CONTEXT ( 3 ) GLOBAL_UNCERTAINTY_ASSIGNED_CONTEXT ( ( #2564 ) ) GLOBAL_UNIT_ASSIGNED_CONTEXT ( ( #2481, #7217, #3171 ) ) REPRESENTATION_CONTEXT ( 'NONE', 'WORKASPACE' ) );
#5361 =( GEOMETRIC_REPRESENTATION_CONTEXT ( 3 ) GLOBAL_UNCERTAINTY_ASSIGNED_CONTEXT ( ( #5494 ) ) GLOBAL_UNIT_ASSIGNED_CONTEXT ( ( #3922, #8635, #4616 ) ) REPRESENTATION_CONTEXT ( 'NONE', 'WORKASPACE' ) );
#5362 = CARTESIAN_POINT ( 'NONE',  ( -0.7182820955463820000, -0.3774242996420067400, -1.599000000000018600 ) ) ;
#5363 = COLOUR_RGB ( '',0.5019607843137254800, 0.5019607843137254800, 0.5019607843137254800 ) ;
#5364 = EDGE_CURVE ( 'NONE', #72, #8286, #5987, .T. ) ;
#5365 = COLOUR_RGB ( '',0.5019607843137254800, 0.5019607843137254800, 0.5019607843137254800 ) ;
#5366 = PLANE ( 'NONE',  #5618 ) ;
#5367 = SURFACE_STYLE_FILL_AREA ( #7665 ) ;
#5368 = ORIENTED_EDGE ( 'NONE', *, *, #5939, .F. ) ;
#5369 = ADVANCED_FACE ( 'NONE', ( #7290 ), #8226, .T. ) ;
#5370 =( NAMED_UNIT ( * ) PLANE_ANGLE_UNIT ( ) SI_UNIT ( $, .RADIAN. ) );
#5371 = FACE_OUTER_BOUND ( 'NONE', #674, .T. ) ;
#5372 = PRESENTATION_LAYER_ASSIGNMENT (  '', '', ( #4002 ) ) ;
#5373 = STYLED_ITEM ( 'NONE', ( #2189 ), #5940 ) ;
#5374 = FACE_OUTER_BOUND ( 'NONE', #3443, .T. ) ;
#5375 = EDGE_LOOP ( 'NONE', ( #5245, #1680, #1408, #788 ) ) ;
#5376 = TOROIDAL_SURFACE ( 'NONE', #3041, 0.1734999999999997900, 0.009999999999999927300 ) ;
#5377 = EDGE_CURVE ( 'NONE', #8373, #1902, #1205, .T. ) ;
#5378 = CARTESIAN_POINT ( 'NONE',  ( -1.188147005758121600, -0.06600163035361955600, -1.263479697069721800E-015 ) ) ;
#5379 = CARTESIAN_POINT ( 'NONE',  ( -0.5392875163485897300, -0.3315016303536180700, -3.282590941438460400 ) ) ;
#5380 = DIRECTION ( 'NONE',  ( -5.389556073798634900E-015, -1.412857278674264800E-015, -1.000000000000000000 ) ) ;
#5381 = CIRCLE ( 'NONE', #4460, 0.3800000000000007300 ) ;
#5382 = PRESENTATION_LAYER_ASSIGNMENT (  '', '', ( #4473 ) ) ;
#5383 = VERTEX_POINT ( 'NONE', #6070 ) ;
#5384 =( GEOMETRIC_REPRESENTATION_CONTEXT ( 3 ) GLOBAL_UNCERTAINTY_ASSIGNED_CONTEXT ( ( #446 ) ) GLOBAL_UNIT_ASSIGNED_CONTEXT ( ( #6293, #2211, #6955 ) ) REPRESENTATION_CONTEXT ( 'NONE', 'WORKASPACE' ) );
#5385 = CARTESIAN_POINT ( 'NONE',  ( -0.7282875163485911200, -0.3315016303536180700, -1.092312662477099100 ) ) ;
#5386 = EDGE_CURVE ( 'NONE', #3497, #6592, #4863, .T. ) ;
#5387 = FILL_AREA_STYLE ('',( #7375 ) ) ;
#5388 = FACE_OUTER_BOUND ( 'NONE', #3986, .T. ) ;
#5389 = AXIS2_PLACEMENT_3D ( 'NONE', #2562, #1173, #2593 ) ;
#5390 = FILL_AREA_STYLE ('',( #444 ) ) ;
#5391 = DIRECTION ( 'NONE',  ( -1.000000000000000000, 0.0000000000000000000, 0.0000000000000000000 ) ) ;
#5392 = DIMENSIONAL_EXPONENTS ( 1.000000000000000000, 0.0000000000000000000, 0.0000000000000000000, 0.0000000000000000000, 0.0000000000000000000, 0.0000000000000000000, 0.0000000000000000000 ) ;
#5393 = DIRECTION ( 'NONE',  ( 1.000000000000000000, 0.0000000000000000000, 0.0000000000000000000 ) ) ;
#5394 = CIRCLE ( 'NONE', #1283, 0.2499999999999998100 ) ;
#5396 = CARTESIAN_POINT ( 'NONE',  ( -0.7282875163485813500, -0.3315016303536163500, -0.4619583694396621800 ) ) ;
#5395 = CARTESIAN_POINT ( 'NONE',  ( -0.7282875163485814700, -0.3315016303536152400, -1.526958369439661800 ) ) ;
#5397 = CIRCLE ( 'NONE', #8546, 0.3732951296946414000 ) ;
#5398 =( NAMED_UNIT ( * ) SI_UNIT ( $, .STERADIAN. ) SOLID_ANGLE_UNIT ( ) );
#5399 = UNCERTAINTY_MEASURE_WITH_UNIT (LENGTH_MEASURE( 1.000000000000000100E-005 ), #6829, 'distance_accuracy_value', 'NONE');
#5400 = DIMENSIONAL_EXPONENTS ( 1.000000000000000000, 0.0000000000000000000, 0.0000000000000000000, 0.0000000000000000000, 0.0000000000000000000, 0.0000000000000000000, 0.0000000000000000000 ) ;
#5401 = CARTESIAN_POINT ( 'NONE',  ( -0.6603745449923654800, -0.3572048109474665900, -1.546958368297593800 ) ) ;
#5402 = AXIS2_PLACEMENT_3D ( 'NONE', #5052, #947, #5732 ) ;
#5403 =( NAMED_UNIT ( * ) PLANE_ANGLE_UNIT ( ) SI_UNIT ( $, .RADIAN. ) );
#5404 = VECTOR ( 'NONE', #6517, 39.37007874015748900 ) ;
#5405 = ADVANCED_FACE ( 'NONE', ( #6655 ), #5602, .F. ) ;
#5406 = STYLED_ITEM ( 'NONE', ( #611 ), #140 ) ;
#5407 = EDGE_LOOP ( 'NONE', ( #1359, #3105, #5460, #7726, #1061, #2476 ) ) ;
#5408 =( LENGTH_UNIT ( ) NAMED_UNIT ( * ) SI_UNIT ( $, .METRE. ) );
#5409 = EDGE_CURVE ( 'NONE', #497, #5432, #7383, .T. ) ;
#5410 = SURFACE_STYLE_USAGE ( .BOTH. , #610 ) ;
#5411 = ORIENTED_EDGE ( 'NONE', *, *, #5026, .T. ) ;
#5412 = CARTESIAN_POINT ( 'NONE',  ( -0.2684280269390455500, 0.01999836964638705000, 0.2849999999999987000 ) ) ;
#5413 = ORIENTED_EDGE ( 'NONE', *, *, #7493, .F. ) ;
#5414 = AXIS2_PLACEMENT_3D ( 'NONE', #5651, #1539, #6329 ) ;
#5415 = MECHANICAL_DESIGN_GEOMETRIC_PRESENTATION_REPRESENTATION (  '', ( #4524 ), #5882 ) ;
#5416 = MECHANICAL_DESIGN_GEOMETRIC_PRESENTATION_REPRESENTATION (  '', ( #3607 ), #5883 ) ;
#5417 = FILL_AREA_STYLE_COLOUR ( '', #8761 ) ;
#5418 = FACE_OUTER_BOUND ( 'NONE', #2883, .T. ) ;
#5419 = ORIENTED_EDGE ( 'NONE', *, *, #6813, .T. ) ;
#5420 = DIMENSIONAL_EXPONENTS ( 1.000000000000000000, 0.0000000000000000000, 0.0000000000000000000, 0.0000000000000000000, 0.0000000000000000000, 0.0000000000000000000, 0.0000000000000000000 ) ;
#5421 = SURFACE_SIDE_STYLE ('',( #459 ) ) ;
#5422 = SURFACE_STYLE_FILL_AREA ( #7462 ) ;
#5423 = ORIENTED_EDGE ( 'NONE', *, *, #6721, .F. ) ;
#5424 = FILL_AREA_STYLE ('',( #1287 ) ) ;
#5425 = SURFACE_STYLE_FILL_AREA ( #5139 ) ;
#5426 = COLOUR_RGB ( '',0.5019607843137254800, 0.5019607843137254800, 0.5019607843137254800 ) ;
#5427 = ORIENTED_EDGE ( 'NONE', *, *, #57, .T. ) ;
#5429 = DIRECTION ( 'NONE',  ( 0.0000000000000000000, 0.0000000000000000000, -1.000000000000000000 ) ) ;
#5428 = DIRECTION ( 'NONE',  ( 9.726753936418404900E-033, 1.224606353822377300E-016, 1.000000000000000000 ) ) ;
#5430 = DIRECTION ( 'NONE',  ( 0.0000000000000000000, 0.0000000000000000000, 1.000000000000000000 ) ) ;
#5431 = STYLED_ITEM ( 'NONE', ( #7554 ), #6639 ) ;
#5432 = VERTEX_POINT ( 'NONE', #651 ) ;
#5433 = VERTEX_POINT ( 'NONE', #5455 ) ;
#5434 = SURFACE_STYLE_FILL_AREA ( #8213 ) ;
#5435 = DIRECTION ( 'NONE',  ( -9.711944615174957000E-017, 7.459504271329836200E-017, 1.000000000000000000 ) ) ;
#5436 = ORIENTED_EDGE ( 'NONE', *, *, #4455, .T. ) ;
#5437 = CARTESIAN_POINT ( 'NONE',  ( -1.188147005758121600, 0.01999836964638057900, 0.2849999999999987000 ) ) ;
#5438 =( GEOMETRIC_REPRESENTATION_CONTEXT ( 3 ) GLOBAL_UNCERTAINTY_ASSIGNED_CONTEXT ( ( #6791 ) ) GLOBAL_UNIT_ASSIGNED_CONTEXT ( ( #3861, #8564, #4547 ) ) REPRESENTATION_CONTEXT ( 'NONE', 'WORKASPACE' ) );
#5439 = LENGTH_MEASURE_WITH_UNIT ( LENGTH_MEASURE( 0.02539999999999999900 ), #3645 );
#5440 =( NAMED_UNIT ( * ) PLANE_ANGLE_UNIT ( ) SI_UNIT ( $, .RADIAN. ) );
#5441 = ORIENTED_EDGE ( 'NONE', *, *, #3077, .T. ) ;
#5442 = EDGE_LOOP ( 'NONE', ( #609, #7364 ) ) ;
#5443 = DIRECTION ( 'NONE',  ( -1.923836615256525400E-016, 5.771509845769573100E-016, 1.000000000000000000 ) ) ;
#5444 = DIRECTION ( 'NONE',  ( 0.0000000000000000000, 0.0000000000000000000, 1.000000000000000000 ) ) ;
#5445 = SURFACE_STYLE_FILL_AREA ( #2081 ) ;
#5446 = UNCERTAINTY_MEASURE_WITH_UNIT (LENGTH_MEASURE( 1.000000000000000100E-005 ), #6550, 'distance_accuracy_value', 'NONE');
#5447 = ORIENTED_EDGE ( 'NONE', *, *, #8435, .T. ) ;
#5448 = EDGE_CURVE ( 'NONE', #1120, #548, #2193, .T. ) ;
#5449 = DIRECTION ( 'NONE',  ( 1.000000000000000000, 0.0000000000000000000, 0.0000000000000000000 ) ) ;
#5450 = CIRCLE ( 'NONE', #6524, 0.3549999999999989300 ) ;
#5452 = CARTESIAN_POINT ( 'NONE',  ( -0.7282875163485816900, -0.3315016303536162400, -0.6699583694396619200 ) ) ;
#5451 = DIRECTION ( 'NONE',  ( 0.0000000000000000000, -1.000000000000000000, 1.241749088029208900E-016 ) ) ;
#5453 = ORIENTED_EDGE ( 'NONE', *, *, #4416, .T. ) ;
#5454 =( GEOMETRIC_REPRESENTATION_CONTEXT ( 3 ) GLOBAL_UNCERTAINTY_ASSIGNED_CONTEXT ( ( #5657 ) ) GLOBAL_UNIT_ASSIGNED_CONTEXT ( ( #371, #5170, #1077 ) ) REPRESENTATION_CONTEXT ( 'NONE', 'WORKASPACE' ) );
#5455 = CARTESIAN_POINT ( 'NONE',  ( -0.5727875163485819400, -0.3315016303536152400, -1.116958369439662100 ) ) ;
#5456 = DIRECTION ( 'NONE',  ( -1.224646799147353200E-016, 1.000000000000000000, 0.0000000000000000000 ) ) ;
#5458 = DIRECTION ( 'NONE',  ( 1.220408817397570400E-016, -1.013066643420215200E-017, -1.000000000000000000 ) ) ;
#5457 = CARTESIAN_POINT ( 'NONE',  ( -0.3482875163485813500, -0.3315016303536155200, 0.02223988196073611200 ) ) ;
#5459 = CIRCLE ( 'NONE', #6290, 0.4220000000000003700 ) ;
#5460 = ORIENTED_EDGE ( 'NONE', *, *, #4238, .F. ) ;
#5461 = SURFACE_STYLE_USAGE ( .BOTH. , #658 ) ;
#5462 = CARTESIAN_POINT ( 'NONE',  ( -1.003287516348582200, -0.3315016303536156800, 0.1249999999999986700 ) ) ;
#5463 = STYLED_ITEM ( 'NONE', ( #2969 ), #5043 ) ;
#5464 = CIRCLE ( 'NONE', #5252, 0.2650000000000002900 ) ;
#5465 =( LENGTH_UNIT ( ) NAMED_UNIT ( * ) SI_UNIT ( $, .METRE. ) );
#5466 = TOROIDAL_SURFACE ( 'NONE', #7378, 0.1474999999999997100, 0.02999999999999991900 ) ;
#5467 = AXIS2_PLACEMENT_3D ( 'NONE', #1127, #5917, #1830 ) ;
#5468 = EDGE_LOOP ( 'NONE', ( #2563, #4241, #4155, #8380 ) ) ;
#5469 = MECHANICAL_DESIGN_GEOMETRIC_PRESENTATION_REPRESENTATION (  '', ( #3667 ), #5924 ) ;
#5470 = CARTESIAN_POINT ( 'NONE',  ( -0.9932875163485821400, -0.3315016303536155200, -0.3650000000000008200 ) ) ;
#5471 = EDGE_CURVE ( 'NONE', #2271, #3311, #352, .T. ) ;
#5472 = FILL_AREA_STYLE_COLOUR ( '', #2492 ) ;
#5473 = CIRCLE ( 'NONE', #589, 0.04700000000000006900 ) ;
#5474 = DIRECTION ( 'NONE',  ( 1.000000000000000000, 0.0000000000000000000, 0.0000000000000000000 ) ) ;
#5475 = CYLINDRICAL_SURFACE ( 'NONE', #5762, 0.1560000000000000600 ) ;
#5476 = ORIENTED_EDGE ( 'NONE', *, *, #1647, .T. ) ;
#5477 = VECTOR ( 'NONE', #8502, 39.37007874015748100 ) ;
#5478 = CARTESIAN_POINT ( 'NONE',  ( -0.7282875163485818000, -0.6515016303536154100, -0.9670000000000001900 ) ) ;
#5479 = MECHANICAL_DESIGN_GEOMETRIC_PRESENTATION_REPRESENTATION (  '', ( #4108 ), #5935 ) ;
#5480 =( GEOMETRIC_REPRESENTATION_CONTEXT ( 3 ) GLOBAL_UNCERTAINTY_ASSIGNED_CONTEXT ( ( #4022 ) ) GLOBAL_UNIT_ASSIGNED_CONTEXT ( ( #8534, #4508, #381 ) ) REPRESENTATION_CONTEXT ( 'NONE', 'WORKASPACE' ) );
#5481 = DIRECTION ( 'NONE',  ( 1.476674591169866100E-015, -2.180567848206688900E-030, -1.000000000000000000 ) ) ;
#5482 = FACE_OUTER_BOUND ( 'NONE', #5407, .T. ) ;
#5483 = COLOUR_RGB ( '',0.5019607843137254800, 0.5019607843137254800, 0.5019607843137254800 ) ;
#5484 = EDGE_CURVE ( 'NONE', #5242, #6104, #1973, .T. ) ;
#5485 = CARTESIAN_POINT ( 'NONE',  ( -0.7282875163485818000, -0.3315016303536152400, -1.116958369439662100 ) ) ;
#5486 = CIRCLE ( 'NONE', #8200, 0.03500000000000044700 ) ;
#5488 = DIRECTION ( 'NONE',  ( 1.220408817397570400E-016, -1.013066643420215200E-017, -1.000000000000000000 ) ) ;
#5487 = FILL_AREA_STYLE ('',( #4755 ) ) ;
#5489 = FILL_AREA_STYLE_COLOUR ( '', #5138 ) ;
#5490 = MECHANICAL_DESIGN_GEOMETRIC_PRESENTATION_REPRESENTATION (  '', ( #3687 ), #5943 ) ;
#5491 = CARTESIAN_POINT ( 'NONE',  ( -0.9438412232525431600, -0.3315016303536180700, -1.539000000000017900 ) ) ;
#5492 =( CONVERSION_BASED_UNIT ( 'INCH', #3356 ) LENGTH_UNIT ( ) NAMED_UNIT ( #3304 ) );
#5493 = LENGTH_MEASURE_WITH_UNIT ( LENGTH_MEASURE( 0.02539999999999999900 ), #6098 );
#5494 = UNCERTAINTY_MEASURE_WITH_UNIT (LENGTH_MEASURE( 1.000000000000000100E-005 ), #3922, 'distance_accuracy_value', 'NONE');
#5495 = CARTESIAN_POINT ( 'NONE',  ( -0.5195325017630959600, -0.2620657326823830300, -1.539000000000018100 ) ) ;
#5496 = EDGE_CURVE ( 'NONE', #5945, #3318, #144, .T. ) ;
#5497 = CARTESIAN_POINT ( 'NONE',  ( -0.6812875163485815300, -0.3315016303536156300, -0.3769583694396621000 ) ) ;
#5498 =( CONVERSION_BASED_UNIT ( 'INCH', #5309 ) LENGTH_UNIT ( ) NAMED_UNIT ( #5262 ) );
#5499 = CONICAL_SURFACE ( 'NONE', #1455, 0.3697549984779935400, 0.7853981633974536100 ) ;
#5500 = STYLED_ITEM ( 'NONE', ( #6116 ), #3184 ) ;
#5501 = SURFACE_STYLE_USAGE ( .BOTH. , #693 ) ;
#5502 = CARTESIAN_POINT ( 'NONE',  ( -0.7282875163485864600, -0.3315016303536168500, -1.259000000000018500 ) ) ;
#5503 = CYLINDRICAL_SURFACE ( 'NONE', #1724, 0.1419999999999998800 ) ;
#5504 = UNCERTAINTY_MEASURE_WITH_UNIT (LENGTH_MEASURE( 1.000000000000000100E-005 ), #1427, 'distance_accuracy_value', 'NONE');
#5505 = VERTEX_POINT ( 'NONE', #8835 ) ;
#5507 = CARTESIAN_POINT ( 'NONE',  ( -1.132276257530603100, -0.3315016303536155200, -0.4992337427040284800 ) ) ;
#5506 = FILL_AREA_STYLE ('',( #8175 ) ) ;
#5508 = LENGTH_MEASURE_WITH_UNIT ( LENGTH_MEASURE( 0.02539999999999999900 ), #5137 );
#5509 =( LENGTH_UNIT ( ) NAMED_UNIT ( * ) SI_UNIT ( $, .METRE. ) );
#5511 = DIRECTION ( 'NONE',  ( 0.0000000000000000000, -1.000000000000000000, 1.224606353822377800E-016 ) ) ;
#5510 = CARTESIAN_POINT ( 'NONE',  ( -0.7282875163485812400, -0.4875016303533710700, -0.4819583694430499800 ) ) ;
#5512 =( GEOMETRIC_REPRESENTATION_CONTEXT ( 3 ) GLOBAL_UNCERTAINTY_ASSIGNED_CONTEXT ( ( #7921 ) ) GLOBAL_UNIT_ASSIGNED_CONTEXT ( ( #826, #5626, #1524 ) ) REPRESENTATION_CONTEXT ( 'NONE', 'WORKASPACE' ) );
#5513 = CARTESIAN_POINT ( 'NONE',  ( -0.7087932312470395200, -0.3742681224751320300, -1.259000000000018500 ) ) ;
#5514 = DIMENSIONAL_EXPONENTS ( 1.000000000000000000, 0.0000000000000000000, 0.0000000000000000000, 0.0000000000000000000, 0.0000000000000000000, 0.0000000000000000000, 0.0000000000000000000 ) ;
#5515 = FACE_OUTER_BOUND ( 'NONE', #3022, .T. ) ;
#5516 = CARTESIAN_POINT ( 'NONE',  ( -0.7282875163485818000, -0.7115016303536162400, -0.5081049102779643400 ) ) ;
#5517 = MECHANICAL_DESIGN_GEOMETRIC_PRESENTATION_REPRESENTATION (  '', ( #4628 ), #5975 ) ;
#5518 = PRESENTATION_LAYER_ASSIGNMENT (  '', '', ( #5977 ) ) ;
#5519 = ORIENTED_EDGE ( 'NONE', *, *, #3554, .F. ) ;
#5520 = DIRECTION ( 'NONE',  ( 0.0000000000000000000, 0.8495288458565176700, -0.5275421689852793900 ) ) ;
#5521 = EDGE_CURVE ( 'NONE', #7959, #2821, #4012, .T. ) ;
#5522 =( NAMED_UNIT ( * ) PLANE_ANGLE_UNIT ( ) SI_UNIT ( $, .RADIAN. ) );
#5523 = EDGE_LOOP ( 'NONE', ( #219, #6698, #5019, #4533, #512, #8149 ) ) ;
#5524 = SURFACE_SIDE_STYLE ('',( #2093 ) ) ;
#5525 = SURFACE_STYLE_FILL_AREA ( #3293 ) ;
#5526 = CARTESIAN_POINT ( 'NONE',  ( -0.7282875163485911200, -0.3315016303536181300, -1.694000000000017900 ) ) ;
#5527 = DIMENSIONAL_EXPONENTS ( 1.000000000000000000, 0.0000000000000000000, 0.0000000000000000000, 0.0000000000000000000, 0.0000000000000000000, 0.0000000000000000000, 0.0000000000000000000 ) ;
#5528 = ORIENTED_EDGE ( 'NONE', *, *, #3053, .F. ) ;
#5529 = DIRECTION ( 'NONE',  ( 1.220408817397570400E-016, -1.013066643420215200E-017, -1.000000000000000000 ) ) ;
#5530 = PRESENTATION_LAYER_ASSIGNMENT (  '', '', ( #5078 ) ) ;
#5531 = PRESENTATION_STYLE_ASSIGNMENT (( #6026 ) ) ;
#5532 = PRESENTATION_LAYER_ASSIGNMENT (  '', '', ( #4639 ) ) ;
#5533 = MECHANICAL_DESIGN_GEOMETRIC_PRESENTATION_REPRESENTATION (  '', ( #4640 ), #5993 ) ;
#5534 =( LENGTH_UNIT ( ) NAMED_UNIT ( * ) SI_UNIT ( $, .METRE. ) );
#5535 = VERTEX_POINT ( 'NONE', #701 ) ;
#5536 = CONICAL_SURFACE ( 'NONE', #2612, 0.4039887411820214400, 0.7853981633974471700 ) ;
#5537 = ORIENTED_EDGE ( 'NONE', *, *, #530, .F. ) ;
#5538 = COLOUR_RGB ( '',0.5019607843137254800, 0.5019607843137254800, 0.5019607843137254800 ) ;
#5539 = EDGE_CURVE ( 'NONE', #4481, #1344, #5394, .T. ) ;
#5540 = EDGE_LOOP ( 'NONE', ( #1903, #2417 ) ) ;
#5541 = EDGE_LOOP ( 'NONE', ( #1897, #6113, #5783, #6389, #4676 ) ) ;
#5542 = SURFACE_STYLE_USAGE ( .BOTH. , #730 ) ;
#5543 = ORIENTED_EDGE ( 'NONE', *, *, #1689, .T. ) ;
#5544 = SURFACE_SIDE_STYLE ('',( #8777 ) ) ;
#5546 =( NAMED_UNIT ( * ) PLANE_ANGLE_UNIT ( ) SI_UNIT ( $, .RADIAN. ) );
#5545 = SURFACE_STYLE_USAGE ( .BOTH. , #734 ) ;
#5547 = ORIENTED_EDGE ( 'NONE', *, *, #2796, .T. ) ;
#5548 = DIRECTION ( 'NONE',  ( 9.726753936418404900E-033, 1.224606353822377300E-016, 1.000000000000000000 ) ) ;
#5549 = CARTESIAN_POINT ( 'NONE',  ( -0.8457875163485815100, -0.3315016303536160700, -1.119005744536216900 ) ) ;
#5550 = LINE ( 'NONE', #6925, #5338 ) ;
#5551 = MECHANICAL_DESIGN_GEOMETRIC_PRESENTATION_REPRESENTATION (  '', ( #4654 ), #6005 ) ;
#5552 = FILL_AREA_STYLE_COLOUR ( '', #948 ) ;
#5553 = DIMENSIONAL_EXPONENTS ( 1.000000000000000000, 0.0000000000000000000, 0.0000000000000000000, 0.0000000000000000000, 0.0000000000000000000, 0.0000000000000000000, 0.0000000000000000000 ) ;
#5554 =( NAMED_UNIT ( * ) PLANE_ANGLE_UNIT ( ) SI_UNIT ( $, .RADIAN. ) );
#5555 = ORIENTED_EDGE ( 'NONE', *, *, #4110, .T. ) ;
#5556 = DIRECTION ( 'NONE',  ( 1.000000000000000000, 0.0000000000000000000, 0.0000000000000000000 ) ) ;
#5557 = PRESENTATION_LAYER_ASSIGNMENT (  '', '', ( #5099 ) ) ;
#5558 = VECTOR ( 'NONE', #1235, 39.37007874015748100 ) ;
#5559 = CARTESIAN_POINT ( 'NONE',  ( -0.5882875163485816700, -0.3315016303536162400, -0.5249583694396620100 ) ) ;
#5560 =( CONVERSION_BASED_UNIT ( 'INCH', #6256 ) LENGTH_UNIT ( ) NAMED_UNIT ( #4602 ) );
#5561 =( NAMED_UNIT ( * ) PLANE_ANGLE_UNIT ( ) SI_UNIT ( $, .RADIAN. ) );
#5562 = SURFACE_SIDE_STYLE ('',( #3966 ) ) ;
#5563 = ORIENTED_EDGE ( 'NONE', *, *, #2039, .T. ) ;
#5564 = CIRCLE ( 'NONE', #348, 0.02600000000000007900 ) ;
#5565 = LENGTH_MEASURE_WITH_UNIT ( LENGTH_MEASURE( 0.02539999999999999900 ), #5112 );
#5566 = SURFACE_STYLE_USAGE ( .BOTH. , #756 ) ;
#5567 = SURFACE_STYLE_FILL_AREA ( #488 ) ;
#5568 =( GEOMETRIC_REPRESENTATION_CONTEXT ( 3 ) GLOBAL_UNCERTAINTY_ASSIGNED_CONTEXT ( ( #150 ) ) GLOBAL_UNIT_ASSIGNED_CONTEXT ( ( #4207, #109, #4900 ) ) REPRESENTATION_CONTEXT ( 'NONE', 'WORKASPACE' ) );
#5569 = CARTESIAN_POINT ( 'NONE',  ( -0.7282875163485818000, -0.3315016303536157400, 0.2469999999999986700 ) ) ;
#5570 = ORIENTED_EDGE ( 'NONE', *, *, #5161, .F. ) ;
#5571 = ADVANCED_FACE ( 'NONE', ( #1754 ), #886, .T. ) ;
#5572 = EDGE_CURVE ( 'NONE', #1505, #5041, #2732, .T. ) ;
#5573 = DIMENSIONAL_EXPONENTS ( 1.000000000000000000, 0.0000000000000000000, 0.0000000000000000000, 0.0000000000000000000, 0.0000000000000000000, 0.0000000000000000000, 0.0000000000000000000 ) ;
#5574 = FILL_AREA_STYLE ('',( #765 ) ) ;
#5575 =( NAMED_UNIT ( * ) SI_UNIT ( $, .STERADIAN. ) SOLID_ANGLE_UNIT ( ) );
#5576 = DIRECTION ( 'NONE',  ( 0.0000000000000000000, 1.000000000000000000, 0.0000000000000000000 ) ) ;
#5577 = VERTEX_POINT ( 'NONE', #4882 ) ;
#5578 = FILL_AREA_STYLE_COLOUR ( '', #3681 ) ;
#5579 = STYLED_ITEM ( 'NONE', ( #8237 ), #5229 ) ;
#5580 = DIRECTION ( 'NONE',  ( 0.0000000000000000000, -1.000000000000000000, 0.0000000000000000000 ) ) ;
#5581 = PRESENTATION_LAYER_ASSIGNMENT (  '', '', ( #4208 ) ) ;
#5582 = AXIS2_PLACEMENT_3D ( 'NONE', #7443, #3401, #8122 ) ;
#5583 = STYLED_ITEM ( 'NONE', ( #4661 ), #5405 ) ;
#5584 = SURFACE_STYLE_USAGE ( .BOTH. , #774 ) ;
#5585 = FACE_OUTER_BOUND ( 'NONE', #8810, .T. ) ;
#5586 = DIRECTION ( 'NONE',  ( -4.045983402938778600E-017, -8.091966805877557300E-017, -1.000000000000000000 ) ) ;
#5587 = EDGE_LOOP ( 'NONE', ( #8005, #7657, #4695, #3084 ) ) ;
#5588 = COLOUR_RGB ( '',0.5019607843137254800, 0.5019607843137254800, 0.5019607843137254800 ) ;
#5589 = SURFACE_SIDE_STYLE ('',( #6206 ) ) ;
#5590 = FILL_AREA_STYLE_COLOUR ( '', #406 ) ;
#5591 = FILL_AREA_STYLE_COLOUR ( '', #3590 ) ;
#5592 = COLOUR_RGB ( '',0.5019607843137254800, 0.5019607843137254800, 0.5019607843137254800 ) ;
#5593 = DIMENSIONAL_EXPONENTS ( 1.000000000000000000, 0.0000000000000000000, 0.0000000000000000000, 0.0000000000000000000, 0.0000000000000000000, 0.0000000000000000000, 0.0000000000000000000 ) ;
#5595 =( NAMED_UNIT ( * ) PLANE_ANGLE_UNIT ( ) SI_UNIT ( $, .RADIAN. ) );
#5594 = DIRECTION ( 'NONE',  ( -1.000000000000000000, 0.0000000000000000000, 0.0000000000000000000 ) ) ;
#5596 = PRESENTATION_LAYER_ASSIGNMENT (  '', '', ( #6043 ) ) ;
#5597 =( NAMED_UNIT ( * ) SI_UNIT ( $, .STERADIAN. ) SOLID_ANGLE_UNIT ( ) );
#5598 =( CONVERSION_BASED_UNIT ( 'INCH', #7504 ) LENGTH_UNIT ( ) NAMED_UNIT ( #3470 ) );
#5599 = DIRECTION ( 'NONE',  ( -0.0000000000000000000, -0.0000000000000000000, -1.000000000000000000 ) ) ;
#5601 =( LENGTH_UNIT ( ) NAMED_UNIT ( * ) SI_UNIT ( $, .METRE. ) );
#5600 = DIRECTION ( 'NONE',  ( -1.000000000000000000, 0.0000000000000000000, 0.0000000000000000000 ) ) ;
#5602 = CYLINDRICAL_SURFACE ( 'NONE', #8290, 0.2149999999999997500 ) ;
#5603 = CARTESIAN_POINT ( 'NONE',  ( -0.7282875163485818000, -0.3315016303536155200, -0.9669999999999999700 ) ) ;
#5604 =( NAMED_UNIT ( * ) PLANE_ANGLE_UNIT ( ) SI_UNIT ( $, .RADIAN. ) );
#5605 = UNCERTAINTY_MEASURE_WITH_UNIT (LENGTH_MEASURE( 1.000000000000000100E-005 ), #4382, 'distance_accuracy_value', 'NONE');
#5606 = MECHANICAL_DESIGN_GEOMETRIC_PRESENTATION_REPRESENTATION (  '', ( #3795 ), #6053 ) ;
#5607 = SURFACE_STYLE_USAGE ( .BOTH. , #804 ) ;
#5608 = PRESENTATION_STYLE_ASSIGNMENT (( #8605 ) ) ;
#5609 = CARTESIAN_POINT ( 'NONE',  ( -0.7282875163485818000, -0.3315016303536155200, -0.9670000000000005300 ) ) ;
#5610 = VECTOR ( 'NONE', #7166, 39.37007874015748900 ) ;
#5611 = FILL_AREA_STYLE_COLOUR ( '', #5251 ) ;
#5612 = EDGE_CURVE ( 'NONE', #5505, #606, #7911, .T. ) ;
#5613 = ADVANCED_FACE ( 'NONE', ( #6348 ), #5279, .T. ) ;
#5614 = SURFACE_SIDE_STYLE ('',( #366 ) ) ;
#5615 = UNCERTAINTY_MEASURE_WITH_UNIT (LENGTH_MEASURE( 1.000000000000000100E-005 ), #100, 'distance_accuracy_value', 'NONE');
#5616 =( NAMED_UNIT ( * ) SI_UNIT ( $, .STERADIAN. ) SOLID_ANGLE_UNIT ( ) );
#5617 = DIMENSIONAL_EXPONENTS ( 1.000000000000000000, 0.0000000000000000000, 0.0000000000000000000, 0.0000000000000000000, 0.0000000000000000000, 0.0000000000000000000, 0.0000000000000000000 ) ;
#5618 = AXIS2_PLACEMENT_3D ( 'NONE', #8763, #4740, #618 ) ;
#5619 = SURFACE_SIDE_STYLE ('',( #8724 ) ) ;
#5620 = PRESENTATION_STYLE_ASSIGNMENT (( #1512 ) ) ;
#5621 = PRESENTATION_LAYER_ASSIGNMENT (  '', '', ( #5165 ) ) ;
#5622 = FILL_AREA_STYLE_COLOUR ( '', #7906 ) ;
#5623 = ORIENTED_EDGE ( 'NONE', *, *, #4380, .F. ) ;
#5625 = SURFACE_STYLE_USAGE ( .BOTH. , #825 ) ;
#5624 =( LENGTH_UNIT ( ) NAMED_UNIT ( * ) SI_UNIT ( $, .METRE. ) );
#5626 =( NAMED_UNIT ( * ) PLANE_ANGLE_UNIT ( ) SI_UNIT ( $, .RADIAN. ) );
#5627 = FACE_OUTER_BOUND ( 'NONE', #2109, .T. ) ;
#5628 = EDGE_LOOP ( 'NONE', ( #1357, #3098, #7767, #5669 ) ) ;
#5629 = VECTOR ( 'NONE', #3919, 39.37007874015748100 ) ;
#5630 = CIRCLE ( 'NONE', #5582, 0.04700000000000006900 ) ;
#5631 = CARTESIAN_POINT ( 'NONE',  ( -0.7282875163485818000, -0.3315016303536159600, 0.2549999999999985100 ) ) ;
#5632 = VERTEX_POINT ( 'NONE', #2902 ) ;
#5633 = DIRECTION ( 'NONE',  ( -1.000000000000000000, 0.0000000000000000000, 0.0000000000000000000 ) ) ;
#5635 = CARTESIAN_POINT ( 'NONE',  ( -0.7282875163485882400, -0.3315016303536172900, -1.599000000000018600 ) ) ;
#5634 =( LENGTH_UNIT ( ) NAMED_UNIT ( * ) SI_UNIT ( $, .METRE. ) );
#5636 = AXIS2_PLACEMENT_3D ( 'NONE', #496, #5289, #1193 ) ;
#5637 = FILL_AREA_STYLE_COLOUR ( '', #1575 ) ;
#5638 =( CONVERSION_BASED_UNIT ( 'INCH', #2363 ) LENGTH_UNIT ( ) NAMED_UNIT ( #7455 ) );
#5639 = ORIENTED_EDGE ( 'NONE', *, *, #1362, .F. ) ;
#5640 = LINE ( 'NONE', #4758, #7209 ) ;
#5641 = ORIENTED_EDGE ( 'NONE', *, *, #519, .F. ) ;
#5642 = SURFACE_STYLE_FILL_AREA ( #5868 ) ;
#5643 =( GEOMETRIC_REPRESENTATION_CONTEXT ( 3 ) GLOBAL_UNCERTAINTY_ASSIGNED_CONTEXT ( ( #6638 ) ) GLOBAL_UNIT_ASSIGNED_CONTEXT ( ( #4940, #815, #5616 ) ) REPRESENTATION_CONTEXT ( 'NONE', 'WORKASPACE' ) );
#5644 =( GEOMETRIC_REPRESENTATION_CONTEXT ( 3 ) GLOBAL_UNCERTAINTY_ASSIGNED_CONTEXT ( ( #7975 ) ) GLOBAL_UNIT_ASSIGNED_CONTEXT ( ( #3468, #8184, #4141 ) ) REPRESENTATION_CONTEXT ( 'NONE', 'WORKASPACE' ) );
#5645 = DIMENSIONAL_EXPONENTS ( 1.000000000000000000, 0.0000000000000000000, 0.0000000000000000000, 0.0000000000000000000, 0.0000000000000000000, 0.0000000000000000000, 0.0000000000000000000 ) ;
#5646 = DIRECTION ( 'NONE',  ( 0.0000000000000000000, -1.000000000000000000, -7.284927983104693000E-016 ) ) ;
#5647 = EDGE_CURVE ( 'NONE', #648, #7636, #7077, .T. ) ;
#5648 = ORIENTED_EDGE ( 'NONE', *, *, #3015, .T. ) ;
#5649 = DIRECTION ( 'NONE',  ( 0.0000000000000000000, -1.000000000000000000, 0.0000000000000000000 ) ) ;
#5650 = COLOUR_RGB ( '',0.5019607843137254800, 0.5019607843137254800, 0.5019607843137254800 ) ;
#5651 = CARTESIAN_POINT ( 'NONE',  ( -0.7282875163485717000, -0.3315016303536129600, 1.478999999999976100 ) ) ;
#5652 = FILL_AREA_STYLE_COLOUR ( '', #4984 ) ;
#5653 = EDGE_LOOP ( 'NONE', ( #1893, #794, #3542, #8162, #5543, #4893, #4283 ) ) ;
#5654 = PRESENTATION_STYLE_ASSIGNMENT (( #5668 ) ) ;
#5655 = CARTESIAN_POINT ( 'NONE',  ( -0.7282875163485818000, -0.8625016303536163800, 0.2849999999999986400 ) ) ;
#5656 = ORIENTED_EDGE ( 'NONE', *, *, #3847, .T. ) ;
#5657 = UNCERTAINTY_MEASURE_WITH_UNIT (LENGTH_MEASURE( 1.000000000000000100E-005 ), #371, 'distance_accuracy_value', 'NONE');
#5658 = CARTESIAN_POINT ( 'NONE',  ( -0.7282875163485813500, -0.3315016303536155200, -0.8867329652895077400 ) ) ;
#5659 = ORIENTED_EDGE ( 'NONE', *, *, #1703, .T. ) ;
#5660 = ORIENTED_EDGE ( 'NONE', *, *, #4167, .F. ) ;
#5661 =( GEOMETRIC_REPRESENTATION_CONTEXT ( 3 ) GLOBAL_UNCERTAINTY_ASSIGNED_CONTEXT ( ( #6324 ) ) GLOBAL_UNIT_ASSIGNED_CONTEXT ( ( #1627, #6411, #2327 ) ) REPRESENTATION_CONTEXT ( 'NONE', 'WORKASPACE' ) );
#5662 = STYLED_ITEM ( 'NONE', ( #3044 ), #6064 ) ;
#5663 =( NAMED_UNIT ( * ) SI_UNIT ( $, .STERADIAN. ) SOLID_ANGLE_UNIT ( ) );
#5664 = ORIENTED_EDGE ( 'NONE', *, *, #5409, .T. ) ;
#5665 = EDGE_CURVE ( 'NONE', #4465, #1767, #3707, .T. ) ;
#5667 = DIRECTION ( 'NONE',  ( -0.9238795325112868500, 1.131426112287700800E-016, 0.3826834323650893400 ) ) ;
#5666 = DIRECTION ( 'NONE',  ( -5.389556073798634900E-015, -1.412857278674264800E-015, -1.000000000000000000 ) ) ;
#5668 = SURFACE_STYLE_USAGE ( .BOTH. , #866 ) ;
#5669 = ORIENTED_EDGE ( 'NONE', *, *, #3372, .F. ) ;
#5670 = FACE_OUTER_BOUND ( 'NONE', #5117, .T. ) ;
#5671 = MECHANICAL_DESIGN_GEOMETRIC_PRESENTATION_REPRESENTATION (  '', ( #4757 ), #6110 ) ;
#5672 = ADVANCED_FACE ( 'NONE', ( #1866 ), #6228, .T. ) ;
#5673 =( NAMED_UNIT ( * ) PLANE_ANGLE_UNIT ( ) SI_UNIT ( $, .RADIAN. ) );
#5674 = LENGTH_MEASURE_WITH_UNIT ( LENGTH_MEASURE( 0.02539999999999999900 ), #4200 );
#5675 = VECTOR ( 'NONE', #1304, 39.37007874015748100 ) ;
#5676 =( LENGTH_UNIT ( ) NAMED_UNIT ( * ) SI_UNIT ( $, .METRE. ) );
#5677 = CARTESIAN_POINT ( 'NONE',  ( -0.5851604478524288200, -0.2443748299833467000, -1.533624912305600500 ) ) ;
#5678 =( CONVERSION_BASED_UNIT ( 'INCH', #1146 ) LENGTH_UNIT ( ) NAMED_UNIT ( #4558 ) );
#5679 = DIRECTION ( 'NONE',  ( 0.3156177166874284400, -0.9488864299340645800, 3.944304526105059000E-030 ) ) ;
#5680 = ORIENTED_EDGE ( 'NONE', *, *, #5182, .T. ) ;
#5681 = PRESENTATION_STYLE_ASSIGNMENT (( #6612 ) ) ;
#5682 = EDGE_CURVE ( 'NONE', #6795, #1714, #2618, .T. ) ;
#5683 = UNCERTAINTY_MEASURE_WITH_UNIT (LENGTH_MEASURE( 1.000000000000000100E-005 ), #536, 'distance_accuracy_value', 'NONE');
#5684 = SURFACE_STYLE_USAGE ( .BOTH. , #882 ) ;
#5685 =( GEOMETRIC_REPRESENTATION_CONTEXT ( 3 ) GLOBAL_UNCERTAINTY_ASSIGNED_CONTEXT ( ( #7074 ) ) GLOBAL_UNIT_ASSIGNED_CONTEXT ( ( #2773, #7492, #3458 ) ) REPRESENTATION_CONTEXT ( 'NONE', 'WORKASPACE' ) );
#5686 = SURFACE_SIDE_STYLE ('',( #6196 ) ) ;
#5687 = ORIENTED_EDGE ( 'NONE', *, *, #7955, .T. ) ;
#5688 = DIRECTION ( 'NONE',  ( 0.0000000000000000000, -1.000000000000000000, 0.0000000000000000000 ) ) ;
#5689 = ORIENTED_EDGE ( 'NONE', *, *, #8398, .T. ) ;
#5691 =( LENGTH_UNIT ( ) NAMED_UNIT ( * ) SI_UNIT ( $, .METRE. ) );
#5690 =( NAMED_UNIT ( * ) PLANE_ANGLE_UNIT ( ) SI_UNIT ( $, .RADIAN. ) );
#5692 = DIRECTION ( 'NONE',  ( 6.460528286631092900E-017, 0.5275421689853073700, 0.8495288458565001300 ) ) ;
#5693 = AXIS2_PLACEMENT_3D ( 'NONE', #7860, #3153, #7895 ) ;
#5694 =( CONVERSION_BASED_UNIT ( 'INCH', #344 ) LENGTH_UNIT ( ) NAMED_UNIT ( #2407 ) );
#5695 = FILL_AREA_STYLE_COLOUR ( '', #2643 ) ;
#5696 = STYLED_ITEM ( 'NONE', ( #6896 ), #267 ) ;
#5697 = ORIENTED_EDGE ( 'NONE', *, *, #3862, .T. ) ;
#5698 = STYLED_ITEM ( 'NONE', ( #2582 ), #7161 ) ;
#5699 = DIRECTION ( 'NONE',  ( -9.529702303403800100E-016, 0.0000000000000000000, 1.000000000000000000 ) ) ;
#5701 = CARTESIAN_POINT ( 'NONE',  ( -0.5572847363586106400, -0.2636786275783167300, -1.502876386601741400 ) ) ;
#5700 = DIRECTION ( 'NONE',  ( -1.000000000000000000, 0.0000000000000000000, 0.0000000000000000000 ) ) ;
#5702 =( CONVERSION_BASED_UNIT ( 'INCH', #2114 ) LENGTH_UNIT ( ) NAMED_UNIT ( #1123 ) );
#5703 = EDGE_CURVE ( 'NONE', #6408, #2990, #4440, .T. ) ;
#5704 =( LENGTH_UNIT ( ) NAMED_UNIT ( * ) SI_UNIT ( $, .METRE. ) );
#5705 = LINE ( 'NONE', #5457, #2065 ) ;
#5706 = PRESENTATION_STYLE_ASSIGNMENT (( #1844 ) ) ;
#5707 = PRESENTATION_STYLE_ASSIGNMENT (( #5625 ) ) ;
#5708 = CARTESIAN_POINT ( 'NONE',  ( -0.7282875163485818000, -0.3315016303536155200, 1.168000000000000100 ) ) ;
#5709 = CARTESIAN_POINT ( 'NONE',  ( -0.8509939032525472000, -0.3315016303536152400, -1.144181362094663300 ) ) ;
#5710 = STYLED_ITEM ( 'NONE', ( #1837 ), #1398 ) ;
#5711 = CARTESIAN_POINT ( 'NONE',  ( -0.8975490775278787100, -0.4012500889842873200, -1.503657929991380800 ) ) ;
#5712 = STYLED_ITEM ( 'NONE', ( #1213 ), #8257 ) ;
#5713 = AXIS2_PLACEMENT_3D ( 'NONE', #3021, #929, #3046 ) ;
#5714 = ADVANCED_FACE ( 'NONE', ( #2400 ), #3371, .F. ) ;
#5715 = CARTESIAN_POINT ( 'NONE',  ( -0.7282875163485812400, -0.3315016303536165200, -0.4619583694375968800 ) ) ;
#5716 = EDGE_CURVE ( 'NONE', #4594, #4499, #1746, .T. ) ;
#5717 = DIRECTION ( 'NONE',  ( 0.0000000000000000000, 1.000000000000000000, -1.849713085239314800E-016 ) ) ;
#5718 = CARTESIAN_POINT ( 'NONE',  ( -0.7510559749057271800, -0.2625278287967377500, -1.546958370383156000 ) ) ;
#5719 = SURFACE_SIDE_STYLE ('',( #1355 ) ) ;
#5720 = SURFACE_STYLE_FILL_AREA ( #6037 ) ;
#5721 = AXIS2_PLACEMENT_3D ( 'NONE', #6640, #2578, #7312 ) ;
#5722 = UNCERTAINTY_MEASURE_WITH_UNIT (LENGTH_MEASURE( 1.000000000000000100E-005 ), #6735, 'distance_accuracy_value', 'NONE');
#5723 =( NAMED_UNIT ( * ) SI_UNIT ( $, .STERADIAN. ) SOLID_ANGLE_UNIT ( ) );
#5725 = CARTESIAN_POINT ( 'NONE',  ( -0.5614891191008711800, -0.3155413122284022000, -1.539000000000018800 ) ) ;
#5724 =( LENGTH_UNIT ( ) NAMED_UNIT ( * ) SI_UNIT ( $, .METRE. ) );
#5726 = VERTEX_POINT ( 'NONE', #7695 ) ;
#5727 = DIRECTION ( 'NONE',  ( -4.377961528315000500E-016, -4.377961528315013300E-016, 1.000000000000000000 ) ) ;
#5728 = SURFACE_STYLE_FILL_AREA ( #8487 ) ;
#5729 = AXIS2_PLACEMENT_3D ( 'NONE', #7045, #2993, #7698 ) ;
#5730 = PRESENTATION_STYLE_ASSIGNMENT (( #4353 ) ) ;
#5731 = UNCERTAINTY_MEASURE_WITH_UNIT (LENGTH_MEASURE( 1.000000000000000100E-005 ), #7134, 'distance_accuracy_value', 'NONE');
#5732 = DIRECTION ( 'NONE',  ( 0.0000000000000000000, -1.000000000000000000, 1.224606353822377800E-016 ) ) ;
#5733 = DIRECTION ( 'NONE',  ( 0.0000000000000000000, 1.000000000000000000, 0.0000000000000000000 ) ) ;
#5734 = CYLINDRICAL_SURFACE ( 'NONE', #8616, 0.1450000000000002400 ) ;
#5735 = COLOUR_RGB ( '',0.5019607843137254800, 0.5019607843137254800, 0.5019607843137254800 ) ;
#5736 = EDGE_CURVE ( 'NONE', #8304, #7344, #8542, .T. ) ;
#5737 = CARTESIAN_POINT ( 'NONE',  ( -0.8950859135963111800, -0.3474619484788338300, -1.533616758931545900 ) ) ;
#5738 = LENGTH_MEASURE_WITH_UNIT ( LENGTH_MEASURE( 0.02539999999999999900 ), #7883 );
#5739 =( LENGTH_UNIT ( ) NAMED_UNIT ( * ) SI_UNIT ( $, .METRE. ) );
#5740 = ORIENTED_EDGE ( 'NONE', *, *, #2964, .F. ) ;
#5741 = SURFACE_STYLE_USAGE ( .BOTH. , #959 ) ;
#5742 = SURFACE_STYLE_FILL_AREA ( #4122 ) ;
#5743 = AXIS2_PLACEMENT_3D ( 'NONE', #5385, #8087, #7427 ) ;
#5744 = EDGE_LOOP ( 'NONE', ( #7405, #6087, #4371, #806 ) ) ;
#5745 = CIRCLE ( 'NONE', #4115, 0.08600000000000010400 ) ;
#5746 = EDGE_CURVE ( 'NONE', #808, #2753, #8749, .T. ) ;
#5747 = DIRECTION ( 'NONE',  ( 0.0000000000000000000, -0.0000000000000000000, 1.000000000000000000 ) ) ;
#5748 = ORIENTED_EDGE ( 'NONE', *, *, #8804, .F. ) ;
#5749 = CARTESIAN_POINT ( 'NONE',  ( -0.8682875163485817000, -0.3315016303536162400, -0.6699583694396619200 ) ) ;
#5750 =( LENGTH_UNIT ( ) NAMED_UNIT ( * ) SI_UNIT ( $, .METRE. ) );
#5751 = CIRCLE ( 'NONE', #235, 0.08600000000000016000 ) ;
#5752 = ADVANCED_FACE ( 'NONE', ( #1519 ), #2291, .F. ) ;
#5753 = ORIENTED_EDGE ( 'NONE', *, *, #2765, .T. ) ;
#5754 = PRESENTATION_STYLE_ASSIGNMENT (( #5090 ) ) ;
#5755 = FILL_AREA_STYLE ('',( #3718 ) ) ;
#5756 = FILL_AREA_STYLE_COLOUR ( '', #5086 ) ;
#5757 = ORIENTED_EDGE ( 'NONE', *, *, #6520, .F. ) ;
#5758 = AXIS2_PLACEMENT_3D ( 'NONE', #7598, #3579, #8291 ) ;
#5759 = ORIENTED_EDGE ( 'NONE', *, *, #5952, .F. ) ;
#5760 = ORIENTED_EDGE ( 'NONE', *, *, #758, .F. ) ;
#5761 = EDGE_CURVE ( 'NONE', #1281, #2813, #5914, .T. ) ;
#5762 = AXIS2_PLACEMENT_3D ( 'NONE', #3343, #8701, #8051 ) ;
#5763 = FACE_OUTER_BOUND ( 'NONE', #5468, .T. ) ;
#5764 = MECHANICAL_DESIGN_GEOMETRIC_PRESENTATION_REPRESENTATION (  '', ( #4845 ), #6205 ) ;
#5765 = ORIENTED_EDGE ( 'NONE', *, *, #24, .F. ) ;
#5766 = EDGE_CURVE ( 'NONE', #6480, #5308, #4320, .T. ) ;
#5767 = ORIENTED_EDGE ( 'NONE', *, *, #8539, .T. ) ;
#5768 = CARTESIAN_POINT ( 'NONE',  ( -0.7282875163485818000, -0.3315016303536156800, 0.01192732814465496800 ) ) ;
#5769 =( NAMED_UNIT ( * ) SI_UNIT ( $, .STERADIAN. ) SOLID_ANGLE_UNIT ( ) );
#5770 = ORIENTED_EDGE ( 'NONE', *, *, #1001, .F. ) ;
#5771 = DIRECTION ( 'NONE',  ( -2.188980764207856200E-016, -4.377961528415732600E-016, 1.000000000000000000 ) ) ;
#5772 = COLOUR_RGB ( '',0.5019607843137254800, 0.5019607843137254800, 0.5019607843137254800 ) ;
#5773 = SURFACE_SIDE_STYLE ('',( #501 ) ) ;
#5774 = UNCERTAINTY_MEASURE_WITH_UNIT (LENGTH_MEASURE( 1.000000000000000100E-005 ), #7302, 'distance_accuracy_value', 'NONE');
#5775 = ORIENTED_EDGE ( 'NONE', *, *, #471, .T. ) ;
#5776 =( GEOMETRIC_REPRESENTATION_CONTEXT ( 3 ) GLOBAL_UNCERTAINTY_ASSIGNED_CONTEXT ( ( #2507 ) ) GLOBAL_UNIT_ASSIGNED_CONTEXT ( ( #8711, #4688, #557 ) ) REPRESENTATION_CONTEXT ( 'NONE', 'WORKASPACE' ) );
#5777 = CIRCLE ( 'NONE', #32, 0.1890000000000011700 ) ;
#5778 = AXIS2_PLACEMENT_3D ( 'NONE', #1132, #5443, #1333 ) ;
#5779 = LINE ( 'NONE', #3969, #7549 ) ;
#5781 = CARTESIAN_POINT ( 'NONE',  ( -0.6757875163485817000, -0.3315016303536157900, -1.546958369439662000 ) ) ;
#5780 = DIRECTION ( 'NONE',  ( -1.000000000000000000, 0.0000000000000000000, 0.0000000000000000000 ) ) ;
#5782 =( CONVERSION_BASED_UNIT ( 'INCH', #1681 ) LENGTH_UNIT ( ) NAMED_UNIT ( #67 ) );
#5783 = ORIENTED_EDGE ( 'NONE', *, *, #73, .T. ) ;
#5784 = STYLED_ITEM ( 'NONE', ( #675 ), #2272 ) ;
#5785 = VERTEX_POINT ( 'NONE', #6566 ) ;
#5786 = UNCERTAINTY_MEASURE_WITH_UNIT (LENGTH_MEASURE( 1.000000000000000100E-005 ), #2162, 'distance_accuracy_value', 'NONE');
#5787 = FILL_AREA_STYLE ('',( #4388 ) ) ;
#5789 = DIRECTION ( 'NONE',  ( 0.0000000000000000000, 1.000000000000000000, -1.224606353822389800E-016 ) ) ;
#5788 = DIRECTION ( 'NONE',  ( -4.811513434270445100E-032, 1.636240428635621200E-032, 1.000000000000000000 ) ) ;
#5790 = FILL_AREA_STYLE ('',( #5073 ) ) ;
#5791 = LENGTH_MEASURE_WITH_UNIT ( LENGTH_MEASURE( 0.02539999999999999900 ), #5248 );
#5792 = LENGTH_MEASURE_WITH_UNIT ( LENGTH_MEASURE( 0.02539999999999999900 ), #1511 );
#5793 = EDGE_CURVE ( 'NONE', #2455, #5945, #2505, .T. ) ;
#5794 = VERTEX_POINT ( 'NONE', #7753 ) ;
#5795 = CARTESIAN_POINT ( 'NONE',  ( -0.8837875163478873300, -0.3315016303536152400, -0.9504697936969800400 ) ) ;
#5796 =( CONVERSION_BASED_UNIT ( 'INCH', #3235 ) LENGTH_UNIT ( ) NAMED_UNIT ( #6723 ) );
#5797 =( GEOMETRIC_REPRESENTATION_CONTEXT ( 3 ) GLOBAL_UNCERTAINTY_ASSIGNED_CONTEXT ( ( #5786 ) ) GLOBAL_UNIT_ASSIGNED_CONTEXT ( ( #2162, #6904, #2856 ) ) REPRESENTATION_CONTEXT ( 'NONE', 'WORKASPACE' ) );
#5798 = FILL_AREA_STYLE ('',( #4437 ) ) ;
#5799 = ADVANCED_FACE ( 'NONE', ( #652, #7472 ), #2502, .T. ) ;
#5800 =( NAMED_UNIT ( * ) SI_UNIT ( $, .STERADIAN. ) SOLID_ANGLE_UNIT ( ) );
#5801 = ORIENTED_EDGE ( 'NONE', *, *, #4196, .F. ) ;
#5802 =( NAMED_UNIT ( * ) PLANE_ANGLE_UNIT ( ) SI_UNIT ( $, .RADIAN. ) );
#5803 = DIRECTION ( 'NONE',  ( 0.0000000000000000000, 0.0000000000000000000, -1.000000000000000000 ) ) ;
#5804 = ORIENTED_EDGE ( 'NONE', *, *, #5979, .T. ) ;
#5806 = CARTESIAN_POINT ( 'NONE',  ( -0.6057875163485816300, -0.3315016303536159600, -1.349538768355159600 ) ) ;
#5805 = CARTESIAN_POINT ( 'NONE',  ( -0.7282875163485818000, -0.3315016303536160700, -1.319958369439661700 ) ) ;
#5807 = LINE ( 'NONE', #4346, #7573 ) ;
#5808 = DIRECTION ( 'NONE',  ( 1.000000000000000000, 0.0000000000000000000, 0.0000000000000000000 ) ) ;
#5809 = AXIS2_PLACEMENT_3D ( 'NONE', #5123, #1016, #5808 ) ;
#5810 = FACE_OUTER_BOUND ( 'NONE', #1880, .T. ) ;
#5811 = AXIS2_PLACEMENT_3D ( 'NONE', #2768, #7487, #3453 ) ;
#5812 = STYLED_ITEM ( 'NONE', ( #3421 ), #7382 ) ;
#5813 = CARTESIAN_POINT ( 'NONE',  ( -0.9172875163485918500, -0.3315016303536180700, -1.499021597812544300 ) ) ;
#5814 = CARTESIAN_POINT ( 'NONE',  ( -0.7249790566233088600, -0.3572902730911910500, -1.599000000000018600 ) ) ;
#5815 = ADVANCED_FACE ( 'NONE', ( #3266, #8424 ), #475, .T. ) ;
#5816 = CARTESIAN_POINT ( 'NONE',  ( -0.6557881546836437100, -0.3315016303536151800, -1.546958369429475300 ) ) ;
#5817 = EDGE_CURVE ( 'NONE', #8101, #5959, #6755, .T. ) ;
#5818 = COLOUR_RGB ( '',0.5019607843137254800, 0.5019607843137254800, 0.5019607843137254800 ) ;
#5819 =( NAMED_UNIT ( * ) PLANE_ANGLE_UNIT ( ) SI_UNIT ( $, .RADIAN. ) );
#5820 = SURFACE_STYLE_USAGE ( .BOTH. , #1033 ) ;
#5821 = DIRECTION ( 'NONE',  ( 0.0000000000000000000, 0.0000000000000000000, -1.000000000000000000 ) ) ;
#5822 = CARTESIAN_POINT ( 'NONE',  ( -0.7282875163485818000, -0.9665016303536162500, -1.298670854553895500E-015 ) ) ;
#5823 = MECHANICAL_DESIGN_GEOMETRIC_PRESENTATION_REPRESENTATION (  '', ( #4002 ), #6270 ) ;
#5824 = PRESENTATION_LAYER_ASSIGNMENT (  '', '', ( #5373 ) ) ;
#5825 = CARTESIAN_POINT ( 'NONE',  ( -1.188147005758116000, -0.5110016303536214500, -1.342307511554200900E-015 ) ) ;
#5826 = EDGE_CURVE ( 'NONE', #2753, #808, #4973, .T. ) ;
#5827 = CARTESIAN_POINT ( 'NONE',  ( -0.5614891191008711800, -0.3155413122284022000, -1.539000000000018800 ) ) ;
#5828 = CARTESIAN_POINT ( 'NONE',  ( -0.7282875163485818000, -0.3315016303536155200, -0.7139482375457254500 ) ) ;
#5829 = LINE ( 'NONE', #3871, #2200 ) ;
#5830 = CYLINDRICAL_SURFACE ( 'NONE', #3751, 0.3847549984779936600 ) ;
#5831 = CIRCLE ( 'NONE', #7950, 0.03750000000000029700 ) ;
#5832 = MECHANICAL_DESIGN_GEOMETRIC_PRESENTATION_REPRESENTATION (  '', ( #4473 ), #6282 ) ;
#5834 = CARTESIAN_POINT ( 'NONE',  ( -0.7282875163485818000, -0.5815016303536153500, -0.9670000000000005300 ) ) ;
#5833 = CARTESIAN_POINT ( 'NONE',  ( -1.083287516348580700, -0.3315016303536154600, -0.8895780908448961400 ) ) ;
#5835 = AXIS2_PLACEMENT_3D ( 'NONE', #8334, #4303, #5982 ) ;
#5836 = FACE_OUTER_BOUND ( 'NONE', #5025, .T. ) ;
#5837 = CARTESIAN_POINT ( 'NONE',  ( -0.7282875163485818000, -0.3315016303536152400, -1.216958369439662000 ) ) ;
#5838 = ADVANCED_FACE ( 'NONE', ( #1534, #1309 ), #6653, .T. ) ;
#5839 = DIRECTION ( 'NONE',  ( -1.000000000000000000, 0.0000000000000000000, 0.0000000000000000000 ) ) ;
#5840 = EDGE_CURVE ( 'NONE', #8593, #2260, #4107, .T. ) ;
#5841 = ORIENTED_EDGE ( 'NONE', *, *, #4670, .F. ) ;
#5842 = DIRECTION ( 'NONE',  ( 1.000000000000000000, 0.0000000000000000000, 0.0000000000000000000 ) ) ;
#5843 = CARTESIAN_POINT ( 'NONE',  ( -0.7282875163485818000, -0.3315016303536155200, -1.012000000000000000 ) ) ;
#5844 = CARTESIAN_POINT ( 'NONE',  ( -0.7257867446363268600, -0.2590708237825600800, -1.546958368257026900 ) ) ;
#5845 = VECTOR ( 'NONE', #2852, 39.37007874015748100 ) ;
#5846 = PRESENTATION_LAYER_ASSIGNMENT (  '', '', ( #4490 ) ) ;
#5847 = EDGE_LOOP ( 'NONE', ( #1733, #6609, #3631, #3998 ) ) ;
#5848 = VECTOR ( 'NONE', #4738, 39.37007874015748100 ) ;
#5849 = LINE ( 'NONE', #3216, #5629 ) ;
#5850 = CARTESIAN_POINT ( 'NONE',  ( -1.188147005758121600, -0.06600163035361955600, -1.263479697069721800E-015 ) ) ;
#5851 = ORIENTED_EDGE ( 'NONE', *, *, #3310, .F. ) ;
#5852 = CARTESIAN_POINT ( 'NONE',  ( -0.7282875163485818000, -0.3315016303536155200, -0.9320000000000001600 ) ) ;
#5853 = COLOUR_RGB ( '',0.5019607843137254800, 0.5019607843137254800, 0.5019607843137254800 ) ;
#5854 = CARTESIAN_POINT ( 'NONE',  ( -0.7282875163485818000, -0.3315016303536152400, -1.092458369439662100 ) ) ;
#5855 = VERTEX_POINT ( 'NONE', #1988 ) ;
#5856 = DIRECTION ( 'NONE',  ( -1.000000000000000000, 0.0000000000000000000, 0.0000000000000000000 ) ) ;
#5857 = ADVANCED_FACE ( 'NONE', ( #5920 ), #6743, .T. ) ;
#5858 = CARTESIAN_POINT ( 'NONE',  ( -0.5509704956691567900, -0.2859714452938946200, -1.574342070008655900 ) ) ;
#5859 = EDGE_LOOP ( 'NONE', ( #7531, #400, #3572, #8399 ) ) ;
#5860 = FILL_AREA_STYLE_COLOUR ( '', #5483 ) ;
#5861 = AXIS2_PLACEMENT_3D ( 'NONE', #5768, #1661, #6445 ) ;
#5862 = LINE ( 'NONE', #2427, #2241 ) ;
#5863 = ORIENTED_EDGE ( 'NONE', *, *, #5293, .T. ) ;
#5864 = FACE_OUTER_BOUND ( 'NONE', #7332, .T. ) ;
#5865 = PRESENTATION_LAYER_ASSIGNMENT (  '', '', ( #5406 ) ) ;
#5867 = DIRECTION ( 'NONE',  ( -5.389556073798631000E-015, -1.412857278674263400E-015, -1.000000000000000000 ) ) ;
#5866 = SURFACE_STYLE_USAGE ( .BOTH. , #1081 ) ;
#5868 = FILL_AREA_STYLE ('',( #6511 ) ) ;
#5869 = ORIENTED_EDGE ( 'NONE', *, *, #5182, .F. ) ;
#5870 = EDGE_CURVE ( 'NONE', #5228, #7520, #2303, .T. ) ;
#5871 = ORIENTED_EDGE ( 'NONE', *, *, #2449, .F. ) ;
#5872 = EDGE_LOOP ( 'NONE', ( #1920, #5895, #1145, #3093 ) ) ;
#5873 = FILL_AREA_STYLE ('',( #8537 ) ) ;
#5874 = CARTESIAN_POINT ( 'NONE',  ( -0.7282875163485818000, -0.3315016303536156300, 0.2589999999999986800 ) ) ;
#5875 = LINE ( 'NONE', #4282, #2254 ) ;
#5876 = SURFACE_STYLE_USAGE ( .BOTH. , #1090 ) ;
#5877 = FILL_AREA_STYLE_COLOUR ( '', #5260 ) ;
#5878 = EDGE_LOOP ( 'NONE', ( #4608, #4477 ) ) ;
#5879 = SURFACE_SIDE_STYLE ('',( #1569 ) ) ;
#5880 = ORIENTED_EDGE ( 'NONE', *, *, #4365, .F. ) ;
#5881 = AXIS2_PLACEMENT_3D ( 'NONE', #3635, #1536, #7634 ) ;
#5882 =( GEOMETRIC_REPRESENTATION_CONTEXT ( 3 ) GLOBAL_UNCERTAINTY_ASSIGNED_CONTEXT ( ( #5115 ) ) GLOBAL_UNIT_ASSIGNED_CONTEXT ( ( #4216, #120, #4919 ) ) REPRESENTATION_CONTEXT ( 'NONE', 'WORKASPACE' ) );
#5883 =( GEOMETRIC_REPRESENTATION_CONTEXT ( 3 ) GLOBAL_UNCERTAINTY_ASSIGNED_CONTEXT ( ( #8454 ) ) GLOBAL_UNIT_ASSIGNED_CONTEXT ( ( #4924, #789, #5597 ) ) REPRESENTATION_CONTEXT ( 'NONE', 'WORKASPACE' ) );
#5884 =( CONVERSION_BASED_UNIT ( 'INCH', #6240 ) LENGTH_UNIT ( ) NAMED_UNIT ( #6307 ) );
#5885 = SURFACE_STYLE_USAGE ( .BOTH. , #1098 ) ;
#5886 = UNCERTAINTY_MEASURE_WITH_UNIT (LENGTH_MEASURE( 1.000000000000000100E-005 ), #1011, 'distance_accuracy_value', 'NONE');
#5887 = EDGE_LOOP ( 'NONE', ( #4186, #7236, #582, #4838 ) ) ;
#5888 =( NAMED_UNIT ( * ) PLANE_ANGLE_UNIT ( ) SI_UNIT ( $, .RADIAN. ) );
#5889 = LINE ( 'NONE', #7265, #420 ) ;
#5890 = DIRECTION ( 'NONE',  ( -9.726753936418404900E-033, -1.224606353822377300E-016, -1.000000000000000000 ) ) ;
#5891 = CARTESIAN_POINT ( 'NONE',  ( -0.5851604478524288200, -0.2443748299833469200, -1.544383241068491200 ) ) ;
#5892 = CARTESIAN_POINT ( 'NONE',  ( -0.7282875163485668100, 0.1994983696463852900, 0.2849999999999988100 ) ) ;
#5893 =( CONVERSION_BASED_UNIT ( 'INCH', #1634 ) LENGTH_UNIT ( ) NAMED_UNIT ( #3263 ) );
#5894 = AXIS2_PLACEMENT_3D ( 'NONE', #3060, #7779, #3762 ) ;
#5895 = ORIENTED_EDGE ( 'NONE', *, *, #4287, .T. ) ;
#5896 = UNCERTAINTY_MEASURE_WITH_UNIT (LENGTH_MEASURE( 1.000000000000000100E-005 ), #868, 'distance_accuracy_value', 'NONE');
#5897 = DIRECTION ( 'NONE',  ( 0.0000000000000000000, 0.0000000000000000000, 1.000000000000000000 ) ) ;
#5898 = STYLED_ITEM ( 'NONE', ( #1444 ), #2506 ) ;
#5899 = CARTESIAN_POINT ( 'NONE',  ( -0.7282875163485818000, -0.05650163035361522500, 0.2339999999999986300 ) ) ;
#5900 = ORIENTED_EDGE ( 'NONE', *, *, #7000, .T. ) ;
#5901 = DIRECTION ( 'NONE',  ( -5.389556073798635700E-015, -1.412857278674264800E-015, -1.000000000000000000 ) ) ;
#5902 = DIRECTION ( 'NONE',  ( 0.0000000000000000000, 0.0000000000000000000, -1.000000000000000000 ) ) ;
#5903 = CARTESIAN_POINT ( 'NONE',  ( -0.7282875163485818000, -0.08150163035361573900, 1.168000000000000100 ) ) ;
#5904 = ADVANCED_FACE ( 'NONE', ( #6849 ), #2403, .T. ) ;
#5905 = LENGTH_MEASURE_WITH_UNIT ( LENGTH_MEASURE( 0.02539999999999999900 ), #5634 );
#5906 = EDGE_CURVE ( 'NONE', #7572, #6884, #4206, .T. ) ;
#5907 = EDGE_LOOP ( 'NONE', ( #8311, #7749, #6578, #8744 ) ) ;
#5908 = DIRECTION ( 'NONE',  ( 0.0000000000000000000, 0.0000000000000000000, -1.000000000000000000 ) ) ;
#5909 = SURFACE_SIDE_STYLE ('',( #821 ) ) ;
#5910 = DIRECTION ( 'NONE',  ( 0.0000000000000000000, 1.000000000000000000, 0.0000000000000000000 ) ) ;
#5911 = STYLED_ITEM ( 'NONE', ( #8376 ), #3866 ) ;
#5912 =( CONVERSION_BASED_UNIT ( 'INCH', #726 ) LENGTH_UNIT ( ) NAMED_UNIT ( #5392 ) );
#5913 = CARTESIAN_POINT ( 'NONE',  ( -0.6812875163485880800, -0.3315016303536165700, -1.599000000000018900 ) ) ;
#5914 = CIRCLE ( 'NONE', #6145, 0.02600000000000007900 ) ;
#5915 = CARTESIAN_POINT ( 'NONE',  ( -0.8993749701468354300, -0.3992231245468653700, -1.575159384466370000 ) ) ;
#5916 = LINE ( 'NONE', #2899, #7683 ) ;
#5917 = DIRECTION ( 'NONE',  ( -1.224646799147353200E-016, 1.000000000000000000, 0.0000000000000000000 ) ) ;
#5918 = CARTESIAN_POINT ( 'NONE',  ( -0.7282875163485813500, -0.3315016303536163500, -0.3769583694396621000 ) ) ;
#5919 = AXIS2_PLACEMENT_3D ( 'NONE', #2712, #2042, #6784 ) ;
#5920 = FACE_OUTER_BOUND ( 'NONE', #576, .T. ) ;
#5921 = SURFACE_SIDE_STYLE ('',( #6222 ) ) ;
#5922 = DIRECTION ( 'NONE',  ( -1.000000000000000000, 0.0000000000000000000, 0.0000000000000000000 ) ) ;
#5923 = AXIS2_PLACEMENT_3D ( 'NONE', #8554, #2468, #7237 ) ;
#5924 =( GEOMETRIC_REPRESENTATION_CONTEXT ( 3 ) GLOBAL_UNCERTAINTY_ASSIGNED_CONTEXT ( ( #3278 ) ) GLOBAL_UNIT_ASSIGNED_CONTEXT ( ( #3627, #8329, #4297 ) ) REPRESENTATION_CONTEXT ( 'NONE', 'WORKASPACE' ) );
#5925 = SURFACE_SIDE_STYLE ('',( #7682 ) ) ;
#5926 =( NAMED_UNIT ( * ) PLANE_ANGLE_UNIT ( ) SI_UNIT ( $, .RADIAN. ) );
#5927 = EDGE_CURVE ( 'NONE', #489, #8678, #7792, .T. ) ;
#5928 =( LENGTH_UNIT ( ) NAMED_UNIT ( * ) SI_UNIT ( $, .METRE. ) );
#5929 = CARTESIAN_POINT ( 'NONE',  ( -1.103287516348582200, -0.3315016303536154600, -0.7220000000000000900 ) ) ;
#5930 = DIMENSIONAL_EXPONENTS ( 1.000000000000000000, 0.0000000000000000000, 0.0000000000000000000, 0.0000000000000000000, 0.0000000000000000000, 0.0000000000000000000, 0.0000000000000000000 ) ;
#5931 = CARTESIAN_POINT ( 'NONE',  ( -0.7282875163485818000, -0.3315016303536155200, -0.5050000000000006700 ) ) ;
#5932 = COLOUR_RGB ( '',0.5019607843137254800, 0.5019607843137254800, 0.5019607843137254800 ) ;
#5933 = PRESENTATION_STYLE_ASSIGNMENT (( #6460 ) ) ;
#5934 = CARTESIAN_POINT ( 'NONE',  ( -0.5897875163515612400, -0.3315016303536180700, -1.123999999999644200 ) ) ;
#5935 =( GEOMETRIC_REPRESENTATION_CONTEXT ( 3 ) GLOBAL_UNCERTAINTY_ASSIGNED_CONTEXT ( ( #1547 ) ) GLOBAL_UNIT_ASSIGNED_CONTEXT ( ( #3169, #7889, #3864 ) ) REPRESENTATION_CONTEXT ( 'NONE', 'WORKASPACE' ) );
#5936 = SURFACE_STYLE_FILL_AREA ( #3692 ) ;
#5937 = COLOUR_RGB ( '',0.5019607843137254800, 0.5019607843137254800, 0.5019607843137254800 ) ;
#5938 = CARTESIAN_POINT ( 'NONE',  ( -0.7950520020095025500, -0.3604595936243260000, -1.546958368966433900 ) ) ;
#5939 = EDGE_CURVE ( 'NONE', #213, #269, #6018, .T. ) ;
#5940 = ADVANCED_FACE ( 'NONE', ( #761, #4007 ), #2778, .F. ) ;
#5941 = FILL_AREA_STYLE ('',( #7928 ) ) ;
#5942 = CARTESIAN_POINT ( 'NONE',  ( -0.8922796556792288400, -0.4062970054195787500, -1.571555229317136900 ) ) ;
#5943 =( GEOMETRIC_REPRESENTATION_CONTEXT ( 3 ) GLOBAL_UNCERTAINTY_ASSIGNED_CONTEXT ( ( #3383 ) ) GLOBAL_UNIT_ASSIGNED_CONTEXT ( ( #4725, #595, #5398 ) ) REPRESENTATION_CONTEXT ( 'NONE', 'WORKASPACE' ) );
#5944 = LENGTH_MEASURE_WITH_UNIT ( LENGTH_MEASURE( 0.02539999999999999900 ), #6793 );
#5945 = VERTEX_POINT ( 'NONE', #5507 ) ;
#5946 = LINE ( 'NONE', #3146, #2333 ) ;
#5947 = CARTESIAN_POINT ( 'NONE',  ( -0.7282875163485818000, -0.3315016303536155200, -1.025562063698267200 ) ) ;
#5948 = EDGE_LOOP ( 'NONE', ( #2876, #8261, #1777, #6898, #3624 ) ) ;
#5949 = VECTOR ( 'NONE', #5978, 39.37007874015748100 ) ;
#5951 = CARTESIAN_POINT ( 'NONE',  ( -0.7282875163485818000, -0.01900163035361538900, -1.012000000000000000 ) ) ;
#5950 = COLOUR_RGB ( '',0.5019607843137254800, 0.5019607843137254800, 0.5019607843137254800 ) ;
#5952 = EDGE_CURVE ( 'NONE', #2386, #1231, #1523, .T. ) ;
#5953 = CARTESIAN_POINT ( 'NONE',  ( -0.7282875163485818000, -0.3315016303536155200, -0.9320000000000001600 ) ) ;
#5954 = CARTESIAN_POINT ( 'NONE',  ( -0.5132875163524364100, -0.3315016303536180700, -1.092312662478476700 ) ) ;
#5955 = VERTEX_POINT ( 'NONE', #8235 ) ;
#5956 = AXIS2_PLACEMENT_3D ( 'NONE', #4914, #3553, #819 ) ;
#5957 = FILL_AREA_STYLE ('',( #4485 ) ) ;
#5958 = SURFACE_STYLE_FILL_AREA ( #6976 ) ;
#5959 = VERTEX_POINT ( 'NONE', #6873 ) ;
#5960 = DIRECTION ( 'NONE',  ( -5.389556073798634900E-015, -1.412857278674264800E-015, -1.000000000000000000 ) ) ;
#5961 = ORIENTED_EDGE ( 'NONE', *, *, #6106, .T. ) ;
#5962 = DIRECTION ( 'NONE',  ( -9.711944615174957000E-017, 7.459504271329836200E-017, 1.000000000000000000 ) ) ;
#5963 =( CONVERSION_BASED_UNIT ( 'INCH', #1363 ) LENGTH_UNIT ( ) NAMED_UNIT ( #2755 ) );
#5964 = VERTEX_POINT ( 'NONE', #2835 ) ;
#5965 =( LENGTH_UNIT ( ) NAMED_UNIT ( * ) SI_UNIT ( $, .METRE. ) );
#5966 = SURFACE_STYLE_FILL_AREA ( #2490 ) ;
#5967 = PRESENTATION_STYLE_ASSIGNMENT (( #5344 ) ) ;
#5968 = ORIENTED_EDGE ( 'NONE', *, *, #1980, .F. ) ;
#5969 = CARTESIAN_POINT ( 'NONE',  ( -1.116287516348581000, -0.3315016303536154600, -0.8867329652895076200 ) ) ;
#5970 = ORIENTED_EDGE ( 'NONE', *, *, #4429, .F. ) ;
#5971 = FILL_AREA_STYLE ('',( #4623 ) ) ;
#5972 = PRESENTATION_LAYER_ASSIGNMENT (  '', '', ( #6430 ) ) ;
#5973 = SURFACE_SIDE_STYLE ('',( #2988 ) ) ;
#5974 = ORIENTED_EDGE ( 'NONE', *, *, #7529, .T. ) ;
#5975 =( GEOMETRIC_REPRESENTATION_CONTEXT ( 3 ) GLOBAL_UNCERTAINTY_ASSIGNED_CONTEXT ( ( #15 ) ) GLOBAL_UNIT_ASSIGNED_CONTEXT ( ( #5702, #1600, #6376 ) ) REPRESENTATION_CONTEXT ( 'NONE', 'WORKASPACE' ) );
#5976 = FACE_BOUND ( 'NONE', #1288, .T. ) ;
#5977 = STYLED_ITEM ( 'NONE', ( #2573 ), #7264 ) ;
#5978 = DIRECTION ( 'NONE',  ( 5.389556073798634900E-015, 1.412857278674264800E-015, 1.000000000000000000 ) ) ;
#5979 = EDGE_CURVE ( 'NONE', #4264, #5051, #8545, .T. ) ;
#5980 = ORIENTED_EDGE ( 'NONE', *, *, #7738, .F. ) ;
#5981 =( CONVERSION_BASED_UNIT ( 'INCH', #966 ) LENGTH_UNIT ( ) NAMED_UNIT ( #1237 ) );
#5982 = DIRECTION ( 'NONE',  ( -1.000000000000000000, 0.0000000000000000000, 0.0000000000000000000 ) ) ;
#5983 =( NAMED_UNIT ( * ) PLANE_ANGLE_UNIT ( ) SI_UNIT ( $, .RADIAN. ) );
#5984 = DIRECTION ( 'NONE',  ( -9.726753936418404900E-033, -1.224606353822377300E-016, -1.000000000000000000 ) ) ;
#5985 = ADVANCED_FACE ( 'NONE', ( #4965 ), #2296, .T. ) ;
#5986 = DIRECTION ( 'NONE',  ( 0.0000000000000000000, -2.060207047528567500E-016, -1.000000000000000000 ) ) ;
#5987 = B_SPLINE_CURVE_WITH_KNOTS ( 'NONE', 3,
 ( #3335, #4004, #8718, #4696, #562 ),
 .UNSPECIFIED., .F., .F.,
 ( 4, 1, 4 ),
 ( 1.214843833619472300E-007, 0.02505635576650950100, 0.05011235961652172500 ),
 .UNSPECIFIED. ) ;
#5988 = ORIENTED_EDGE ( 'NONE', *, *, #8764, .F. ) ;
#5989 = MECHANICAL_DESIGN_GEOMETRIC_PRESENTATION_REPRESENTATION (  '', ( #5078 ), #6447 ) ;
#5990 = ORIENTED_EDGE ( 'NONE', *, *, #5050, .F. ) ;
#5991 = MECHANICAL_DESIGN_GEOMETRIC_PRESENTATION_REPRESENTATION (  '', ( #4639 ), #6449 ) ;
#5992 = CYLINDRICAL_SURFACE ( 'NONE', #6345, 0.05250000000000005400 ) ;
#5993 =( GEOMETRIC_REPRESENTATION_CONTEXT ( 3 ) GLOBAL_UNCERTAINTY_ASSIGNED_CONTEXT ( ( #7795 ) ) GLOBAL_UNIT_ASSIGNED_CONTEXT ( ( #4021, #8746, #4722 ) ) REPRESENTATION_CONTEXT ( 'NONE', 'WORKASPACE' ) );
#5994 = SURFACE_SIDE_STYLE ('',( #8129 ) ) ;
#5995 = EDGE_CURVE ( 'NONE', #3581, #8706, #5916, .T. ) ;
#5996 = CARTESIAN_POINT ( 'NONE',  ( -0.3532875163485813500, -0.3315016303536155200, -0.7570000000000005600 ) ) ;
#5997 = DIRECTION ( 'NONE',  ( 0.0000000000000000000, -1.000000000000000000, 1.219574997171544800E-016 ) ) ;
#5998 =( CONVERSION_BASED_UNIT ( 'INCH', #1367 ) LENGTH_UNIT ( ) NAMED_UNIT ( #1993 ) );
#5999 = ORIENTED_EDGE ( 'NONE', *, *, #6754, .F. ) ;
#6000 = FACE_OUTER_BOUND ( 'NONE', #2693, .T. ) ;
#6001 = UNCERTAINTY_MEASURE_WITH_UNIT (LENGTH_MEASURE( 1.000000000000000100E-005 ), #1297, 'distance_accuracy_value', 'NONE');
#6002 =( LENGTH_UNIT ( ) NAMED_UNIT ( * ) SI_UNIT ( $, .METRE. ) );
#6003 = DIMENSIONAL_EXPONENTS ( 1.000000000000000000, 0.0000000000000000000, 0.0000000000000000000, 0.0000000000000000000, 0.0000000000000000000, 0.0000000000000000000, 0.0000000000000000000 ) ;
#6004 = CARTESIAN_POINT ( 'NONE',  ( -0.8842875163485813800, -0.3315016303536163500, -0.6419583694396621100 ) ) ;
#6005 =( GEOMETRIC_REPRESENTATION_CONTEXT ( 3 ) GLOBAL_UNCERTAINTY_ASSIGNED_CONTEXT ( ( #5221 ) ) GLOBAL_UNIT_ASSIGNED_CONTEXT ( ( #6129, #2060, #6804 ) ) REPRESENTATION_CONTEXT ( 'NONE', 'WORKASPACE' ) );
#6006 = DIRECTION ( 'NONE',  ( 1.324963830349198200E-016, -4.495203217082431200E-017, 1.000000000000000000 ) ) ;
#6007 = EDGE_LOOP ( 'NONE', ( #5423, #5804, #256, #7839, #6149 ) ) ;
#6008 = PRESENTATION_STYLE_ASSIGNMENT (( #6059 ) ) ;
#6009 = FILL_AREA_STYLE ('',( #3286 ) ) ;
#6010 = MECHANICAL_DESIGN_GEOMETRIC_PRESENTATION_REPRESENTATION (  '', ( #5099 ), #6464 ) ;
#6011 = DIRECTION ( 'NONE',  ( -1.000000000000000000, 0.0000000000000000000, 0.0000000000000000000 ) ) ;
#6012 = ORIENTED_EDGE ( 'NONE', *, *, #6858, .T. ) ;
#6013 = DIRECTION ( 'NONE',  ( 0.0000000000000000000, 1.000000000000000000, -2.060207047528567700E-016 ) ) ;
#6014 = VECTOR ( 'NONE', #1554, 39.37007874015748100 ) ;
#6015 =( LENGTH_UNIT ( ) NAMED_UNIT ( * ) SI_UNIT ( $, .METRE. ) );
#6016 =( CONVERSION_BASED_UNIT ( 'INCH', #3957 ) LENGTH_UNIT ( ) NAMED_UNIT ( #8155 ) );
#6017 = DIMENSIONAL_EXPONENTS ( 1.000000000000000000, 0.0000000000000000000, 0.0000000000000000000, 0.0000000000000000000, 0.0000000000000000000, 0.0000000000000000000, 0.0000000000000000000 ) ;
#6018 = CIRCLE ( 'NONE', #4003, 0.1450000000000002400 ) ;
#6019 = FILL_AREA_STYLE ('',( #3984 ) ) ;
#6020 = AXIS2_PLACEMENT_3D ( 'NONE', #5609, #1509, #6297 ) ;
#6021 =( NAMED_UNIT ( * ) PLANE_ANGLE_UNIT ( ) SI_UNIT ( $, .RADIAN. ) );
#6022 = ADVANCED_FACE ( 'NONE', ( #4100, #453 ), #7609, .T. ) ;
#6023 = CARTESIAN_POINT ( 'NONE',  ( -0.7282875163485912400, -0.3315016303536180700, -1.267000000000018100 ) ) ;
#6024 = EDGE_CURVE ( 'NONE', #579, #6803, #8425, .T. ) ;
#6025 =( LENGTH_UNIT ( ) NAMED_UNIT ( * ) SI_UNIT ( $, .METRE. ) );
#6026 = SURFACE_STYLE_USAGE ( .BOTH. , #1242 ) ;
#6027 = PRESENTATION_LAYER_ASSIGNMENT (  '', '', ( #5579 ) ) ;
#6028 = MECHANICAL_DESIGN_GEOMETRIC_PRESENTATION_REPRESENTATION (  '', ( #4208 ), #6491 ) ;
#6029 = AXIS2_PLACEMENT_3D ( 'NONE', #5395, #4056, #8767 ) ;
#6030 = PRESENTATION_LAYER_ASSIGNMENT (  '', '', ( #5583 ) ) ;
#6031 = DIRECTION ( 'NONE',  ( 0.0000000000000000000, 0.0000000000000000000, 1.000000000000000000 ) ) ;
#6032 = DIRECTION ( 'NONE',  ( 1.000000000000000000, 0.0000000000000000000, 0.0000000000000000000 ) ) ;
#6033 = CARTESIAN_POINT ( 'NONE',  ( -0.7282875163485816900, -0.3315016303536162400, -0.6699583694396619200 ) ) ;
#6034 = VECTOR ( 'NONE', #7008, 39.37007874015748100 ) ;
#6035 = COLOUR_RGB ( '',0.5019607843137254800, 0.5019607843137254800, 0.5019607843137254800 ) ;
#6036 = COLOUR_RGB ( '',0.5019607843137254800, 0.5019607843137254800, 0.5019607843137254800 ) ;
#6037 = FILL_AREA_STYLE ('',( #8040 ) ) ;
#6038 = ORIENTED_EDGE ( 'NONE', *, *, #2085, .T. ) ;
#6039 = DIRECTION ( 'NONE',  ( 0.0000000000000000000, 1.000000000000000000, -1.224606353822389800E-016 ) ) ;
#6040 = CARTESIAN_POINT ( 'NONE',  ( -0.7282875116751432700, -0.4040037436790676600, -1.546958369328008700 ) ) ;
#6041 = COLOUR_RGB ( '',0.5019607843137254800, 0.5019607843137254800, 0.5019607843137254800 ) ;
#6042 = CARTESIAN_POINT ( 'NONE',  ( -0.8717875163485813200, -0.3315016303536163500, -0.4619583694396621800 ) ) ;
#6043 = STYLED_ITEM ( 'NONE', ( #1727 ), #6519 ) ;
#6044 = ORIENTED_EDGE ( 'NONE', *, *, #1631, .F. ) ;
#6045 = PRESENTATION_STYLE_ASSIGNMENT (( #8786 ) ) ;
#6046 = VECTOR ( 'NONE', #4806, 39.37007874015748100 ) ;
#6047 = CARTESIAN_POINT ( 'NONE',  ( -0.7282875163485823500, -0.3315016303536157900, -0.5169583694396617800 ) ) ;
#6048 = VERTEX_POINT ( 'NONE', #1549 ) ;
#6049 = CARTESIAN_POINT ( 'NONE',  ( -0.7282875163485818000, -0.01150163035361580900, -0.9320000000000000500 ) ) ;
#6050 = VERTEX_POINT ( 'NONE', #3588 ) ;
#6051 = SURFACE_STYLE_FILL_AREA ( #5790 ) ;
#6052 = CARTESIAN_POINT ( 'NONE',  ( -1.188147005758116000, -0.5970016303536215300, -1.331775896911328400E-015 ) ) ;
#6053 =( GEOMETRIC_REPRESENTATION_CONTEXT ( 3 ) GLOBAL_UNCERTAINTY_ASSIGNED_CONTEXT ( ( #2730 ) ) GLOBAL_UNIT_ASSIGNED_CONTEXT ( ( #7095, #3048, #7757 ) ) REPRESENTATION_CONTEXT ( 'NONE', 'WORKASPACE' ) );
#6054 = ORIENTED_EDGE ( 'NONE', *, *, #8649, .T. ) ;
#6055 = PRESENTATION_STYLE_ASSIGNMENT (( #3055 ) ) ;
#6056 = SURFACE_STYLE_USAGE ( .BOTH. , #1276 ) ;
#6057 = EDGE_LOOP ( 'NONE', ( #6405, #5198, #7564, #5453, #6054 ) ) ;
#6058 = VERTEX_POINT ( 'NONE', #4289 ) ;
#6059 = SURFACE_STYLE_USAGE ( .BOTH. , #1278 ) ;
#6060 = FILL_AREA_STYLE ('',( #8736 ) ) ;
#6061 = LINE ( 'NONE', #6918, #7633 ) ;
#6062 = EDGE_CURVE ( 'NONE', #79, #603, #5062, .T. ) ;
#6063 = ORIENTED_EDGE ( 'NONE', *, *, #5793, .F. ) ;
#6064 = ADVANCED_FACE ( 'NONE', ( #4849 ), #337, .T. ) ;
#6065 = ORIENTED_EDGE ( 'NONE', *, *, #578, .T. ) ;
#6066 = AXIS2_PLACEMENT_3D ( 'NONE', #1334, #6119, #2044 ) ;
#6068 = DIRECTION ( 'NONE',  ( 1.000000000000000000, 0.0000000000000000000, -0.0000000000000000000 ) ) ;
#6067 = SURFACE_STYLE_USAGE ( .BOTH. , #1285 ) ;
#6069 = MECHANICAL_DESIGN_GEOMETRIC_PRESENTATION_REPRESENTATION (  '', ( #5165 ), #6526 ) ;
#6070 = CARTESIAN_POINT ( 'NONE',  ( -0.3402875163485819000, -0.3315016303536155200, -0.8867329652895078500 ) ) ;
#6071 = CIRCLE ( 'NONE', #4036, 0.4039887411820212700 ) ;
#6072 = COLOUR_RGB ( '',0.5019607843137254800, 0.5019607843137254800, 0.5019607843137254800 ) ;
#6073 = ORIENTED_EDGE ( 'NONE', *, *, #3898, .F. ) ;
#6074 = DIRECTION ( 'NONE',  ( 1.000000000000000000, 0.0000000000000000000, -5.812442539711189900E-015 ) ) ;
#6076 = CARTESIAN_POINT ( 'NONE',  ( -0.6567681779529964700, -0.3442130072454045500, -1.546958368544910900 ) ) ;
#6075 = DIRECTION ( 'NONE',  ( 1.000000000000000000, 0.0000000000000000000, 0.0000000000000000000 ) ) ;
#6077 = ORIENTED_EDGE ( 'NONE', *, *, #2462, .F. ) ;
#6078 = COLOUR_RGB ( '',0.5019607843137254800, 0.5019607843137254800, 0.5019607843137254800 ) ;
#6079 = CIRCLE ( 'NONE', #1234, 0.02000000000000060800 ) ;
#6080 = DIRECTION ( 'NONE',  ( 0.0000000000000000000, 0.0000000000000000000, -1.000000000000000000 ) ) ;
#6081 = LENGTH_MEASURE_WITH_UNIT ( LENGTH_MEASURE( 0.02539999999999999900 ), #2683 );
#6082 =( NAMED_UNIT ( * ) PLANE_ANGLE_UNIT ( ) SI_UNIT ( $, .RADIAN. ) );
#6083 = AXIS2_PLACEMENT_3D ( 'NONE', #6646, #2586, #7322 ) ;
#6084 = VERTEX_POINT ( 'NONE', #2268 ) ;
#6085 = CYLINDRICAL_SURFACE ( 'NONE', #1864, 0.08600000000000011800 ) ;
#6086 =( CONVERSION_BASED_UNIT ( 'INCH', #4247 ) LENGTH_UNIT ( ) NAMED_UNIT ( #4081 ) );
#6087 = ORIENTED_EDGE ( 'NONE', *, *, #228, .T. ) ;
#6088 = AXIS2_PLACEMENT_3D ( 'NONE', #3545, #5586, #6303 ) ;
#6089 = CARTESIAN_POINT ( 'NONE',  ( -0.7282875163485818000, -0.3315016303536155200, -0.9670000000000005300 ) ) ;
#6090 = EDGE_CURVE ( 'NONE', #8157, #2645, #5807, .T. ) ;
#6091 = CARTESIAN_POINT ( 'NONE',  ( -0.7282875163485911200, -0.3315016303536180700, -1.279000000001063500 ) ) ;
#6092 = CARTESIAN_POINT ( 'NONE',  ( -0.7282875163485818000, -0.7765016303536163000, 0.2849999999999986400 ) ) ;
#6093 = DIMENSIONAL_EXPONENTS ( 1.000000000000000000, 0.0000000000000000000, 0.0000000000000000000, 0.0000000000000000000, 0.0000000000000000000, 0.0000000000000000000, 0.0000000000000000000 ) ;
#6094 = SURFACE_STYLE_FILL_AREA ( #7745 ) ;
#6095 = ORIENTED_EDGE ( 'NONE', *, *, #3273, .F. ) ;
#6096 = CYLINDRICAL_SURFACE ( 'NONE', #8756, 0.1450000000000002400 ) ;
#6097 = DIRECTION ( 'NONE',  ( -9.726753936418404900E-033, -1.224606353822377300E-016, -1.000000000000000000 ) ) ;
#6098 =( LENGTH_UNIT ( ) NAMED_UNIT ( * ) SI_UNIT ( $, .METRE. ) );
#6099 = COLOUR_RGB ( '',0.5019607843137254800, 0.5019607843137254800, 0.5019607843137254800 ) ;
#6100 = AXIS2_PLACEMENT_3D ( 'NONE', #1598, #7699, #3025 ) ;
#6101 = PRESENTATION_LAYER_ASSIGNMENT (  '', '', ( #5662 ) ) ;
#6102 = PRESENTATION_STYLE_ASSIGNMENT (( #70 ) ) ;
#6103 = SURFACE_STYLE_USAGE ( .BOTH. , #1311 ) ;
#6104 = VERTEX_POINT ( 'NONE', #3685 ) ;
#6105 = CIRCLE ( 'NONE', #6661, 0.1675602491018269300 ) ;
#6106 = EDGE_CURVE ( 'NONE', #4304, #2760, #2396, .T. ) ;
#6107 = DIMENSIONAL_EXPONENTS ( 1.000000000000000000, 0.0000000000000000000, 0.0000000000000000000, 0.0000000000000000000, 0.0000000000000000000, 0.0000000000000000000, 0.0000000000000000000 ) ;
#6108 = SURFACE_STYLE_USAGE ( .BOTH. , #1313 ) ;
#6109 = FILL_AREA_STYLE ('',( #4067 ) ) ;
#6110 =( GEOMETRIC_REPRESENTATION_CONTEXT ( 3 ) GLOBAL_UNCERTAINTY_ASSIGNED_CONTEXT ( ( #8097 ) ) GLOBAL_UNIT_ASSIGNED_CONTEXT ( ( #2513, #7258, #3217 ) ) REPRESENTATION_CONTEXT ( 'NONE', 'WORKASPACE' ) );
#6111 = ADVANCED_FACE ( 'NONE', ( #2179 ), #4954, .F. ) ;
#6112 = FILL_AREA_STYLE_COLOUR ( '', #8079 ) ;
#6113 = ORIENTED_EDGE ( 'NONE', *, *, #8434, .T. ) ;
#6114 = COLOUR_RGB ( '',0.5019607843137254800, 0.5019607843137254800, 0.5019607843137254800 ) ;
#6115 = EDGE_CURVE ( 'NONE', #3497, #5215, #1296, .T. ) ;
#6116 = PRESENTATION_STYLE_ASSIGNMENT (( #4286 ) ) ;
#6117 = AXIS2_PLACEMENT_3D ( 'NONE', #4104, #2740, #4127 ) ;
#6118 = CARTESIAN_POINT ( 'NONE',  ( -0.3482875163485810700, -0.3315016303536155200, -0.5081049102779643400 ) ) ;
#6119 = DIRECTION ( 'NONE',  ( -9.711944615174957000E-017, 7.459504271329836200E-017, 1.000000000000000000 ) ) ;
#6120 = DIMENSIONAL_EXPONENTS ( 1.000000000000000000, 0.0000000000000000000, 0.0000000000000000000, 0.0000000000000000000, 0.0000000000000000000, 0.0000000000000000000, 0.0000000000000000000 ) ;
#6121 = VECTOR ( 'NONE', #6912, 39.37007874015748100 ) ;
#6122 = SURFACE_SIDE_STYLE ('',( #2757 ) ) ;
#6123 = COLOUR_RGB ( '',0.5019607843137254800, 0.5019607843137254800, 0.5019607843137254800 ) ;
#6124 = CARTESIAN_POINT ( 'NONE',  ( -0.8617875163485816400, -0.3315016303536163500, -0.3869583694396621100 ) ) ;
#6125 = CARTESIAN_POINT ( 'NONE',  ( -0.5647875163485899200, -0.3315016303536180700, -3.282590941438460400 ) ) ;
#6126 = MECHANICAL_DESIGN_GEOMETRIC_PRESENTATION_REPRESENTATION (  '', ( #5234 ), #6582 ) ;
#6127 = DIRECTION ( 'NONE',  ( 0.3156177166874358800, -0.9488864299340618000, 0.0000000000000000000 ) ) ;
#6128 = DIMENSIONAL_EXPONENTS ( 1.000000000000000000, 0.0000000000000000000, 0.0000000000000000000, 0.0000000000000000000, 0.0000000000000000000, 0.0000000000000000000, 0.0000000000000000000 ) ;
#6129 =( CONVERSION_BASED_UNIT ( 'INCH', #4274 ) LENGTH_UNIT ( ) NAMED_UNIT ( #7342 ) );
#6130 = PRESENTATION_LAYER_ASSIGNMENT (  '', '', ( #5696 ) ) ;
#6131 = PRESENTATION_LAYER_ASSIGNMENT (  '', '', ( #5698 ) ) ;
#6132 = DIRECTION ( 'NONE',  ( 0.0000000000000000000, 1.000000000000000000, -1.224606353822377800E-016 ) ) ;
#6133 = EDGE_CURVE ( 'NONE', #3547, #5432, #3152, .T. ) ;
#6134 = UNCERTAINTY_MEASURE_WITH_UNIT (LENGTH_MEASURE( 1.000000000000000100E-005 ), #2284, 'distance_accuracy_value', 'NONE');
#6135 =( NAMED_UNIT ( * ) PLANE_ANGLE_UNIT ( ) SI_UNIT ( $, .RADIAN. ) );
#6136 = LINE ( 'NONE', #179, #7704 ) ;
#6137 = DIRECTION ( 'NONE',  ( -7.472189016151557300E-032, -6.165649696520689200E-033, -1.000000000000000000 ) ) ;
#6138 = CARTESIAN_POINT ( 'NONE',  ( -0.7282875163485816900, -0.2390016303536157100, -1.349538768355159800 ) ) ;
#6139 = DIRECTION ( 'NONE',  ( -0.0000000000000000000, -0.0000000000000000000, -1.000000000000000000 ) ) ;
#6140 = DIRECTION ( 'NONE',  ( 0.0000000000000000000, 0.0000000000000000000, 1.000000000000000000 ) ) ;
#6142 = VECTOR ( 'NONE', #2867, 39.37007874015748100 ) ;
#6141 = LENGTH_MEASURE_WITH_UNIT ( LENGTH_MEASURE( 0.02539999999999999900 ), #6015 );
#6143 = PRESENTATION_LAYER_ASSIGNMENT (  '', '', ( #5710 ) ) ;
#6144 = PRESENTATION_LAYER_ASSIGNMENT (  '', '', ( #5712 ) ) ;
#6145 = AXIS2_PLACEMENT_3D ( 'NONE', #1111, #5901, #1812 ) ;
#6146 = SURFACE_SIDE_STYLE ('',( #7912 ) ) ;
#6147 = CIRCLE ( 'NONE', #2708, 0.3600000000000003200 ) ;
#6148 = UNCERTAINTY_MEASURE_WITH_UNIT (LENGTH_MEASURE( 1.000000000000000100E-005 ), #6545, 'distance_accuracy_value', 'NONE');
#6149 = ORIENTED_EDGE ( 'NONE', *, *, #1195, .T. ) ;
#6150 = EDGE_CURVE ( 'NONE', #5964, #6597, #8320, .T. ) ;
#6151 = COLOUR_RGB ( '',0.5019607843137254800, 0.5019607843137254800, 0.5019607843137254800 ) ;
#6152 = EDGE_LOOP ( 'NONE', ( #2015, #1583, #1466, #6204 ) ) ;
#6153 = VECTOR ( 'NONE', #1164, 39.37007874015748100 ) ;
#6154 = SURFACE_STYLE_FILL_AREA ( #5184 ) ;
#6155 = PRESENTATION_STYLE_ASSIGNMENT (( #6625 ) ) ;
#6156 = DIRECTION ( 'NONE',  ( 1.000000000000000000, 0.0000000000000000000, 0.0000000000000000000 ) ) ;
#6157 = EDGE_LOOP ( 'NONE', ( #8470, #2335 ) ) ;
#6158 = SURFACE_STYLE_USAGE ( .BOTH. , #1381 ) ;
#6159 = CARTESIAN_POINT ( 'NONE',  ( -0.7282875163485818000, -0.3315016303536155200, -1.092312662478476700 ) ) ;
#6160 = AXIS2_PLACEMENT_3D ( 'NONE', #464, #5267, #8640 ) ;
#6161 = LENGTH_MEASURE_WITH_UNIT ( LENGTH_MEASURE( 0.02539999999999999900 ), #6645 );
#6162 = ORIENTED_EDGE ( 'NONE', *, *, #3261, .F. ) ;
#6163 = DIRECTION ( 'NONE',  ( 0.0000000000000000000, 0.0000000000000000000, -1.000000000000000000 ) ) ;
#6164 = EDGE_LOOP ( 'NONE', ( #4681, #5271, #6716, #3741 ) ) ;
#6165 = PRESENTATION_STYLE_ASSIGNMENT (( #797 ) ) ;
#6166 =( NAMED_UNIT ( * ) SI_UNIT ( $, .STERADIAN. ) SOLID_ANGLE_UNIT ( ) );
#6167 = VERTEX_POINT ( 'NONE', #8437 ) ;
#6168 = DIRECTION ( 'NONE',  ( 0.3156177166874306600, -0.9488864299340636900, 0.0000000000000000000 ) ) ;
#6169 = AXIS2_PLACEMENT_3D ( 'NONE', #900, #5699, #1597 ) ;
#6170 = CIRCLE ( 'NONE', #897, 0.6650000000000007000 ) ;
#6171 = FILL_AREA_STYLE_COLOUR ( '', #1335 ) ;
#6172 = ORIENTED_EDGE ( 'NONE', *, *, #6209, .F. ) ;
#6173 =( NAMED_UNIT ( * ) SI_UNIT ( $, .STERADIAN. ) SOLID_ANGLE_UNIT ( ) );
#6174 = ORIENTED_EDGE ( 'NONE', *, *, #2716, .T. ) ;
#6175 = SURFACE_STYLE_FILL_AREA ( #6019 ) ;
#6176 =( CONVERSION_BASED_UNIT ( 'INCH', #7465 ) LENGTH_UNIT ( ) NAMED_UNIT ( #458 ) );
#6177 = DIRECTION ( 'NONE',  ( -1.000000000000000000, 0.0000000000000000000, 1.050710766793944300E-014 ) ) ;
#6178 = PRESENTATION_STYLE_ASSIGNMENT (( #7563 ) ) ;
#6179 = EDGE_CURVE ( 'NONE', #3739, #1120, #4745, .T. ) ;
#6180 = DIRECTION ( 'NONE',  ( 1.220408817397570400E-016, -1.013066643420215200E-017, -1.000000000000000000 ) ) ;
#6181 = COLOUR_RGB ( '',0.5019607843137254800, 0.5019607843137254800, 0.5019607843137254800 ) ;
#6182 = CIRCLE ( 'NONE', #3511, 0.1554999999999998900 ) ;
#6184 = FILL_AREA_STYLE_COLOUR ( '', #5818 ) ;
#6183 = SURFACE_STYLE_USAGE ( .BOTH. , #1410 ) ;
#6185 = ORIENTED_EDGE ( 'NONE', *, *, #6839, .T. ) ;
#6186 = CYLINDRICAL_SURFACE ( 'NONE', #6437, 0.1554999999999998900 ) ;
#6187 = AXIS2_PLACEMENT_3D ( 'NONE', #2041, #6781, #2735 ) ;
#6188 = CARTESIAN_POINT ( 'NONE',  ( -0.7282875163485818000, -0.3315016303536155200, -0.9670000000000004100 ) ) ;
#6189 = CARTESIAN_POINT ( 'NONE',  ( -0.7685524513362253000, -0.3921841916371897100, -1.546958356438396600 ) ) ;
#6190 =( NAMED_UNIT ( * ) PLANE_ANGLE_UNIT ( ) SI_UNIT ( $, .RADIAN. ) );
#6191 = CYLINDRICAL_SURFACE ( 'NONE', #1698, 0.1400000000000000100 ) ;
#6192 = EDGE_CURVE ( 'NONE', #8101, #8304, #1097, .T. ) ;
#6193 = DIRECTION ( 'NONE',  ( -0.3156177166874300500, 0.9488864299340638000, 0.0000000000000000000 ) ) ;
#6194 = ORIENTED_EDGE ( 'NONE', *, *, #5074, .T. ) ;
#6195 = LINE ( 'NONE', #4459, #969 ) ;
#6196 = SURFACE_STYLE_FILL_AREA ( #883 ) ;
#6197 = EDGE_LOOP ( 'NONE', ( #6996, #2178, #163, #6063 ) ) ;
#6198 = CARTESIAN_POINT ( 'NONE',  ( -0.6757875163485817000, -0.3315016303536157900, -0.5249583694396620100 ) ) ;
#6199 = DIRECTION ( 'NONE',  ( 2.985768325466478400E-031, -6.902532920683853300E-031, -1.000000000000000000 ) ) ;
#6200 = PRESENTATION_LAYER_ASSIGNMENT (  '', '', ( #5290 ) ) ;
#6201 = CYLINDRICAL_SURFACE ( 'NONE', #1750, 0.08600000000001811800 ) ;
#6202 = EDGE_CURVE ( 'NONE', #2207, #5027, #2935, .T. ) ;
#6203 = PRESENTATION_LAYER_ASSIGNMENT (  '', '', ( #4844 ) ) ;
#6204 = ORIENTED_EDGE ( 'NONE', *, *, #3043, .F. ) ;
#6205 =( GEOMETRIC_REPRESENTATION_CONTEXT ( 3 ) GLOBAL_UNCERTAINTY_ASSIGNED_CONTEXT ( ( #5774 ) ) GLOBAL_UNIT_ASSIGNED_CONTEXT ( ( #7302, #3268, #7985 ) ) REPRESENTATION_CONTEXT ( 'NONE', 'WORKASPACE' ) );
#6206 = SURFACE_STYLE_FILL_AREA ( #777 ) ;
#6207 =( LENGTH_UNIT ( ) NAMED_UNIT ( * ) SI_UNIT ( $, .METRE. ) );
#6208 = DIRECTION ( 'NONE',  ( -1.000000000000000000, 0.0000000000000000000, 0.0000000000000000000 ) ) ;
#6209 = EDGE_CURVE ( 'NONE', #2760, #232, #6337, .T. ) ;
#6210 = CIRCLE ( 'NONE', #3842, 0.6350000000000005600 ) ;
#6211 =( NAMED_UNIT ( * ) PLANE_ANGLE_UNIT ( ) SI_UNIT ( $, .RADIAN. ) );
#6212 = FACE_OUTER_BOUND ( 'NONE', #7434, .T. ) ;
#6213 = ORIENTED_EDGE ( 'NONE', *, *, #1175, .T. ) ;
#6214 = SURFACE_STYLE_FILL_AREA ( #5390 ) ;
#6216 = DIRECTION ( 'NONE',  ( 0.0000000000000000000, 0.0000000000000000000, 1.000000000000000000 ) ) ;
#6215 = CARTESIAN_POINT ( 'NONE',  ( -0.3242987751665605800, -0.3315016303536155200, -0.9670000000000006400 ) ) ;
#6217 = AXIS2_PLACEMENT_3D ( 'NONE', #1369, #6139, #2067 ) ;
#6218 =( CONVERSION_BASED_UNIT ( 'INCH', #6753 ) LENGTH_UNIT ( ) NAMED_UNIT ( #878 ) );
#6219 = VECTOR ( 'NONE', #2110, 39.37007874015748100 ) ;
#6220 =( LENGTH_UNIT ( ) NAMED_UNIT ( * ) SI_UNIT ( $, .METRE. ) );
#6221 = VERTEX_POINT ( 'NONE', #5781 ) ;
#6222 = SURFACE_STYLE_FILL_AREA ( #1137 ) ;
#6223 =( CONVERSION_BASED_UNIT ( 'INCH', #7568 ) LENGTH_UNIT ( ) NAMED_UNIT ( #3523 ) );
#6224 = CARTESIAN_POINT ( 'NONE',  ( -0.7282875163485818000, -0.3315016303536155200, -0.9320000000000001600 ) ) ;
#6225 = DIMENSIONAL_EXPONENTS ( 1.000000000000000000, 0.0000000000000000000, 0.0000000000000000000, 0.0000000000000000000, 0.0000000000000000000, 0.0000000000000000000, 0.0000000000000000000 ) ;
#6226 = PRESENTATION_LAYER_ASSIGNMENT (  '', '', ( #5784 ) ) ;
#6227 = DIRECTION ( 'NONE',  ( 0.0000000000000000000, 0.0000000000000000000, 1.000000000000000000 ) ) ;
#6228 = TOROIDAL_SURFACE ( 'NONE', #209, 0.3199999999999997300, 0.03500000000000044700 ) ;
#6229 = FACE_OUTER_BOUND ( 'NONE', #294, .T. ) ;
#6230 = CARTESIAN_POINT ( 'NONE',  ( -0.7282875116751432700, -0.4040037436790676600, -1.546958369328008700 ) ) ;
#6231 = EDGE_CURVE ( 'NONE', #2386, #3002, #870, .T. ) ;
#6232 = ADVANCED_FACE ( 'NONE', ( #2720 ), #2435, .T. ) ;
#6233 = DIRECTION ( 'NONE',  ( -1.774952849390946600E-032, 1.224606353822380000E-016, -1.000000000000000000 ) ) ;
#6234 =( NAMED_UNIT ( * ) SI_UNIT ( $, .STERADIAN. ) SOLID_ANGLE_UNIT ( ) );
#6235 = STYLED_ITEM ( 'NONE', ( #8401 ), #3331 ) ;
#6236 =( LENGTH_UNIT ( ) NAMED_UNIT ( * ) SI_UNIT ( $, .METRE. ) );
#6237 = FACE_OUTER_BOUND ( 'NONE', #2872, .T. ) ;
#6238 =( CONVERSION_BASED_UNIT ( 'INCH', #7582 ) LENGTH_UNIT ( ) NAMED_UNIT ( #521 ) );
#6239 = CARTESIAN_POINT ( 'NONE',  ( -0.7282875163485911200, -0.3315016303536180700, -1.499021597812544300 ) ) ;
#6240 = LENGTH_MEASURE_WITH_UNIT ( LENGTH_MEASURE( 0.02539999999999999900 ), #1095 );
#6241 = DIRECTION ( 'NONE',  ( -1.000000000000000000, 0.0000000000000000000, 8.091966805877556000E-017 ) ) ;
#6242 = DIRECTION ( 'NONE',  ( 1.774952849390946600E-032, -1.224606353822380000E-016, 1.000000000000000000 ) ) ;
#6244 = CARTESIAN_POINT ( 'NONE',  ( -0.7282875163485912400, -0.3315016303536180700, -1.212000000000017500 ) ) ;
#6243 = DIRECTION ( 'NONE',  ( -0.0000000000000000000, -0.0000000000000000000, 1.000000000000000000 ) ) ;
#6245 = AXIS2_PLACEMENT_3D ( 'NONE', #5063, #8438, #7125 ) ;
#6246 = DIRECTION ( 'NONE',  ( 0.0000000000000000000, 0.0000000000000000000, -1.000000000000000000 ) ) ;
#6247 = DIRECTION ( 'NONE',  ( -0.3156177166874279400, 0.9488864299340646900, -8.389039797967620400E-030 ) ) ;
#6248 = UNCERTAINTY_MEASURE_WITH_UNIT (LENGTH_MEASURE( 1.000000000000000100E-005 ), #2023, 'distance_accuracy_value', 'NONE');
#6249 = LINE ( 'NONE', #8234, #4463 ) ;
#6250 = CARTESIAN_POINT ( 'NONE',  ( -0.5756070940952949800, -0.3315016303536152400, -1.144181362094663300 ) ) ;
#6251 = AXIS2_PLACEMENT_3D ( 'NONE', #8821, #4784, #663 ) ;
#6252 = AXIS2_PLACEMENT_3D ( 'NONE', #7994, #3954, #8659 ) ;
#6253 = ORIENTED_EDGE ( 'NONE', *, *, #990, .T. ) ;
#6254 = FILL_AREA_STYLE ('',( #5578 ) ) ;
#6255 = EDGE_CURVE ( 'NONE', #3334, #6048, #1852, .T. ) ;
#6256 = LENGTH_MEASURE_WITH_UNIT ( LENGTH_MEASURE( 0.02539999999999999900 ), #749 );
#6257 = CYLINDRICAL_SURFACE ( 'NONE', #6911, 0.2525000000000001100 ) ;
#6258 = VERTEX_POINT ( 'NONE', #5834 ) ;
#6260 = LINE ( 'NONE', #6769, #4472 ) ;
#6259 = LENGTH_MEASURE_WITH_UNIT ( LENGTH_MEASURE( 0.02539999999999999900 ), #5928 );
#6261 =( CONVERSION_BASED_UNIT ( 'INCH', #2641 ) LENGTH_UNIT ( ) NAMED_UNIT ( #2197 ) );
#6262 = PRESENTATION_STYLE_ASSIGNMENT (( #8714 ) ) ;
#6263 = UNCERTAINTY_MEASURE_WITH_UNIT (LENGTH_MEASURE( 1.000000000000000100E-005 ), #5912, 'distance_accuracy_value', 'NONE');
#6264 = ORIENTED_EDGE ( 'NONE', *, *, #2529, .F. ) ;
#6265 =( LENGTH_UNIT ( ) NAMED_UNIT ( * ) SI_UNIT ( $, .METRE. ) );
#6266 = ORIENTED_EDGE ( 'NONE', *, *, #8559, .F. ) ;
#6267 = PLANE ( 'NONE',  #1489 ) ;
#6268 = DIMENSIONAL_EXPONENTS ( 1.000000000000000000, 0.0000000000000000000, 0.0000000000000000000, 0.0000000000000000000, 0.0000000000000000000, 0.0000000000000000000, 0.0000000000000000000 ) ;
#6269 = FACE_OUTER_BOUND ( 'NONE', #3521, .T. ) ;
#6270 =( GEOMETRIC_REPRESENTATION_CONTEXT ( 3 ) GLOBAL_UNCERTAINTY_ASSIGNED_CONTEXT ( ( #2232 ) ) GLOBAL_UNIT_ASSIGNED_CONTEXT ( ( #8277, #4224, #129 ) ) REPRESENTATION_CONTEXT ( 'NONE', 'WORKASPACE' ) );
#6271 = MECHANICAL_DESIGN_GEOMETRIC_PRESENTATION_REPRESENTATION (  '', ( #5373 ), #6719 ) ;
#6272 = DIRECTION ( 'NONE',  ( -9.726753936418404900E-033, -1.224606353822377300E-016, -1.000000000000000000 ) ) ;
#6273 = VERTEX_POINT ( 'NONE', #7877 ) ;
#6274 = CIRCLE ( 'NONE', #4948, 0.09250000000000004100 ) ;
#6275 = CYLINDRICAL_SURFACE ( 'NONE', #7277, 0.1635000000000010100 ) ;
#6276 = EDGE_CURVE ( 'NONE', #1792, #2881, #3691, .T. ) ;
#6277 = DIRECTION ( 'NONE',  ( 3.520422672247766200E-016, -0.0000000000000000000, 1.000000000000000000 ) ) ;
#6278 = EDGE_LOOP ( 'NONE', ( #1687, #8586, #4523, #5767, #7425 ) ) ;
#6279 = CARTESIAN_POINT ( 'NONE',  ( -0.7282875163485818000, -0.3315016303536155200, -1.025562063698267200 ) ) ;
#6280 = VERTEX_POINT ( 'NONE', #4543 ) ;
#6281 = DIRECTION ( 'NONE',  ( 1.000000000000000000, 0.0000000000000000000, 0.0000000000000000000 ) ) ;
#6282 =( GEOMETRIC_REPRESENTATION_CONTEXT ( 3 ) GLOBAL_UNCERTAINTY_ASSIGNED_CONTEXT ( ( #4034 ) ) GLOBAL_UNIT_ASSIGNED_CONTEXT ( ( #800, #5604, #1502 ) ) REPRESENTATION_CONTEXT ( 'NONE', 'WORKASPACE' ) );
#6283 = ADVANCED_FACE ( 'NONE', ( #7062 ), #2602, .T. ) ;
#6284 = VERTEX_POINT ( 'NONE', #5240 ) ;
#6285 =( NAMED_UNIT ( * ) SI_UNIT ( $, .STERADIAN. ) SOLID_ANGLE_UNIT ( ) );
#6286 =( NAMED_UNIT ( * ) PLANE_ANGLE_UNIT ( ) SI_UNIT ( $, .RADIAN. ) );
#6287 = EDGE_LOOP ( 'NONE', ( #8836, #6708, #52, #4316 ) ) ;
#6288 = COLOUR_RGB ( '',0.5019607843137254800, 0.5019607843137254800, 0.5019607843137254800 ) ;
#6289 = DIRECTION ( 'NONE',  ( 0.0000000000000000000, -1.000000000000000000, 0.0000000000000000000 ) ) ;
#6290 = AXIS2_PLACEMENT_3D ( 'NONE', #2253, #6979, #2942 ) ;
#6291 = EDGE_CURVE ( 'NONE', #1913, #6273, #10, .T. ) ;
#6292 = TOROIDAL_SURFACE ( 'NONE', #3853, 0.1789999999999998000, 0.009999999999999962000 ) ;
#6293 =( CONVERSION_BASED_UNIT ( 'INCH', #8491 ) LENGTH_UNIT ( ) NAMED_UNIT ( #6017 ) );
#6294 = VERTEX_POINT ( 'NONE', #6588 ) ;
#6295 = ORIENTED_EDGE ( 'NONE', *, *, #705, .F. ) ;
#6296 = CIRCLE ( 'NONE', #2616, 0.3750000000000004400 ) ;
#6297 = DIRECTION ( 'NONE',  ( 0.0000000000000000000, 1.000000000000000000, 0.0000000000000000000 ) ) ;
#6298 = MECHANICAL_DESIGN_GEOMETRIC_PRESENTATION_REPRESENTATION (  '', ( #4490 ), #6736 ) ;
#6299 = FACE_OUTER_BOUND ( 'NONE', #5872, .T. ) ;
#6300 = DIRECTION ( 'NONE',  ( -0.0000000000000000000, -0.0000000000000000000, 1.000000000000000000 ) ) ;
#6301 =( CONVERSION_BASED_UNIT ( 'INCH', #5792 ) LENGTH_UNIT ( ) NAMED_UNIT ( #4680 ) );
#6302 =( LENGTH_UNIT ( ) NAMED_UNIT ( * ) SI_UNIT ( $, .METRE. ) );
#6303 = DIRECTION ( 'NONE',  ( 0.0000000000000000000, 1.000000000000000000, -8.091966805877556000E-017 ) ) ;
#6304 =( LENGTH_UNIT ( ) NAMED_UNIT ( * ) SI_UNIT ( $, .METRE. ) );
#6305 = DIRECTION ( 'NONE',  ( 1.220408817397850200E-016, -1.013066643428635800E-017, -1.000000000000000000 ) ) ;
#6306 = ORIENTED_EDGE ( 'NONE', *, *, #427, .F. ) ;
#6307 = DIMENSIONAL_EXPONENTS ( 1.000000000000000000, 0.0000000000000000000, 0.0000000000000000000, 0.0000000000000000000, 0.0000000000000000000, 0.0000000000000000000, 0.0000000000000000000 ) ;
#6308 = CIRCLE ( 'NONE', #4162, 0.1889999999999998100 ) ;
#6310 =( CONVERSION_BASED_UNIT ( 'INCH', #3700 ) LENGTH_UNIT ( ) NAMED_UNIT ( #7208 ) );
#6309 =( NAMED_UNIT ( * ) PLANE_ANGLE_UNIT ( ) SI_UNIT ( $, .RADIAN. ) );
#6311 = STYLED_ITEM ( 'NONE', ( #6055 ), #4277 ) ;
#6312 = COLOUR_RGB ( '',0.6470588235294118000, 0.6196078431372549200, 0.5882352941176470800 ) ;
#6313 = SURFACE_SIDE_STYLE ('',( #3472 ) ) ;
#6314 = ORIENTED_EDGE ( 'NONE', *, *, #5979, .F. ) ;
#6315 = CARTESIAN_POINT ( 'NONE',  ( -0.7282875163485818000, -0.3315016303536156300, 0.2339999999999986500 ) ) ;
#6316 = MECHANICAL_DESIGN_GEOMETRIC_PRESENTATION_REPRESENTATION (  '', ( #5406 ), #6752 ) ;
#6318 = DIRECTION ( 'NONE',  ( -1.000000000000000000, 0.0000000000000000000, 1.050710766793944300E-014 ) ) ;
#6317 =( NAMED_UNIT ( * ) PLANE_ANGLE_UNIT ( ) SI_UNIT ( $, .RADIAN. ) );
#6319 = EDGE_CURVE ( 'NONE', #2962, #181, #8006, .T. ) ;
#6320 =( NAMED_UNIT ( * ) SI_UNIT ( $, .STERADIAN. ) SOLID_ANGLE_UNIT ( ) );
#6321 = VECTOR ( 'NONE', #7788, 39.37007874015748100 ) ;
#6322 = CYLINDRICAL_SURFACE ( 'NONE', #5134, 0.3230726718553440000 ) ;
#6323 = EDGE_LOOP ( 'NONE', ( #7605, #495 ) ) ;
#6324 = UNCERTAINTY_MEASURE_WITH_UNIT (LENGTH_MEASURE( 1.000000000000000100E-005 ), #1627, 'distance_accuracy_value', 'NONE');
#6325 = DIRECTION ( 'NONE',  ( -7.472189016151557300E-032, -6.165649696520689200E-033, -1.000000000000000000 ) ) ;
#6326 = DIRECTION ( 'NONE',  ( 0.0000000000000000000, 0.0000000000000000000, -1.000000000000000000 ) ) ;
#6327 = FACE_OUTER_BOUND ( 'NONE', #3366, .T. ) ;
#6328 = PRESENTATION_LAYER_ASSIGNMENT (  '', '', ( #4967 ) ) ;
#6329 = DIRECTION ( 'NONE',  ( 1.000000000000000000, 8.718663809566784900E-015, -5.812442539711189900E-015 ) ) ;
#6330 = STYLED_ITEM ( 'NONE', ( #3389 ), #8048 ) ;
#6331 = PRESENTATION_LAYER_ASSIGNMENT (  '', '', ( #6761 ) ) ;
#6332 = ADVANCED_FACE ( 'NONE', ( #4424 ), #5376, .T. ) ;
#6333 = CARTESIAN_POINT ( 'NONE',  ( -0.7282875163485818000, -0.3315016303536155200, -0.3033176733773519900 ) ) ;
#6334 = VECTOR ( 'NONE', #3988, 39.37007874015748900 ) ;
#6335 = DIRECTION ( 'NONE',  ( 0.0000000000000000000, 1.000000000000000000, 0.0000000000000000000 ) ) ;
#6336 = ORIENTED_EDGE ( 'NONE', *, *, #2305, .F. ) ;
#6337 = CIRCLE ( 'NONE', #3680, 0.04700000000000006900 ) ;
#6338 = DIRECTION ( 'NONE',  ( 0.0000000000000000000, 0.0000000000000000000, -1.000000000000000000 ) ) ;
#6339 = DIRECTION ( 'NONE',  ( -1.000000000000000000, 0.0000000000000000000, 0.0000000000000000000 ) ) ;
#6340 = PRESENTATION_STYLE_ASSIGNMENT (( #6108 ) ) ;
#6342 = DIRECTION ( 'NONE',  ( 4.377961528315000500E-016, 4.377961528315013300E-016, -1.000000000000000000 ) ) ;
#6341 = FILL_AREA_STYLE_COLOUR ( '', #5937 ) ;
#6343 =( CONVERSION_BASED_UNIT ( 'INCH', #3641 ) LENGTH_UNIT ( ) NAMED_UNIT ( #6856 ) );
#6344 = FACE_OUTER_BOUND ( 'NONE', #3151, .T. ) ;
#6345 = AXIS2_PLACEMENT_3D ( 'NONE', #7747, #8411, #3734 ) ;
#6346 =( NAMED_UNIT ( * ) PLANE_ANGLE_UNIT ( ) SI_UNIT ( $, .RADIAN. ) );
#6347 = CARTESIAN_POINT ( 'NONE',  ( -0.7282875163485717000, -0.3315016303536129600, 1.478999999999976100 ) ) ;
#6348 = FACE_OUTER_BOUND ( 'NONE', #2326, .T. ) ;
#6349 =( NAMED_UNIT ( * ) SI_UNIT ( $, .STERADIAN. ) SOLID_ANGLE_UNIT ( ) );
#6350 = CARTESIAN_POINT ( 'NONE',  ( -1.132276257530603100, -0.3315016303536155200, -0.4780205392684319700 ) ) ;
#6351 = LENGTH_MEASURE_WITH_UNIT ( LENGTH_MEASURE( 0.02539999999999999900 ), #8066 );
#6352 = TOROIDAL_SURFACE ( 'NONE', #3392, 0.1474999999999997100, 0.02999999999999991900 ) ;
#6353 = AXIS2_PLACEMENT_3D ( 'NONE', #5246, #1140, #5922 ) ;
#6354 = DIMENSIONAL_EXPONENTS ( 1.000000000000000000, 0.0000000000000000000, 0.0000000000000000000, 0.0000000000000000000, 0.0000000000000000000, 0.0000000000000000000, 0.0000000000000000000 ) ;
#6355 = PRESENTATION_STYLE_ASSIGNMENT (( #1906 ) ) ;
#6356 =( CONVERSION_BASED_UNIT ( 'INCH', #374 ) LENGTH_UNIT ( ) NAMED_UNIT ( #8145 ) );
#6357 = CYLINDRICAL_SURFACE ( 'NONE', #7793, 0.3800000000000004500 ) ;
#6358 =( LENGTH_UNIT ( ) NAMED_UNIT ( * ) SI_UNIT ( $, .METRE. ) );
#6359 = EDGE_CURVE ( 'NONE', #6884, #7572, #1734, .T. ) ;
#6360 = DIRECTION ( 'NONE',  ( 9.726753936418404900E-033, 1.224606353822377300E-016, 1.000000000000000000 ) ) ;
#6361 = FILL_AREA_STYLE ('',( #4281 ) ) ;
#6362 = AXIS2_PLACEMENT_3D ( 'NONE', #4537, #409, #5196 ) ;
#6363 = LENGTH_MEASURE_WITH_UNIT ( LENGTH_MEASURE( 0.02539999999999999900 ), #5676 );
#6364 =( NAMED_UNIT ( * ) PLANE_ANGLE_UNIT ( ) SI_UNIT ( $, .RADIAN. ) );
#6365 = CARTESIAN_POINT ( 'NONE',  ( -0.8917875163414765700, -0.3315016303536180700, -1.278999999997706600 ) ) ;
#6366 = CIRCLE ( 'NONE', #8335, 0.3847549984779936600 ) ;
#6367 = UNCERTAINTY_MEASURE_WITH_UNIT (LENGTH_MEASURE( 1.000000000000000100E-005 ), #6343, 'distance_accuracy_value', 'NONE');
#6368 =( NAMED_UNIT ( * ) SI_UNIT ( $, .STERADIAN. ) SOLID_ANGLE_UNIT ( ) );
#6369 = ADVANCED_FACE ( 'NONE', ( #3573 ), #4534, .T. ) ;
#6370 = VECTOR ( 'NONE', #7384, 39.37007874015748100 ) ;
#6371 = FILL_AREA_STYLE ('',( #5695 ) ) ;
#6372 = ORIENTED_EDGE ( 'NONE', *, *, #5539, .T. ) ;
#6373 = CARTESIAN_POINT ( 'NONE',  ( -0.7282875163485818000, -0.8625016303536163800, 0.2849999999999986400 ) ) ;
#6374 = CARTESIAN_POINT ( 'NONE',  ( -0.5530379160474264700, -0.2703454038794355100, -1.501505334079000100 ) ) ;
#6375 = PRESENTATION_LAYER_ASSIGNMENT (  '', '', ( #5463 ) ) ;
#6376 =( NAMED_UNIT ( * ) SI_UNIT ( $, .STERADIAN. ) SOLID_ANGLE_UNIT ( ) );
#6377 =( NAMED_UNIT ( * ) PLANE_ANGLE_UNIT ( ) SI_UNIT ( $, .RADIAN. ) );
#6378 = VERTEX_POINT ( 'NONE', #2043 ) ;
#6379 = CIRCLE ( 'NONE', #5174, 0.3750000000000004400 ) ;
#6380 = PRESENTATION_LAYER_ASSIGNMENT (  '', '', ( #5022 ) ) ;
#6381 = PRESENTATION_LAYER_ASSIGNMENT (  '', '', ( #6810 ) ) ;
#6382 = CIRCLE ( 'NONE', #4398, 0.02600000000000007900 ) ;
#6383 = B_SPLINE_CURVE_WITH_KNOTS ( 'NONE', 3,
 ( #4590, #7262, #2515, #462, #5264, #1159, #5938, #1856, #6611, #343, #6189, #7183, #7533, #3492, #8214, #4175, #61 ),
 .UNSPECIFIED., .F., .F.,
 ( 4, 1, 1, 1, 1, 1, 1, 1, 1, 1, 1, 1, 1, 1, 4 ),
 ( 0.05011294172686381300, 0.08102681783936238600, 0.1119420306401109600, 0.1428595086365669300, 0.2140891459038951900, 0.2860950200644465400, 0.3930456636570062200, 0.4999926877255289600, 0.5627852503413688400, 0.6249448691543839600, 0.7499114040562402400, 0.8126692735246088300, 0.8748177553286411400, 0.9374125095517387200, 1.000000000000000000 ),
 .UNSPECIFIED. ) ;
#6384 = EDGE_CURVE ( 'NONE', #8782, #3131, #2711, .T. ) ;
#6385 = VERTEX_POINT ( 'NONE', #6118 ) ;
#6386 = DIRECTION ( 'NONE',  ( 0.0000000000000000000, 1.000000000000000000, 0.0000000000000000000 ) ) ;
#6387 = DIRECTION ( 'NONE',  ( -9.711944615174957000E-017, 7.459504271329836200E-017, 1.000000000000000000 ) ) ;
#6388 = CARTESIAN_POINT ( 'NONE',  ( -0.9022743439286039500, -0.3950597873861440600, -1.501802667784113400 ) ) ;
#6389 = ORIENTED_EDGE ( 'NONE', *, *, #1409, .T. ) ;
#6390 = PRESENTATION_STYLE_ASSIGNMENT (( #1622 ) ) ;
#6391 = DIRECTION ( 'NONE',  ( 0.0000000000000000000, 1.000000000000000000, 4.727918588621872600E-016 ) ) ;
#6392 = ORIENTED_EDGE ( 'NONE', *, *, #8428, .F. ) ;
#6393 = CIRCLE ( 'NONE', #877, 0.2475000000000015200 ) ;
#6394 = DIRECTION ( 'NONE',  ( 0.9238795325112881800, 0.0000000000000000000, 0.3826834323650861700 ) ) ;
#6395 = SURFACE_SIDE_STYLE ('',( #1364 ) ) ;
#6396 = ORIENTED_EDGE ( 'NONE', *, *, #5766, .T. ) ;
#6397 = EDGE_LOOP ( 'NONE', ( #7625, #7030 ) ) ;
#6398 = STYLED_ITEM ( 'NONE', ( #728 ), #8748 ) ;
#6399 = STYLED_ITEM ( 'NONE', ( #8633 ), #6283 ) ;
#6400 = ORIENTED_EDGE ( 'NONE', *, *, #7595, .T. ) ;
#6401 = EDGE_CURVE ( 'NONE', #4465, #4043, #7887, .T. ) ;
#6403 = DIRECTION ( 'NONE',  ( -5.389556073798634900E-015, -1.412857278674264800E-015, -1.000000000000000000 ) ) ;
#6402 = CARTESIAN_POINT ( 'NONE',  ( -0.7736500547272099300, -0.2742372391485529700, -1.546958370795826800 ) ) ;
#6404 =( LENGTH_UNIT ( ) NAMED_UNIT ( * ) SI_UNIT ( $, .METRE. ) );
#6405 = ORIENTED_EDGE ( 'NONE', *, *, #3378, .F. ) ;
#6406 = CYLINDRICAL_SURFACE ( 'NONE', #1240, 0.1227063869039654600 ) ;
#6407 = CARTESIAN_POINT ( 'NONE',  ( -0.7282875163485816900, -0.3315016303536156800, -1.349538768355159800 ) ) ;
#6408 = VERTEX_POINT ( 'NONE', #4786 ) ;
#6409 = AXIS2_PLACEMENT_3D ( 'NONE', #3406, #8125, #4087 ) ;
#6410 = DIRECTION ( 'NONE',  ( 0.0000000000000000000, 1.000000000000000000, 0.0000000000000000000 ) ) ;
#6411 =( NAMED_UNIT ( * ) PLANE_ANGLE_UNIT ( ) SI_UNIT ( $, .RADIAN. ) );
#6412 = FILL_AREA_STYLE ('',( #4356 ) ) ;
#6413 = VERTEX_POINT ( 'NONE', #6786 ) ;
#6414 = EDGE_CURVE ( 'NONE', #3979, #3252, #6105, .T. ) ;
#6415 = MECHANICAL_DESIGN_GEOMETRIC_PRESENTATION_REPRESENTATION (  '', ( #5500 ), #6843 ) ;
#6416 = FILL_AREA_STYLE_COLOUR ( '', #7031 ) ;
#6417 = ORIENTED_EDGE ( 'NONE', *, *, #5194, .F. ) ;
#6418 = ORIENTED_EDGE ( 'NONE', *, *, #1088, .T. ) ;
#6419 = CARTESIAN_POINT ( 'NONE',  ( -1.108287516348582600, -0.3315016303536154600, -0.5081049102779643400 ) ) ;
#6420 = ADVANCED_FACE ( 'NONE', ( #863 ), #3454, .F. ) ;
#6421 =( NAMED_UNIT ( * ) PLANE_ANGLE_UNIT ( ) SI_UNIT ( $, .RADIAN. ) );
#6422 = CIRCLE ( 'NONE', #7489, 0.1559999999975166800 ) ;
#6423 =( CONVERSION_BASED_UNIT ( 'INCH', #8190 ) LENGTH_UNIT ( ) NAMED_UNIT ( #1181 ) );
#6424 = CARTESIAN_POINT ( 'NONE',  ( -0.7282875163485668100, 0.2854983696464034000, 0.2849999999999988100 ) ) ;
#6425 = UNCERTAINTY_MEASURE_WITH_UNIT (LENGTH_MEASURE( 1.000000000000000100E-005 ), #735, 'distance_accuracy_value', 'NONE');
#6426 = VERTEX_POINT ( 'NONE', #664 ) ;
#6428 = CARTESIAN_POINT ( 'NONE',  ( -0.2684280269390437700, -0.6830016303536151600, 0.2849999999999986400 ) ) ;
#6427 = CARTESIAN_POINT ( 'NONE',  ( -0.7282875163485911200, -0.3315016303536180700, -1.539000000000017900 ) ) ;
#6429 = CARTESIAN_POINT ( 'NONE',  ( -0.7282875163485818000, -0.3315016303536159600, 0.2849999999999991400 ) ) ;
#6430 = STYLED_ITEM ( 'NONE', ( #5654 ), #4574 ) ;
#6431 =( NAMED_UNIT ( * ) PLANE_ANGLE_UNIT ( ) SI_UNIT ( $, .RADIAN. ) );
#6432 = LINE ( 'NONE', #3385, #8004 ) ;
#6433 = UNCERTAINTY_MEASURE_WITH_UNIT (LENGTH_MEASURE( 1.000000000000000100E-005 ), #2522, 'distance_accuracy_value', 'NONE');
#6434 = SURFACE_STYLE_USAGE ( .BOTH. , #1652 ) ;
#6435 = STYLED_ITEM ( 'NONE', ( #3314 ), #425 ) ;
#6436 = EDGE_LOOP ( 'NONE', ( #4091, #5563, #6162, #782, #3078, #6800, #8259, #2375 ) ) ;
#6437 = AXIS2_PLACEMENT_3D ( 'NONE', #3057, #6446, #7143 ) ;
#6438 = SURFACE_SIDE_STYLE ('',( #3289 ) ) ;
#6440 = PLANE ( 'NONE',  #3940 ) ;
#6439 = DIRECTION ( 'NONE',  ( 7.472189016151557300E-032, 6.165649696520689200E-033, 1.000000000000000000 ) ) ;
#6441 = CARTESIAN_POINT ( 'NONE',  ( -0.4202148444932376500, -0.3315016303536154600, -1.025562063698267200 ) ) ;
#6442 = EDGE_CURVE ( 'NONE', #6600, #2031, #5266, .T. ) ;
#6443 = SURFACE_STYLE_FILL_AREA ( #4861 ) ;
#6444 = SURFACE_STYLE_FILL_AREA ( #4562 ) ;
#6445 = DIRECTION ( 'NONE',  ( 0.0000000000000000000, 1.000000000000000000, -1.849713085239314800E-016 ) ) ;
#6446 = DIRECTION ( 'NONE',  ( -9.711944615174957000E-017, 7.459504271329836200E-017, 1.000000000000000000 ) ) ;
#6447 =( GEOMETRIC_REPRESENTATION_CONTEXT ( 3 ) GLOBAL_UNCERTAINTY_ASSIGNED_CONTEXT ( ( #3120 ) ) GLOBAL_UNIT_ASSIGNED_CONTEXT ( ( #1230, #6021, #1945 ) ) REPRESENTATION_CONTEXT ( 'NONE', 'WORKASPACE' ) );
#6448 = DIRECTION ( 'NONE',  ( -1.000000000000000000, 0.0000000000000000000, 0.0000000000000000000 ) ) ;
#6449 =( GEOMETRIC_REPRESENTATION_CONTEXT ( 3 ) GLOBAL_UNCERTAINTY_ASSIGNED_CONTEXT ( ( #6957 ) ) GLOBAL_UNIT_ASSIGNED_CONTEXT ( ( #6770, #2727, #7452 ) ) REPRESENTATION_CONTEXT ( 'NONE', 'WORKASPACE' ) );
#6450 = FILL_AREA_STYLE_COLOUR ( '', #4265 ) ;
#6451 = PRESENTATION_STYLE_ASSIGNMENT (( #5866 ) ) ;
#6452 = EDGE_CURVE ( 'NONE', #1340, #1224, #3451, .T. ) ;
#6453 =( LENGTH_UNIT ( ) NAMED_UNIT ( * ) SI_UNIT ( $, .METRE. ) );
#6454 = CARTESIAN_POINT ( 'NONE',  ( -0.7282875163485818000, -0.3315016303536156300, 0.2849999999999987500 ) ) ;
#6455 =( NAMED_UNIT ( * ) SI_UNIT ( $, .STERADIAN. ) SOLID_ANGLE_UNIT ( ) );
#6456 = COLOUR_RGB ( '',0.5019607843137254800, 0.5019607843137254800, 0.5019607843137254800 ) ;
#6457 = AXIS2_PLACEMENT_3D ( 'NONE', #7460, #568, #7479 ) ;
#6458 = CIRCLE ( 'NONE', #4938, 0.1400000000000000100 ) ;
#6459 = ADVANCED_FACE ( 'NONE', ( #7053 ), #7768, .T. ) ;
#6460 = SURFACE_STYLE_USAGE ( .BOTH. , #1683 ) ;
#6461 = CARTESIAN_POINT ( 'NONE',  ( -0.5882875163485816700, -0.3315016303536162400, -0.6699583694396619200 ) ) ;
#6462 = FILL_AREA_STYLE ('',( #8442 ) ) ;
#6463 = SURFACE_STYLE_USAGE ( .BOTH. , #1688 ) ;
#6464 =( GEOMETRIC_REPRESENTATION_CONTEXT ( 3 ) GLOBAL_UNCERTAINTY_ASSIGNED_CONTEXT ( ( #6148 ) ) GLOBAL_UNIT_ASSIGNED_CONTEXT ( ( #6545, #2479, #7213 ) ) REPRESENTATION_CONTEXT ( 'NONE', 'WORKASPACE' ) );
#6465 = CARTESIAN_POINT ( 'NONE',  ( -0.3242987751665603600, -0.3315016303536154600, -0.4992337427040285400 ) ) ;
#6466 =( NAMED_UNIT ( * ) SI_UNIT ( $, .STERADIAN. ) SOLID_ANGLE_UNIT ( ) );
#6467 = CONICAL_SURFACE ( 'NONE', #1629, 0.3732951296946417900, 1.178097245096175700 ) ;
#6468 = SURFACE_STYLE_USAGE ( .BOTH. , #1699 ) ;
#6469 = CARTESIAN_POINT ( 'NONE',  ( -0.7282875163485818000, -0.3315016303536155200, 1.168000000000000100 ) ) ;
#6470 = EDGE_LOOP ( 'NONE', ( #3690, #5140 ) ) ;
#6471 = CARTESIAN_POINT ( 'NONE',  ( -0.7282875163485819100, -0.3315016303536162400, -0.9299583694396620400 ) ) ;
#6472 = AXIS2_PLACEMENT_3D ( 'NONE', #3575, #8287, #4233 ) ;
#6473 = ORIENTED_EDGE ( 'NONE', *, *, #5241, .F. ) ;
#6474 = LINE ( 'NONE', #8102, #4683 ) ;
#6475 = EDGE_CURVE ( 'NONE', #4243, #1513, #732, .T. ) ;
#6477 = DIRECTION ( 'NONE',  ( 0.0000000000000000000, 0.0000000000000000000, -1.000000000000000000 ) ) ;
#6476 = DIRECTION ( 'NONE',  ( 1.000000000000000000, 0.0000000000000000000, 0.0000000000000000000 ) ) ;
#6478 = ORIENTED_EDGE ( 'NONE', *, *, #6062, .T. ) ;
#6479 = FILL_AREA_STYLE ('',( #4447 ) ) ;
#6480 = VERTEX_POINT ( 'NONE', #8260 ) ;
#6481 = CYLINDRICAL_SURFACE ( 'NONE', #3924, 0.3880000000000000100 ) ;
#6482 = ORIENTED_EDGE ( 'NONE', *, *, #1647, .F. ) ;
#6483 = CIRCLE ( 'NONE', #5809, 0.2650000000000002900 ) ;
#6484 = CARTESIAN_POINT ( 'NONE',  ( -0.7282875163485818000, -0.3315016303536151800, -1.107958369439397100 ) ) ;
#6485 = CARTESIAN_POINT ( 'NONE',  ( -0.7282875163485813500, -0.3315016303536163500, -0.6419583694396621100 ) ) ;
#6486 = MECHANICAL_DESIGN_GEOMETRIC_PRESENTATION_REPRESENTATION (  '', ( #5579 ), #6927 ) ;
#6487 = CARTESIAN_POINT ( 'NONE',  ( -0.6567904102082409200, -0.3188278125975762000, -1.546958361845600200 ) ) ;
#6488 = ORIENTED_EDGE ( 'NONE', *, *, #7287, .T. ) ;
#6489 = EDGE_LOOP ( 'NONE', ( #1678, #2082, #7527, #4037, #5660, #6392 ) ) ;
#6490 = LENGTH_MEASURE_WITH_UNIT ( LENGTH_MEASURE( 0.02539999999999999900 ), #99 );
#6491 =( GEOMETRIC_REPRESENTATION_CONTEXT ( 3 ) GLOBAL_UNCERTAINTY_ASSIGNED_CONTEXT ( ( #1216 ) ) GLOBAL_UNIT_ASSIGNED_CONTEXT ( ( #744, #5554, #1447 ) ) REPRESENTATION_CONTEXT ( 'NONE', 'WORKASPACE' ) );
#6492 = CONICAL_SURFACE ( 'NONE', #1310, 0.3847549984779933800, 0.7853981633974520500 ) ;
#6493 = AXIS2_PLACEMENT_3D ( 'NONE', #4766, #650, #5451 ) ;
#6494 = MECHANICAL_DESIGN_GEOMETRIC_PRESENTATION_REPRESENTATION (  '', ( #5583 ), #6933 ) ;
#6495 = ORIENTED_EDGE ( 'NONE', *, *, #8181, .T. ) ;
#6496 = ORIENTED_EDGE ( 'NONE', *, *, #2589, .T. ) ;
#6497 = FACE_BOUND ( 'NONE', #7118, .T. ) ;
#6498 =( CONVERSION_BASED_UNIT ( 'INCH', #8371 ) LENGTH_UNIT ( ) NAMED_UNIT ( #6819 ) );
#6499 = FILL_AREA_STYLE ('',( #3785 ) ) ;
#6500 = ADVANCED_FACE ( 'NONE', ( #6000 ), #5150, .T. ) ;
#6501 = DIRECTION ( 'NONE',  ( 0.0000000000000000000, 0.0000000000000000000, -1.000000000000000000 ) ) ;
#6502 = EDGE_LOOP ( 'NONE', ( #2428, #3615, #1905, #3123 ) ) ;
#6503 = CARTESIAN_POINT ( 'NONE',  ( -0.5614891191008709600, -0.3155413122284019300, -1.544375087694437300 ) ) ;
#6504 = DIRECTION ( 'NONE',  ( 1.220408817397570400E-016, -1.013066643420215200E-017, -1.000000000000000000 ) ) ;
#6505 = ORIENTED_EDGE ( 'NONE', *, *, #6520, .T. ) ;
#6506 = DIRECTION ( 'NONE',  ( 1.000000000000000000, 0.0000000000000000000, 0.0000000000000000000 ) ) ;
#6507 = CIRCLE ( 'NONE', #4176, 0.09250000000000004100 ) ;
#6508 = AXIS2_PLACEMENT_3D ( 'NONE', #2855, #114, #3584 ) ;
#6509 = CONICAL_SURFACE ( 'NONE', #1963, 0.1634999999928855000, 1.178097245086630300 ) ;
#6510 = FILL_AREA_STYLE_COLOUR ( '', #6114 ) ;
#6511 = FILL_AREA_STYLE_COLOUR ( '', #2010 ) ;
#6512 = DIMENSIONAL_EXPONENTS ( 1.000000000000000000, 0.0000000000000000000, 0.0000000000000000000, 0.0000000000000000000, 0.0000000000000000000, 0.0000000000000000000, 0.0000000000000000000 ) ;
#6513 = ORIENTED_EDGE ( 'NONE', *, *, #3917, .F. ) ;
#6514 = PRESENTATION_LAYER_ASSIGNMENT (  '', '', ( #6954 ) ) ;
#6515 = DIRECTION ( 'NONE',  ( 1.000000000000000000, 0.0000000000000000000, 0.0000000000000000000 ) ) ;
#6516 = ORIENTED_EDGE ( 'NONE', *, *, #8233, .T. ) ;
#6517 = DIRECTION ( 'NONE',  ( -0.3156177166874300500, 0.9488864299340638000, 0.0000000000000000000 ) ) ;
#6518 = DIRECTION ( 'NONE',  ( 0.0000000000000000000, 1.000000000000000000, 1.224606353822379700E-016 ) ) ;
#6519 = ADVANCED_FACE ( 'NONE', ( #3563 ), #6096, .T. ) ;
#6520 = EDGE_CURVE ( 'NONE', #3002, #2338, #7875, .T. ) ;
#6521 = ORIENTED_EDGE ( 'NONE', *, *, #578, .F. ) ;
#6522 = DIRECTION ( 'NONE',  ( 0.0000000000000000000, 1.000000000000000000, -1.224606353822389800E-016 ) ) ;
#6523 = DIRECTION ( 'NONE',  ( 0.0000000000000000000, 1.000000000000000000, -7.695346461026092800E-016 ) ) ;
#6524 = AXIS2_PLACEMENT_3D ( 'NONE', #4103, #8825, #4787 ) ;
#6525 = UNCERTAINTY_MEASURE_WITH_UNIT (LENGTH_MEASURE( 1.000000000000000100E-005 ), #6176, 'distance_accuracy_value', 'NONE');
#6526 =( GEOMETRIC_REPRESENTATION_CONTEXT ( 3 ) GLOBAL_UNCERTAINTY_ASSIGNED_CONTEXT ( ( #1010 ) ) GLOBAL_UNIT_ASSIGNED_CONTEXT ( ( #3011, #7716, #3709 ) ) REPRESENTATION_CONTEXT ( 'NONE', 'WORKASPACE' ) );
#6527 = DIRECTION ( 'NONE',  ( 1.000000000000000000, 0.0000000000000000000, 0.0000000000000000000 ) ) ;
#6528 = ORIENTED_EDGE ( 'NONE', *, *, #3414, .T. ) ;
#6529 = CARTESIAN_POINT ( 'NONE',  ( -0.5508944492847729400, -0.2781841355285635800, -1.576197332215923100 ) ) ;
#6530 = CARTESIAN_POINT ( 'NONE',  ( -0.8950859135963111800, -0.3474619484788339400, -1.539000000000018100 ) ) ;
#6531 = COLOUR_RGB ( '',0.5019607843137254800, 0.5019607843137254800, 0.5019607843137254800 ) ;
#6532 = UNCERTAINTY_MEASURE_WITH_UNIT (LENGTH_MEASURE( 1.000000000000000100E-005 ), #5963, 'distance_accuracy_value', 'NONE');
#6533 = VERTEX_POINT ( 'NONE', #8322 ) ;
#6535 = CARTESIAN_POINT ( 'NONE',  ( -0.06328751634858109700, -0.3315016303536159100, 0.2549999999999984500 ) ) ;
#6534 =( CONVERSION_BASED_UNIT ( 'INCH', #4439 ) LENGTH_UNIT ( ) NAMED_UNIT ( #5527 ) );
#6536 = VECTOR ( 'NONE', #7068, 39.37007874015748100 ) ;
#6537 = SURFACE_STYLE_USAGE ( .BOTH. , #1766 ) ;
#6538 = AXIS2_PLACEMENT_3D ( 'NONE', #3967, #8670, #4656 ) ;
#6539 = SURFACE_STYLE_USAGE ( .BOTH. , #1771 ) ;
#6540 = DIMENSIONAL_EXPONENTS ( 1.000000000000000000, 0.0000000000000000000, 0.0000000000000000000, 0.0000000000000000000, 0.0000000000000000000, 0.0000000000000000000, 0.0000000000000000000 ) ;
#6541 = DIRECTION ( 'NONE',  ( 0.0000000000000000000, -1.000000000000000000, 9.485583311334238700E-017 ) ) ;
#6542 = LINE ( 'NONE', #7416, #4751 ) ;
#6543 = AXIS2_PLACEMENT_3D ( 'NONE', #5655, #1542, #6335 ) ;
#6544 = STYLED_ITEM ( 'NONE', ( #1805 ), #7584 ) ;
#6545 =( CONVERSION_BASED_UNIT ( 'INCH', #3381 ) LENGTH_UNIT ( ) NAMED_UNIT ( #778 ) );
#6546 = SURFACE_SIDE_STYLE ('',( #6821 ) ) ;
#6547 =( LENGTH_UNIT ( ) NAMED_UNIT ( * ) SI_UNIT ( $, .METRE. ) );
#6548 = EDGE_CURVE ( 'NONE', #2455, #198, #4525, .T. ) ;
#6549 =( NAMED_UNIT ( * ) SI_UNIT ( $, .STERADIAN. ) SOLID_ANGLE_UNIT ( ) );
#6550 =( CONVERSION_BASED_UNIT ( 'INCH', #2105 ) LENGTH_UNIT ( ) NAMED_UNIT ( #3461 ) );
#6551 = CARTESIAN_POINT ( 'NONE',  ( -0.2684280269390437700, -0.5970016303536150900, -1.331775896911328400E-015 ) ) ;
#6552 = AXIS2_PLACEMENT_3D ( 'NONE', #1654, #6439, #2366 ) ;
#6553 = MECHANICAL_DESIGN_GEOMETRIC_PRESENTATION_REPRESENTATION (  '', ( #5662 ), #6995 ) ;
#6554 = DIRECTION ( 'NONE',  ( 0.0000000000000000000, -0.0000000000000000000, 1.000000000000000000 ) ) ;
#6555 = EDGE_CURVE ( 'NONE', #4139, #1902, #2704, .T. ) ;
#6556 = ADVANCED_FACE ( 'NONE', ( #852 ), #1611, .F. ) ;
#6557 = FILL_AREA_STYLE_COLOUR ( '', #8506 ) ;
#6558 = CARTESIAN_POINT ( 'NONE',  ( -0.8958905474827521000, -0.3489738561648682600, -1.549560685795793500 ) ) ;
#6559 =( NAMED_UNIT ( * ) SI_UNIT ( $, .STERADIAN. ) SOLID_ANGLE_UNIT ( ) );
#6560 = CIRCLE ( 'NONE', #2679, 0.3879999999999995700 ) ;
#6561 = AXIS2_PLACEMENT_3D ( 'NONE', #3874, #3899, #8606 ) ;
#6563 = SURFACE_STYLE_USAGE ( .BOTH. , #1802 ) ;
#6562 = DIRECTION ( 'NONE',  ( 5.135052619669662200E-017, -2.567526309834831100E-017, 1.000000000000000000 ) ) ;
#6564 = PRESENTATION_STYLE_ASSIGNMENT (( #3639 ) ) ;
#6565 = EDGE_CURVE ( 'NONE', #5215, #4932, #3444, .T. ) ;
#6566 = CARTESIAN_POINT ( 'NONE',  ( -0.5722875163485813300, -0.3315016303536163500, -0.6419583694396621100 ) ) ;
#6567 = DIRECTION ( 'NONE',  ( -9.711944615174957000E-017, 7.459504271329836200E-017, 1.000000000000000000 ) ) ;
#6568 = CIRCLE ( 'NONE', #6980, 0.3350000000000006900 ) ;
#6569 = AXIS2_PLACEMENT_3D ( 'NONE', #3484, #8203, #4165 ) ;
#6570 = VECTOR ( 'NONE', #661, 39.37007874015748100 ) ;
#6571 = COLOUR_RGB ( '',0.5019607843137254800, 0.5019607843137254800, 0.5019607843137254800 ) ;
#6572 = FILL_AREA_STYLE_COLOUR ( '', #3062 ) ;
#6573 = ORIENTED_EDGE ( 'NONE', *, *, #4099, .F. ) ;
#6574 = CARTESIAN_POINT ( 'NONE',  ( -0.7282875163485818000, -0.08150163035361573900, 1.168000000000000100 ) ) ;
#6575 =( LENGTH_UNIT ( ) NAMED_UNIT ( * ) SI_UNIT ( $, .METRE. ) );
#6576 =( NAMED_UNIT ( * ) SI_UNIT ( $, .STERADIAN. ) SOLID_ANGLE_UNIT ( ) );
#6577 = DIMENSIONAL_EXPONENTS ( 1.000000000000000000, 0.0000000000000000000, 0.0000000000000000000, 0.0000000000000000000, 0.0000000000000000000, 0.0000000000000000000, 0.0000000000000000000 ) ;
#6578 = ORIENTED_EDGE ( 'NONE', *, *, #3053, .T. ) ;
#6579 = CIRCLE ( 'NONE', #3368, 0.08600000000000016000 ) ;
#6580 = EDGE_LOOP ( 'NONE', ( #1163, #4896 ) ) ;
#6581 = DIRECTION ( 'NONE',  ( 2.915594446626999200E-032, 5.323731010893191500E-032, -1.000000000000000000 ) ) ;
#6582 =( GEOMETRIC_REPRESENTATION_CONTEXT ( 3 ) GLOBAL_UNCERTAINTY_ASSIGNED_CONTEXT ( ( #3882 ) ) GLOBAL_UNIT_ASSIGNED_CONTEXT ( ( #1853, #6606, #2533 ) ) REPRESENTATION_CONTEXT ( 'NONE', 'WORKASPACE' ) );
#6583 = LINE ( 'NONE', #3929, #3211 ) ;
#6584 = EDGE_LOOP ( 'NONE', ( #368, #2742 ) ) ;
#6585 = LINE ( 'NONE', #6365, #1151 ) ;
#6586 = MECHANICAL_DESIGN_GEOMETRIC_PRESENTATION_REPRESENTATION (  '', ( #5696 ), #7043 ) ;
#6588 = CARTESIAN_POINT ( 'NONE',  ( -1.188147005758121600, -0.1520016303536196300, 0.2849999999999987000 ) ) ;
#6587 = MECHANICAL_DESIGN_GEOMETRIC_PRESENTATION_REPRESENTATION (  '', ( #5698 ), #7044 ) ;
#6589 = DIRECTION ( 'NONE',  ( 1.000000000000000000, 0.0000000000000000000, 0.0000000000000000000 ) ) ;
#6590 = ORIENTED_EDGE ( 'NONE', *, *, #2941, .T. ) ;
#6591 = EDGE_CURVE ( 'NONE', #3837, #7269, #7041, .T. ) ;
#6592 = VERTEX_POINT ( 'NONE', #3708 ) ;
#6593 =( LENGTH_UNIT ( ) NAMED_UNIT ( * ) SI_UNIT ( $, .METRE. ) );
#6594 = SURFACE_SIDE_STYLE ('',( #3295 ) ) ;
#6595 = CIRCLE ( 'NONE', #4246, 0.1560000000000000600 ) ;
#6596 =( LENGTH_UNIT ( ) NAMED_UNIT ( * ) SI_UNIT ( $, .METRE. ) );
#6597 = VERTEX_POINT ( 'NONE', #4372 ) ;
#6598 = ADVANCED_FACE ( 'NONE', ( #8829 ), #5992, .F. ) ;
#6599 = ORIENTED_EDGE ( 'NONE', *, *, #196, .F. ) ;
#6600 = VERTEX_POINT ( 'NONE', #289 ) ;
#6601 = MECHANICAL_DESIGN_GEOMETRIC_PRESENTATION_REPRESENTATION (  '', ( #5710 ), #7057 ) ;
#6602 = MECHANICAL_DESIGN_GEOMETRIC_PRESENTATION_REPRESENTATION (  '', ( #5712 ), #7059 ) ;
#6603 = AXIS2_PLACEMENT_3D ( 'NONE', #7248, #3204, #7916 ) ;
#6604 = DIRECTION ( 'NONE',  ( 0.9488864299340639100, 0.3156177166874301100, -5.559999410096621000E-015 ) ) ;
#6605 = EDGE_CURVE ( 'NONE', #7122, #5383, #5255, .T. ) ;
#6606 =( NAMED_UNIT ( * ) PLANE_ANGLE_UNIT ( ) SI_UNIT ( $, .RADIAN. ) );
#6607 = CARTESIAN_POINT ( 'NONE',  ( -0.8917875163485921000, -0.3315016303536180700, -1.694000000000017900 ) ) ;
#6608 = DIRECTION ( 'NONE',  ( 1.000000000000000000, 0.0000000000000000000, 0.0000000000000000000 ) ) ;
#6609 = ORIENTED_EDGE ( 'NONE', *, *, #1480, .T. ) ;
#6610 = CYLINDRICAL_SURFACE ( 'NONE', #6160, 0.3600000000000003800 ) ;
#6611 = CARTESIAN_POINT ( 'NONE',  ( -0.7829829402916881300, -0.3794493597141511700, -1.546958371938651700 ) ) ;
#6612 = SURFACE_STYLE_USAGE ( .BOTH. , #1859 ) ;
#6613 = FACE_OUTER_BOUND ( 'NONE', #3757, .T. ) ;
#6614 = STYLED_ITEM ( 'NONE', ( #3014 ), #6763 ) ;
#6615 = EDGE_LOOP ( 'NONE', ( #6266, #1449, #8486, #8575 ) ) ;
#6616 = CARTESIAN_POINT ( 'NONE',  ( -0.8812872386770567200, -0.4135194699620276000, -1.562550730829408000 ) ) ;
#6617 = ORIENTED_EDGE ( 'NONE', *, *, #4935, .T. ) ;
#6618 = CARTESIAN_POINT ( 'NONE',  ( -0.7282875163485818000, -0.3315016303536155200, -0.5050000000000006700 ) ) ;
#6619 = AXIS2_PLACEMENT_3D ( 'NONE', #3625, #8328, #2959 ) ;
#6620 = CARTESIAN_POINT ( 'NONE',  ( -0.8007762861013073600, -0.3305007639051571500, -1.546958369421390600 ) ) ;
#6621 = DIMENSIONAL_EXPONENTS ( 1.000000000000000000, 0.0000000000000000000, 0.0000000000000000000, 0.0000000000000000000, 0.0000000000000000000, 0.0000000000000000000, 0.0000000000000000000 ) ;
#6622 = EDGE_LOOP ( 'NONE', ( #3946, #3855, #7305, #3852, #4712, #2545 ) ) ;
#6623 = SURFACE_STYLE_USAGE ( .BOTH. , #1870 ) ;
#6624 = DIRECTION ( 'NONE',  ( 0.0000000000000000000, 1.000000000000000000, -7.695346461026092800E-016 ) ) ;
#6625 = SURFACE_STYLE_USAGE ( .BOTH. , #1874 ) ;
#6626 = UNCERTAINTY_MEASURE_WITH_UNIT (LENGTH_MEASURE( 1.000000000000000100E-005 ), #2226, 'distance_accuracy_value', 'NONE');
#6627 = PRODUCT ( '420XBF016-1', '420XBF016-1', '', ( #1959 ) ) ;
#6628 = EDGE_CURVE ( 'NONE', #3826, #4744, #7755, .T. ) ;
#6629 = CARTESIAN_POINT ( 'NONE',  ( -0.3482875163485813500, -0.3315016303536155200, -0.7139482375457254500 ) ) ;
#6630 = ORIENTED_EDGE ( 'NONE', *, *, #5927, .F. ) ;
#6631 = LENGTH_MEASURE_WITH_UNIT ( LENGTH_MEASURE( 0.02539999999999999900 ), #2498 );
#6632 =( NAMED_UNIT ( * ) SI_UNIT ( $, .STERADIAN. ) SOLID_ANGLE_UNIT ( ) );
#6633 = DIMENSIONAL_EXPONENTS ( 1.000000000000000000, 0.0000000000000000000, 0.0000000000000000000, 0.0000000000000000000, 0.0000000000000000000, 0.0000000000000000000, 0.0000000000000000000 ) ;
#6634 = DIRECTION ( 'NONE',  ( 4.377961528315000500E-016, 4.377961528315013300E-016, -1.000000000000000000 ) ) ;
#6635 = STYLED_ITEM ( 'NONE', ( #5206 ), #3987 ) ;
#6636 =( NAMED_UNIT ( * ) PLANE_ANGLE_UNIT ( ) SI_UNIT ( $, .RADIAN. ) );
#6637 = PRESENTATION_STYLE_ASSIGNMENT (( #6623 ) ) ;
#6639 = ADVANCED_FACE ( 'NONE', ( #2377, #724 ), #4408, .T. ) ;
#6638 = UNCERTAINTY_MEASURE_WITH_UNIT (LENGTH_MEASURE( 1.000000000000000100E-005 ), #4940, 'distance_accuracy_value', 'NONE');
#6640 = CARTESIAN_POINT ( 'NONE',  ( -0.7282875163485813500, -0.3315016303536163500, -0.5169583694396621100 ) ) ;
#6641 = EDGE_CURVE ( 'NONE', #6836, #506, #1490, .T. ) ;
#6642 = SURFACE_STYLE_FILL_AREA ( #215 ) ;
#6643 = LENGTH_MEASURE_WITH_UNIT ( LENGTH_MEASURE( 0.02539999999999999900 ), #2475 );
#6644 = SURFACE_STYLE_USAGE ( .BOTH. , #1887 ) ;
#6645 =( LENGTH_UNIT ( ) NAMED_UNIT ( * ) SI_UNIT ( $, .METRE. ) );
#6646 = CARTESIAN_POINT ( 'NONE',  ( -0.7282875163485912400, -0.3315016303536180700, -1.578978402187491500 ) ) ;
#6647 = MECHANICAL_DESIGN_GEOMETRIC_PRESENTATION_REPRESENTATION (  '', ( #5290 ), #7099 ) ;
#6648 = LENGTH_MEASURE_WITH_UNIT ( LENGTH_MEASURE( 0.02539999999999999900 ), #5534 );
#6649 =( NAMED_UNIT ( * ) SI_UNIT ( $, .STERADIAN. ) SOLID_ANGLE_UNIT ( ) );
#6650 = EDGE_CURVE ( 'NONE', #7510, #6816, #3346, .T. ) ;
#6651 = MECHANICAL_DESIGN_GEOMETRIC_PRESENTATION_REPRESENTATION (  '', ( #4844 ), #7103 ) ;
#6652 = STYLED_ITEM ( 'NONE', ( #5316 ), #7815 ) ;
#6653 = PLANE ( 'NONE',  #7336 ) ;
#6654 = EDGE_CURVE ( 'NONE', #8482, #2271, #6923, .T. ) ;
#6655 = FACE_OUTER_BOUND ( 'NONE', #3858, .T. ) ;
#6656 = CARTESIAN_POINT ( 'NONE',  ( -0.7282875163485818000, -0.3315016303536156800, 0.02999999999999872200 ) ) ;
#6657 =( LENGTH_UNIT ( ) NAMED_UNIT ( * ) SI_UNIT ( $, .METRE. ) );
#6658 =( NAMED_UNIT ( * ) SI_UNIT ( $, .STERADIAN. ) SOLID_ANGLE_UNIT ( ) );
#6659 = FACE_OUTER_BOUND ( 'NONE', #4809, .T. ) ;
#6660 = CARTESIAN_POINT ( 'NONE',  ( -0.7282875163485818000, -0.3315016303536155200, -0.3587867965644041500 ) ) ;
#6661 = AXIS2_PLACEMENT_3D ( 'NONE', #8172, #4124, #18 ) ;
#6662 = DIMENSIONAL_EXPONENTS ( 1.000000000000000000, 0.0000000000000000000, 0.0000000000000000000, 0.0000000000000000000, 0.0000000000000000000, 0.0000000000000000000, 0.0000000000000000000 ) ;
#6663 = CYLINDRICAL_SURFACE ( 'NONE', #976, 0.08600000000000011800 ) ;
#6664 = FACE_OUTER_BOUND ( 'NONE', #1155, .T. ) ;
#6665 =( NAMED_UNIT ( * ) PLANE_ANGLE_UNIT ( ) SI_UNIT ( $, .RADIAN. ) );
#6666 = CARTESIAN_POINT ( 'NONE',  ( -0.7282875163485818000, -0.3315016303536155200, -1.092312662478476700 ) ) ;
#6667 = COLOUR_RGB ( '',0.5019607843137254800, 0.5019607843137254800, 0.5019607843137254800 ) ;
#6668 = MECHANICAL_DESIGN_GEOMETRIC_PRESENTATION_REPRESENTATION (  '', ( #5784 ), #7129 ) ;
#6669 = EDGE_LOOP ( 'NONE', ( #8532, #8187, #1800, #46, #716 ) ) ;
#6670 = SURFACE_STYLE_USAGE ( .BOTH. , #1924 ) ;
#6671 = UNCERTAINTY_MEASURE_WITH_UNIT (LENGTH_MEASURE( 1.000000000000000100E-005 ), #6847, 'distance_accuracy_value', 'NONE');
#6672 = SPHERICAL_SURFACE ( 'NONE', #574, 0.04699999999999943800 ) ;
#6673 = SURFACE_STYLE_USAGE ( .BOTH. , #1928 ) ;
#6674 = ORIENTED_EDGE ( 'NONE', *, *, #1109, .T. ) ;
#6675 = PRESENTATION_STYLE_ASSIGNMENT (( #6056 ) ) ;
#6677 = LINE ( 'NONE', #7451, #6046 ) ;
#6676 = VECTOR ( 'NONE', #7257, 39.37007874015748100 ) ;
#6678 = EDGE_CURVE ( 'NONE', #3979, #2645, #4300, .T. ) ;
#6679 = CARTESIAN_POINT ( 'NONE',  ( -0.7282875163485818000, -0.6440016303536156800, -0.9670000000000005300 ) ) ;
#6680 = ADVANCED_FACE ( 'NONE', ( #4934 ), #2267, .T. ) ;
#6681 = ORIENTED_EDGE ( 'NONE', *, *, #8011, .T. ) ;
#6682 = AXIS2_PLACEMENT_3D ( 'NONE', #3911, #8620, #4601 ) ;
#6683 = ORIENTED_EDGE ( 'NONE', *, *, #4592, .T. ) ;
#6684 = AXIS2_PLACEMENT_3D ( 'NONE', #2195, #6939, #2891 ) ;
#6685 = VERTEX_POINT ( 'NONE', #2516 ) ;
#6686 = CARTESIAN_POINT ( 'NONE',  ( -0.9370425309340864000, -0.4009375280248530500, -1.539000000000018100 ) ) ;
#6687 = LENGTH_MEASURE_WITH_UNIT ( LENGTH_MEASURE( 0.02539999999999999900 ), #7708 );
#6688 = ORIENTED_EDGE ( 'NONE', *, *, #7988, .T. ) ;
#6689 =( NAMED_UNIT ( * ) PLANE_ANGLE_UNIT ( ) SI_UNIT ( $, .RADIAN. ) );
#6690 =( NAMED_UNIT ( * ) SI_UNIT ( $, .STERADIAN. ) SOLID_ANGLE_UNIT ( ) );
#6691 = ORIENTED_EDGE ( 'NONE', *, *, #6914, .F. ) ;
#6692 = SURFACE_STYLE_USAGE ( .BOTH. , #1944 ) ;
#6693 = ORIENTED_EDGE ( 'NONE', *, *, #1535, .F. ) ;
#6694 = PRESENTATION_STYLE_ASSIGNMENT (( #3097 ) ) ;
#6695 = ORIENTED_EDGE ( 'NONE', *, *, #2124, .T. ) ;
#6696 = DIRECTION ( 'NONE',  ( -1.000000000000000000, 0.0000000000000000000, 0.0000000000000000000 ) ) ;
#6697 = DIMENSIONAL_EXPONENTS ( 1.000000000000000000, 0.0000000000000000000, 0.0000000000000000000, 0.0000000000000000000, 0.0000000000000000000, 0.0000000000000000000, 0.0000000000000000000 ) ;
#6698 = ORIENTED_EDGE ( 'NONE', *, *, #4575, .T. ) ;
#6699 = LINE ( 'NONE', #1350, #4909 ) ;
#6700 =( NAMED_UNIT ( * ) PLANE_ANGLE_UNIT ( ) SI_UNIT ( $, .RADIAN. ) );
#6701 = PRESENTATION_LAYER_ASSIGNMENT (  '', '', ( #5354 ) ) ;
#6702 =( CONVERSION_BASED_UNIT ( 'INCH', #3512 ) LENGTH_UNIT ( ) NAMED_UNIT ( #7442 ) );
#6703 = AXIS2_PLACEMENT_3D ( 'NONE', #3867, #7853, #8566 ) ;
#6704 = FACE_BOUND ( 'NONE', #4713, .T. ) ;
#6705 = AXIS2_PLACEMENT_3D ( 'NONE', #5283, #2536, #1182 ) ;
#6706 = ORIENTED_EDGE ( 'NONE', *, *, #8073, .T. ) ;
#6707 = EDGE_CURVE ( 'NONE', #3968, #6294, #4074, .T. ) ;
#6708 = ORIENTED_EDGE ( 'NONE', *, *, #3598, .F. ) ;
#6709 = DIRECTION ( 'NONE',  ( -5.275807990682084200E-015, -1.754834318598153900E-015, -1.000000000000000000 ) ) ;
#6710 = DIMENSIONAL_EXPONENTS ( 1.000000000000000000, 0.0000000000000000000, 0.0000000000000000000, 0.0000000000000000000, 0.0000000000000000000, 0.0000000000000000000, 0.0000000000000000000 ) ;
#6711 = ORIENTED_EDGE ( 'NONE', *, *, #8314, .F. ) ;
#6712 = APPLICATION_CONTEXT ( 'automotive_design' ) ;
#6713 = LINE ( 'NONE', #1956, #1271 ) ;
#6715 = DIRECTION ( 'NONE',  ( 1.000000000000000000, 0.0000000000000000000, 0.0000000000000000000 ) ) ;
#6714 = CARTESIAN_POINT ( 'NONE',  ( -0.7282875163485818000, -0.01900163035361538900, -0.9670000000000005300 ) ) ;
#6716 = ORIENTED_EDGE ( 'NONE', *, *, #892, .F. ) ;
#6717 = STYLED_ITEM ( 'NONE', ( #7891 ), #8523 ) ;
#6718 = VECTOR ( 'NONE', #1044, 39.37007874015748100 ) ;
#6719 =( GEOMETRIC_REPRESENTATION_CONTEXT ( 3 ) GLOBAL_UNCERTAINTY_ASSIGNED_CONTEXT ( ( #3108 ) ) GLOBAL_UNIT_ASSIGNED_CONTEXT ( ( #47, #4855, #727 ) ) REPRESENTATION_CONTEXT ( 'NONE', 'WORKASPACE' ) );
#6720 = SURFACE_STYLE_USAGE ( .BOTH. , #1967 ) ;
#6721 = EDGE_CURVE ( 'NONE', #4264, #7730, #5889, .T. ) ;
#6722 = DIRECTION ( 'NONE',  ( 0.7071067811865512400, 8.659560562354978500E-017, -0.7071067811865438000 ) ) ;
#6723 = DIMENSIONAL_EXPONENTS ( 1.000000000000000000, 0.0000000000000000000, 0.0000000000000000000, 0.0000000000000000000, 0.0000000000000000000, 0.0000000000000000000, 0.0000000000000000000 ) ;
#6724 = CARTESIAN_POINT ( 'NONE',  ( -0.7231522808704743400, -0.4038968606885542400, -1.546958369336381500 ) ) ;
#6725 = DIRECTION ( 'NONE',  ( 1.324963830349198200E-016, -4.495203217082431200E-017, 1.000000000000000000 ) ) ;
#6726 = ORIENTED_EDGE ( 'NONE', *, *, #4396, .F. ) ;
#6727 = ADVANCED_FACE ( 'NONE', ( #624 ), #6610, .F. ) ;
#6728 = DIRECTION ( 'NONE',  ( 1.000000000000000000, 0.0000000000000000000, -5.812442539711189900E-015 ) ) ;
#6729 = DIRECTION ( 'NONE',  ( 0.0000000000000000000, 0.0000000000000000000, -1.000000000000000000 ) ) ;
#6730 = AXIS2_PLACEMENT_3D ( 'NONE', #3571, #133, #7627 ) ;
#6731 = DIRECTION ( 'NONE',  ( 0.0000000000000000000, 1.000000000000000000, -1.224606353822389800E-016 ) ) ;
#6732 = LENGTH_MEASURE_WITH_UNIT ( LENGTH_MEASURE( 0.02539999999999999900 ), #3744 );
#6733 = EDGE_CURVE ( 'NONE', #1231, #2386, #8400, .T. ) ;
#6734 = ORIENTED_EDGE ( 'NONE', *, *, #5298, .T. ) ;
#6735 =( CONVERSION_BASED_UNIT ( 'INCH', #4682 ) LENGTH_UNIT ( ) NAMED_UNIT ( #4202 ) );
#6736 =( GEOMETRIC_REPRESENTATION_CONTEXT ( 3 ) GLOBAL_UNCERTAINTY_ASSIGNED_CONTEXT ( ( #1390 ) ) GLOBAL_UNIT_ASSIGNED_CONTEXT ( ( #8710, #4687, #556 ) ) REPRESENTATION_CONTEXT ( 'NONE', 'WORKASPACE' ) );
#6737 =( CONVERSION_BASED_UNIT ( 'INCH', #3994 ) LENGTH_UNIT ( ) NAMED_UNIT ( #1820 ) );
#6738 = SURFACE_STYLE_USAGE ( .BOTH. , #1982 ) ;
#6739 = DIRECTION ( 'NONE',  ( -5.488649147188717800E-016, 0.0000000000000000000, -1.000000000000000000 ) ) ;
#6740 = ORIENTED_EDGE ( 'NONE', *, *, #3669, .T. ) ;
#6741 = DIMENSIONAL_EXPONENTS ( 1.000000000000000000, 0.0000000000000000000, 0.0000000000000000000, 0.0000000000000000000, 0.0000000000000000000, 0.0000000000000000000, 0.0000000000000000000 ) ;
#6743 = PLANE ( 'NONE',  #1701 ) ;
#6742 =( CONVERSION_BASED_UNIT ( 'INCH', #1558 ) LENGTH_UNIT ( ) NAMED_UNIT ( #8838 ) );
#6744 = CARTESIAN_POINT ( 'NONE',  ( -0.7282875163485911200, -0.3315016303536180700, -1.694000000000017900 ) ) ;
#6745 = COLOUR_RGB ( '',0.5019607843137254800, 0.5019607843137254800, 0.5019607843137254800 ) ;
#6746 = SURFACE_STYLE_FILL_AREA ( #8268 ) ;
#6747 = LENGTH_MEASURE_WITH_UNIT ( LENGTH_MEASURE( 0.02539999999999999900 ), #3586 );
#6748 = CARTESIAN_POINT ( 'NONE',  ( -0.6560360156646937200, -0.3374991838391515100, -1.546958369439662000 ) ) ;
#6749 = PRESENTATION_LAYER_ASSIGNMENT (  '', '', ( #6311 ) ) ;
#6750 = DIRECTION ( 'NONE',  ( 2.985768325466478400E-031, -6.902532920683853300E-031, -1.000000000000000000 ) ) ;
#6751 = FILL_AREA_STYLE ('',( #4730 ) ) ;
#6752 =( GEOMETRIC_REPRESENTATION_CONTEXT ( 3 ) GLOBAL_UNCERTAINTY_ASSIGNED_CONTEXT ( ( #2293 ) ) GLOBAL_UNIT_ASSIGNED_CONTEXT ( ( #5110, #1009, #5800 ) ) REPRESENTATION_CONTEXT ( 'NONE', 'WORKASPACE' ) );
#6753 = LENGTH_MEASURE_WITH_UNIT ( LENGTH_MEASURE( 0.02539999999999999900 ), #1434 );
#6754 = EDGE_CURVE ( 'NONE', #1792, #532, #3237, .T. ) ;
#6755 = CIRCLE ( 'NONE', #3271, 0.1175000000000001200 ) ;
#6756 =( NAMED_UNIT ( * ) SI_UNIT ( $, .STERADIAN. ) SOLID_ANGLE_UNIT ( ) );
#6757 = DIRECTION ( 'NONE',  ( 0.0000000000000000000, -1.000000000000000000, 0.0000000000000000000 ) ) ;
#6758 = DIRECTION ( 'NONE',  ( -1.000000000000000000, 0.0000000000000000000, 0.0000000000000000000 ) ) ;
#6759 = MECHANICAL_DESIGN_GEOMETRIC_PRESENTATION_REPRESENTATION (  '', ( #4967 ), #7220 ) ;
#6760 = AXIS2_PLACEMENT_3D ( 'NONE', #3587, #8299, #4251 ) ;
#6761 = STYLED_ITEM ( 'NONE', ( #6846 ), #5672 ) ;
#6762 = FILL_AREA_STYLE ('',( #5417 ) ) ;
#6763 = ADVANCED_FACE ( 'NONE', ( #1378 ), #3970, .T. ) ;
#6765 =( NAMED_UNIT ( * ) PLANE_ANGLE_UNIT ( ) SI_UNIT ( $, .RADIAN. ) );
#6764 = FILL_AREA_STYLE_COLOUR ( '', #915 ) ;
#6766 = CYLINDRICAL_SURFACE ( 'NONE', #4710, 0.3750000000000004400 ) ;
#6767 = LINE ( 'NONE', #7619, #3182 ) ;
#6768 =( CONVERSION_BASED_UNIT ( 'INCH', #2624 ) LENGTH_UNIT ( ) NAMED_UNIT ( #4306 ) );
#6769 = CARTESIAN_POINT ( 'NONE',  ( -0.5832875163485815600, -0.3315016303536157900, -0.5249583694396620100 ) ) ;
#6771 = CARTESIAN_POINT ( 'NONE',  ( -1.188147005758121600, -0.06600163035361952800, 0.2849999999999987000 ) ) ;
#6770 =( CONVERSION_BASED_UNIT ( 'INCH', #4319 ) LENGTH_UNIT ( ) NAMED_UNIT ( #1438 ) );
#6772 = SURFACE_STYLE_USAGE ( .BOTH. , #2033 ) ;
#6773 = PRESENTATION_LAYER_ASSIGNMENT (  '', '', ( #5431 ) ) ;
#6774 = ORIENTED_EDGE ( 'NONE', *, *, #3030, .F. ) ;
#6775 = SURFACE_STYLE_FILL_AREA ( #8819 ) ;
#6776 = CARTESIAN_POINT ( 'NONE',  ( -0.2684280269390455500, -0.1520016303536132500, 0.2849999999999987000 ) ) ;
#6777 = VERTEX_POINT ( 'NONE', #8698 ) ;
#6778 = FILL_AREA_STYLE_COLOUR ( '', #4641 ) ;
#6779 = UNCERTAINTY_MEASURE_WITH_UNIT (LENGTH_MEASURE( 1.000000000000000100E-005 ), #8105, 'distance_accuracy_value', 'NONE');
#6780 = CIRCLE ( 'NONE', #3534, 0.04799345780212500900 ) ;
#6781 = DIRECTION ( 'NONE',  ( 0.0000000000000000000, 0.0000000000000000000, -1.000000000000000000 ) ) ;
#6782 = AXIS2_PLACEMENT_3D ( 'NONE', #326, #7849, #5209 ) ;
#6783 = ORIENTED_EDGE ( 'NONE', *, *, #7138, .F. ) ;
#6784 = DIRECTION ( 'NONE',  ( -1.000000000000000000, 0.0000000000000000000, 0.0000000000000000000 ) ) ;
#6785 = ORIENTED_EDGE ( 'NONE', *, *, #7999, .F. ) ;
#6786 = CARTESIAN_POINT ( 'NONE',  ( -0.3435325178705884200, -0.3315016303536154600, -0.3587867965644041500 ) ) ;
#6787 = DIMENSIONAL_EXPONENTS ( 1.000000000000000000, 0.0000000000000000000, 0.0000000000000000000, 0.0000000000000000000, 0.0000000000000000000, 0.0000000000000000000, 0.0000000000000000000 ) ;
#6788 = PRESENTATION_STYLE_ASSIGNMENT (( #4983 ) ) ;
#6789 = EDGE_CURVE ( 'NONE', #2019, #4128, #5777, .T. ) ;
#6790 = EDGE_LOOP ( 'NONE', ( #7998, #5880, #2864, #1625 ) ) ;
#6791 = UNCERTAINTY_MEASURE_WITH_UNIT (LENGTH_MEASURE( 1.000000000000000100E-005 ), #3861, 'distance_accuracy_value', 'NONE');
#6792 = ORIENTED_EDGE ( 'NONE', *, *, #7607, .T. ) ;
#6794 = DIRECTION ( 'NONE',  ( -9.711944615174957000E-017, 7.459504271329836200E-017, 1.000000000000000000 ) ) ;
#6793 =( LENGTH_UNIT ( ) NAMED_UNIT ( * ) SI_UNIT ( $, .METRE. ) );
#6795 = VERTEX_POINT ( 'NONE', #5351 ) ;
#6796 = AXIS2_PLACEMENT_3D ( 'NONE', #1045, #6504, #1761 ) ;
#6797 = DIRECTION ( 'NONE',  ( -1.000000000000000000, 0.0000000000000000000, 0.0000000000000000000 ) ) ;
#6798 = SURFACE_STYLE_FILL_AREA ( #2424 ) ;
#6799 = FACE_BOUND ( 'NONE', #3672, .T. ) ;
#6800 = ORIENTED_EDGE ( 'NONE', *, *, #8629, .T. ) ;
#6801 = CARTESIAN_POINT ( 'NONE',  ( -0.7282875163485818000, -0.3315016303536155200, 0.1249999999999986700 ) ) ;
#6802 = DIMENSIONAL_EXPONENTS ( 1.000000000000000000, 0.0000000000000000000, 0.0000000000000000000, 0.0000000000000000000, 0.0000000000000000000, 0.0000000000000000000, 0.0000000000000000000 ) ;
#6803 = VERTEX_POINT ( 'NONE', #5969 ) ;
#6804 =( NAMED_UNIT ( * ) SI_UNIT ( $, .STERADIAN. ) SOLID_ANGLE_UNIT ( ) );
#6805 = CARTESIAN_POINT ( 'NONE',  ( -0.7154901923239666000, -0.3541340959243161600, -1.259000000000018500 ) ) ;
#6806 = MECHANICAL_DESIGN_GEOMETRIC_PRESENTATION_REPRESENTATION (  '', ( #5463 ), #7272 ) ;
#6807 = ORIENTED_EDGE ( 'NONE', *, *, #5703, .F. ) ;
#6808 = ORIENTED_EDGE ( 'NONE', *, *, #1395, .T. ) ;
#6809 = MECHANICAL_DESIGN_GEOMETRIC_PRESENTATION_REPRESENTATION (  '', ( #5022 ), #7276 ) ;
#6810 = STYLED_ITEM ( 'NONE', ( #2662 ), #7711 ) ;
#6811 = SURFACE_STYLE_USAGE ( .BOTH. , #2066 ) ;
#6812 = FILL_AREA_STYLE_COLOUR ( '', #681 ) ;
#6813 = EDGE_CURVE ( 'NONE', #3400, #525, #516, .T. ) ;
#6814 = LENGTH_MEASURE_WITH_UNIT ( LENGTH_MEASURE( 0.02539999999999999900 ), #3997 );
#6815 = CARTESIAN_POINT ( 'NONE',  ( -0.7282875163485818000, 0.04349836964638496800, -0.7219999999999998600 ) ) ;
#6816 = VERTEX_POINT ( 'NONE', #3341 ) ;
#6817 = COLOUR_RGB ( '',0.5019607843137254800, 0.5019607843137254800, 0.5019607843137254800 ) ;
#6818 =( LENGTH_UNIT ( ) NAMED_UNIT ( * ) SI_UNIT ( $, .METRE. ) );
#6819 = DIMENSIONAL_EXPONENTS ( 1.000000000000000000, 0.0000000000000000000, 0.0000000000000000000, 0.0000000000000000000, 0.0000000000000000000, 0.0000000000000000000, 0.0000000000000000000 ) ;
#6820 = DIRECTION ( 'NONE',  ( -0.0000000000000000000, -0.0000000000000000000, 1.000000000000000000 ) ) ;
#6821 = SURFACE_STYLE_FILL_AREA ( #7851 ) ;
#6822 = AXIS2_PLACEMENT_3D ( 'NONE', #3206, #7918, #3891 ) ;
#6823 = AXIS2_PLACEMENT_3D ( 'NONE', #1082, #5867, #1765 ) ;
#6824 = CARTESIAN_POINT ( 'NONE',  ( -0.7282875163485668100, 0.1994983696463852600, -1.365923996832131600E-015 ) ) ;
#6825 = ORIENTED_EDGE ( 'NONE', *, *, #3598, .T. ) ;
#6826 = PRESENTATION_STYLE_ASSIGNMENT (( #81 ) ) ;
#6827 = EDGE_CURVE ( 'NONE', #922, #616, #7541, .T. ) ;
#6828 = DIRECTION ( 'NONE',  ( 2.269394080698843500E-018, -0.7071067811865477900, 0.7071067811865472400 ) ) ;
#6830 = SURFACE_SIDE_STYLE ('',( #4495 ) ) ;
#6829 =( CONVERSION_BASED_UNIT ( 'INCH', #6838 ) LENGTH_UNIT ( ) NAMED_UNIT ( #6880 ) );
#6831 = DIRECTION ( 'NONE',  ( 0.0000000000000000000, 1.000000000000000000, 0.0000000000000000000 ) ) ;
#6832 = DIMENSIONAL_EXPONENTS ( 1.000000000000000000, 0.0000000000000000000, 0.0000000000000000000, 0.0000000000000000000, 0.0000000000000000000, 0.0000000000000000000, 0.0000000000000000000 ) ;
#6833 = AXIS2_PLACEMENT_3D ( 'NONE', #4063, #8773, #4753 ) ;
#6834 = LENGTH_MEASURE_WITH_UNIT ( LENGTH_MEASURE( 0.02539999999999999900 ), #5408 );
#6835 = SURFACE_SIDE_STYLE ('',( #5445 ) ) ;
#6836 = VERTEX_POINT ( 'NONE', #8049 ) ;
#6837 = DIRECTION ( 'NONE',  ( -1.000000000000000000, 0.0000000000000000000, 0.0000000000000000000 ) ) ;
#6838 = LENGTH_MEASURE_WITH_UNIT ( LENGTH_MEASURE( 0.02539999999999999900 ), #2076 );
#6839 = EDGE_CURVE ( 'NONE', #2138, #1714, #2139, .T. ) ;
#6840 = DIRECTION ( 'NONE',  ( -0.9488864299340638000, -0.3156177166874302200, -1.126055187715457500E-016 ) ) ;
#6841 = CARTESIAN_POINT ( 'NONE',  ( -0.7282875163485818000, 0.003498369646384987100, -1.504043584937990200E-015 ) ) ;
#6842 = DIMENSIONAL_EXPONENTS ( 1.000000000000000000, 0.0000000000000000000, 0.0000000000000000000, 0.0000000000000000000, 0.0000000000000000000, 0.0000000000000000000, 0.0000000000000000000 ) ;
#6843 =( GEOMETRIC_REPRESENTATION_CONTEXT ( 3 ) GLOBAL_UNCERTAINTY_ASSIGNED_CONTEXT ( ( #711 ) ) GLOBAL_UNIT_ASSIGNED_CONTEXT ( ( #4975, #860, #5663 ) ) REPRESENTATION_CONTEXT ( 'NONE', 'WORKASPACE' ) );
#6844 =( NAMED_UNIT ( * ) SI_UNIT ( $, .STERADIAN. ) SOLID_ANGLE_UNIT ( ) );
#6845 = SURFACE_SIDE_STYLE ('',( #7027 ) ) ;
#6846 = PRESENTATION_STYLE_ASSIGNMENT (( #2239 ) ) ;
#6848 = DIRECTION ( 'NONE',  ( 7.472189016151557300E-032, 6.165649696520689200E-033, 1.000000000000000000 ) ) ;
#6847 =( CONVERSION_BASED_UNIT ( 'INCH', #3296 ) LENGTH_UNIT ( ) NAMED_UNIT ( #4822 ) );
#6849 = FACE_OUTER_BOUND ( 'NONE', #1808, .T. ) ;
#6850 = DIRECTION ( 'NONE',  ( 0.0000000000000000000, -1.000000000000000000, 4.268512490100413400E-016 ) ) ;
#6851 = AXIS2_PLACEMENT_3D ( 'NONE', #6279, #6944, #2236 ) ;
#6852 = CARTESIAN_POINT ( 'NONE',  ( -0.7282875163485818000, -0.5815016303536153500, 1.168000000000000100 ) ) ;
#6853 = LENGTH_MEASURE_WITH_UNIT ( LENGTH_MEASURE( 0.02539999999999999900 ), #5296 );
#6854 = AXIS2_PLACEMENT_3D ( 'NONE', #939, #5727, #1630 ) ;
#6855 = MECHANICAL_DESIGN_GEOMETRIC_PRESENTATION_REPRESENTATION (  '', ( #5977 ), #7321 ) ;
#6856 = DIMENSIONAL_EXPONENTS ( 1.000000000000000000, 0.0000000000000000000, 0.0000000000000000000, 0.0000000000000000000, 0.0000000000000000000, 0.0000000000000000000, 0.0000000000000000000 ) ;
#6857 = CARTESIAN_POINT ( 'NONE',  ( -0.7728851785554731200, -0.3463356630379221800, 1.478999999999976600 ) ) ;
#6858 = EDGE_CURVE ( 'NONE', #1463, #3358, #2371, .T. ) ;
#6859 = LINE ( 'NONE', #8517, #3287 ) ;
#6860 = DIRECTION ( 'NONE',  ( -5.389556073798631000E-015, -1.412857278674263400E-015, -1.000000000000000000 ) ) ;
#6861 = LINE ( 'NONE', #1648, #3290 ) ;
#6862 =( NAMED_UNIT ( * ) PLANE_ANGLE_UNIT ( ) SI_UNIT ( $, .RADIAN. ) );
#6863 = CARTESIAN_POINT ( 'NONE',  ( -0.7282875163485818000, -0.3315016303536155200, 1.168000000000000100 ) ) ;
#6864 = PLANE ( 'NONE',  #7146 ) ;
#6865 = VECTOR ( 'NONE', #8306, 39.37007874015748100 ) ;
#6866 = AXIS2_PLACEMENT_3D ( 'NONE', #6660, #5311, #2635 ) ;
#6867 = AXIS2_PLACEMENT_3D ( 'NONE', #8839, #4807, #672 ) ;
#6868 = AXIS2_PLACEMENT_3D ( 'NONE', #4057, #8768, #4747 ) ;
#6869 = FACE_BOUND ( 'NONE', #2099, .T. ) ;
#6870 = ORIENTED_EDGE ( 'NONE', *, *, #6401, .T. ) ;
#6871 = EDGE_CURVE ( 'NONE', #5041, #5964, #305, .T. ) ;
#6873 = CARTESIAN_POINT ( 'NONE',  ( -0.8457875163485818500, -0.3315016303536160700, -1.319958369439661700 ) ) ;
#6872 = DIRECTION ( 'NONE',  ( -1.324963830349198200E-016, 4.495203217082431200E-017, -1.000000000000000000 ) ) ;
#6874 = ORIENTED_EDGE ( 'NONE', *, *, #7685, .F. ) ;
#6875 =( NAMED_UNIT ( * ) SI_UNIT ( $, .STERADIAN. ) SOLID_ANGLE_UNIT ( ) );
#6876 = VECTOR ( 'NONE', #1955, 39.37007874015748100 ) ;
#6877 = LINE ( 'NONE', #6574, #6676 ) ;
#6878 = ADVANCED_FACE ( 'NONE', ( #3767 ), #4505, .T. ) ;
#6879 =( NAMED_UNIT ( * ) PLANE_ANGLE_UNIT ( ) SI_UNIT ( $, .RADIAN. ) );
#6880 = DIMENSIONAL_EXPONENTS ( 1.000000000000000000, 0.0000000000000000000, 0.0000000000000000000, 0.0000000000000000000, 0.0000000000000000000, 0.0000000000000000000, 0.0000000000000000000 ) ;
#6881 = EDGE_LOOP ( 'NONE', ( #3459, #6038, #2550, #1937 ) ) ;
#6882 =( NAMED_UNIT ( * ) SI_UNIT ( $, .STERADIAN. ) SOLID_ANGLE_UNIT ( ) );
#6883 = CARTESIAN_POINT ( 'NONE',  ( -0.7282875163485909000, -0.3315016303536180700, -1.123999999999644200 ) ) ;
#6884 = VERTEX_POINT ( 'NONE', #1318 ) ;
#6885 = DIRECTION ( 'NONE',  ( 0.0000000000000000000, 1.000000000000000000, -7.695346461026092800E-016 ) ) ;
#6886 = AXIS2_PLACEMENT_3D ( 'NONE', #5491, #1391, #6163 ) ;
#6887 = UNCERTAINTY_MEASURE_WITH_UNIT (LENGTH_MEASURE( 1.000000000000000100E-005 ), #2931, 'distance_accuracy_value', 'NONE');
#6888 = SURFACE_STYLE_FILL_AREA ( #6412 ) ;
#6889 = ORIENTED_EDGE ( 'NONE', *, *, #3697, .T. ) ;
#6890 = DIRECTION ( 'NONE',  ( -9.726753936418404900E-033, -1.224606353822377300E-016, -1.000000000000000000 ) ) ;
#6891 = ORIENTED_EDGE ( 'NONE', *, *, #1919, .T. ) ;
#6892 = DIRECTION ( 'NONE',  ( 1.000000000000000000, 0.0000000000000000000, 0.0000000000000000000 ) ) ;
#6893 = VERTEX_POINT ( 'NONE', #6776 ) ;
#6894 = CARTESIAN_POINT ( 'NONE',  ( -0.7282875163485818000, -0.3315016303536155200, -1.012000000000000000 ) ) ;
#6895 = STYLED_ITEM ( 'NONE', ( #4563 ), #2903 ) ;
#6896 = PRESENTATION_STYLE_ASSIGNMENT (( #4199 ) ) ;
#6897 = PLANE ( 'NONE',  #5758 ) ;
#6898 = ORIENTED_EDGE ( 'NONE', *, *, #7955, .F. ) ;
#6899 = UNCERTAINTY_MEASURE_WITH_UNIT (LENGTH_MEASURE( 1.000000000000000100E-005 ), #6301, 'distance_accuracy_value', 'NONE');
#6900 = DIRECTION ( 'NONE',  ( 0.0000000000000000000, 1.000000000000000000, 0.0000000000000000000 ) ) ;
#6901 = EDGE_LOOP ( 'NONE', ( #7741, #7640, #1954, #6807 ) ) ;
#6902 = CIRCLE ( 'NONE', #3825, 0.04799345780212514700 ) ;
#6903 = CARTESIAN_POINT ( 'NONE',  ( -0.7477818014501350600, -0.2887351382321022300, -1.599000000000018600 ) ) ;
#6904 =( NAMED_UNIT ( * ) PLANE_ANGLE_UNIT ( ) SI_UNIT ( $, .RADIAN. ) );
#6905 =( NAMED_UNIT ( * ) SI_UNIT ( $, .STERADIAN. ) SOLID_ANGLE_UNIT ( ) );
#6906 = FACE_OUTER_BOUND ( 'NONE', #6152, .T. ) ;
#6908 = FILL_AREA_STYLE_COLOUR ( '', #3160 ) ;
#6907 = DIRECTION ( 'NONE',  ( 1.000000000000000000, 0.0000000000000000000, 0.0000000000000000000 ) ) ;
#6909 = ORIENTED_EDGE ( 'NONE', *, *, #6150, .T. ) ;
#6910 = PRESENTATION_STYLE_ASSIGNMENT (( #3875 ) ) ;
#6911 = AXIS2_PLACEMENT_3D ( 'NONE', #6894, #4184, #5580 ) ;
#6912 = DIRECTION ( 'NONE',  ( -0.9488864299340638000, -0.3156177166874302200, -1.126055187715457500E-016 ) ) ;
#6913 = FACE_OUTER_BOUND ( 'NONE', #7019, .T. ) ;
#6914 = EDGE_CURVE ( 'NONE', #166, #2271, #6507, .T. ) ;
#6915 = UNCERTAINTY_MEASURE_WITH_UNIT (LENGTH_MEASURE( 1.000000000000000100E-005 ), #1360, 'distance_accuracy_value', 'NONE');
#6916 = FILL_AREA_STYLE ('',( #4334 ) ) ;
#6917 = DIRECTION ( 'NONE',  ( -1.000000000000000000, 0.0000000000000000000, 0.0000000000000000000 ) ) ;
#6918 = CARTESIAN_POINT ( 'NONE',  ( -0.7282875163485818000, -0.6065016303536159300, 1.048844797839501900 ) ) ;
#6919 = FILL_AREA_STYLE ('',( #7622 ) ) ;
#6920 = ORIENTED_EDGE ( 'NONE', *, *, #1535, .T. ) ;
#6921 = COLOUR_RGB ( '',0.5019607843137254800, 0.5019607843137254800, 0.5019607843137254800 ) ;
#6922 = PRESENTATION_STYLE_ASSIGNMENT (( #955 ) ) ;
#6923 = CIRCLE ( 'NONE', #8587, 0.02000000000000046900 ) ;
#6924 = EDGE_LOOP ( 'NONE', ( #3190, #327, #3434, #386 ) ) ;
#6925 = CARTESIAN_POINT ( 'NONE',  ( -0.7542875163485864800, -0.3315016303536168500, -1.259000000000018100 ) ) ;
#6926 = SURFACE_STYLE_USAGE ( .BOTH. , #2188 ) ;
#6927 =( GEOMETRIC_REPRESENTATION_CONTEXT ( 3 ) GLOBAL_UNCERTAINTY_ASSIGNED_CONTEXT ( ( #1889 ) ) GLOBAL_UNIT_ASSIGNED_CONTEXT ( ( #5884, #1783, #6549 ) ) REPRESENTATION_CONTEXT ( 'NONE', 'WORKASPACE' ) );
#6928 = VECTOR ( 'NONE', #8315, 39.37007874015748100 ) ;
#6929 = AXIS2_PLACEMENT_3D ( 'NONE', #106, #4897, #772 ) ;
#6930 = ORIENTED_EDGE ( 'NONE', *, *, #637, .T. ) ;
#6931 = STYLED_ITEM ( 'NONE', ( #7934 ), #7919 ) ;
#6932 = COLOUR_RGB ( '',0.5019607843137254800, 0.5019607843137254800, 0.5019607843137254800 ) ;
#6933 =( GEOMETRIC_REPRESENTATION_CONTEXT ( 3 ) GLOBAL_UNCERTAINTY_ASSIGNED_CONTEXT ( ( #2831 ) ) GLOBAL_UNIT_ASSIGNED_CONTEXT ( ( #6768, #2724, #7449 ) ) REPRESENTATION_CONTEXT ( 'NONE', 'WORKASPACE' ) );
#6934 = ADVANCED_FACE ( 'NONE', ( #6299 ), #3654, .F. ) ;
#6935 =( NAMED_UNIT ( * ) SI_UNIT ( $, .STERADIAN. ) SOLID_ANGLE_UNIT ( ) );
#6936 = DIRECTION ( 'NONE',  ( 7.778474441623088400E-031, -1.018395760767760000E-015, 1.000000000000000000 ) ) ;
#6937 = DIMENSIONAL_EXPONENTS ( 1.000000000000000000, 0.0000000000000000000, 0.0000000000000000000, 0.0000000000000000000, 0.0000000000000000000, 0.0000000000000000000, 0.0000000000000000000 ) ;
#6938 =( NAMED_UNIT ( * ) PLANE_ANGLE_UNIT ( ) SI_UNIT ( $, .RADIAN. ) );
#6939 = DIRECTION ( 'NONE',  ( -1.324963830349198200E-016, 4.495203217082431200E-017, -1.000000000000000000 ) ) ;
#6940 = FILL_AREA_STYLE ('',( #5591 ) ) ;
#6941 = ORIENTED_EDGE ( 'NONE', *, *, #4006, .T. ) ;
#6942 = COLOUR_RGB ( '',0.5019607843137254800, 0.5019607843137254800, 0.5019607843137254800 ) ;
#6943 = DIRECTION ( 'NONE',  ( -0.9238795325113383600, 1.131426112287763100E-016, 0.3826834323649650500 ) ) ;
#6944 = DIRECTION ( 'NONE',  ( 0.0000000000000000000, 0.0000000000000000000, -1.000000000000000000 ) ) ;
#6945 = MECHANICAL_DESIGN_GEOMETRIC_PRESENTATION_REPRESENTATION (  '', ( #6043 ), #7389 ) ;
#6946 = PRESENTATION_STYLE_ASSIGNMENT (( #7587 ) ) ;
#6947 = LENGTH_MEASURE_WITH_UNIT ( LENGTH_MEASURE( 0.02539999999999999900 ), #2579 );
#6948 = CARTESIAN_POINT ( 'NONE',  ( -0.7282875163485818000, -0.3315016303536155200, -1.012000000000000000 ) ) ;
#6949 = ORIENTED_EDGE ( 'NONE', *, *, #3137, .F. ) ;
#6950 = CARTESIAN_POINT ( 'NONE',  ( -0.5847875163485815000, -0.3315016303536163500, -0.3869583694396621100 ) ) ;
#6951 = CARTESIAN_POINT ( 'NONE',  ( -0.7282875163485911200, -0.3315016303536180700, -1.539000000000017900 ) ) ;
#6952 = SURFACE_SIDE_STYLE ('',( #4047 ) ) ;
#6953 = DIRECTION ( 'NONE',  ( -5.389556073798631000E-015, -1.412857278674263400E-015, -1.000000000000000000 ) ) ;
#6954 = STYLED_ITEM ( 'NONE', ( #5933 ), #2412 ) ;
#6955 =( NAMED_UNIT ( * ) SI_UNIT ( $, .STERADIAN. ) SOLID_ANGLE_UNIT ( ) );
#6956 = VECTOR ( 'NONE', #241, 39.37007874015748100 ) ;
#6957 = UNCERTAINTY_MEASURE_WITH_UNIT (LENGTH_MEASURE( 1.000000000000000100E-005 ), #6770, 'distance_accuracy_value', 'NONE');
#6958 = CARTESIAN_POINT ( 'NONE',  ( -0.8457875163485815100, -0.3315016303536160700, -1.089958369439662200 ) ) ;
#6959 = FILL_AREA_STYLE ('',( #5611 ) ) ;
#6960 = EDGE_CURVE ( 'NONE', #6600, #8488, #7238, .T. ) ;
#6961 =( NAMED_UNIT ( * ) SI_UNIT ( $, .STERADIAN. ) SOLID_ANGLE_UNIT ( ) );
#6962 =( NAMED_UNIT ( * ) PLANE_ANGLE_UNIT ( ) SI_UNIT ( $, .RADIAN. ) );
#6963 = AXIS2_PLACEMENT_3D ( 'NONE', #1370, #6140, #2068 ) ;
#6964 =( NAMED_UNIT ( * ) PLANE_ANGLE_UNIT ( ) SI_UNIT ( $, .RADIAN. ) );
#6965 = PRESENTATION_STYLE_ASSIGNMENT (( #7439 ) ) ;
#6966 = CARTESIAN_POINT ( 'NONE',  ( -1.188147005758116000, -0.6830016303536216000, 0.2849999999999986400 ) ) ;
#6967 =( NAMED_UNIT ( * ) SI_UNIT ( $, .STERADIAN. ) SOLID_ANGLE_UNIT ( ) );
#6968 = CARTESIAN_POINT ( 'NONE',  ( -0.7382929371507926900, -0.2855789610652274000, -1.259000000000018500 ) ) ;
#6969 =( LENGTH_UNIT ( ) NAMED_UNIT ( * ) SI_UNIT ( $, .METRE. ) );
#6970 = ADVANCED_FACE ( 'NONE', ( #5670 ), #6406, .F. ) ;
#6971 = DIRECTION ( 'NONE',  ( 0.0000000000000000000, -1.000000000000000000, 1.241749088029208900E-016 ) ) ;
#6972 = DIMENSIONAL_EXPONENTS ( 1.000000000000000000, 0.0000000000000000000, 0.0000000000000000000, 0.0000000000000000000, 0.0000000000000000000, 0.0000000000000000000, 0.0000000000000000000 ) ;
#6973 = CARTESIAN_POINT ( 'NONE',  ( -0.7282875163485818000, -0.3315016303536155200, -1.212000000000000000 ) ) ;
#6974 = SURFACE_SIDE_STYLE ('',( #3747 ) ) ;
#6975 = STYLED_ITEM ( 'NONE', ( #2336 ), #4903 ) ;
#6976 = FILL_AREA_STYLE ('',( #2963 ) ) ;
#6977 = LINE ( 'NONE', #2205, #1546 ) ;
#6978 = CIRCLE ( 'NONE', #6760, 0.2475000000000015200 ) ;
#6979 = DIRECTION ( 'NONE',  ( -9.726753936418404900E-033, -1.224606353822377300E-016, -1.000000000000000000 ) ) ;
#6980 = AXIS2_PLACEMENT_3D ( 'NONE', #2952, #7669, #3765 ) ;
#6981 = AXIS2_PLACEMENT_3D ( 'NONE', #4835, #707, #5511 ) ;
#6982 = DIRECTION ( 'NONE',  ( 2.567526309834831100E-017, -5.135052619669662200E-017, 1.000000000000000000 ) ) ;
#6983 = B_SPLINE_CURVE_WITH_KNOTS ( 'NONE', 3,
 ( #6530, #1104, #6558, #2493, #7235, #3186, #7905, #3880, #8585, #4561, #441, #5230, #1125, #5915, #1829, #5942, #1862, #6616, #2549, #7292, #3256, #7971 ),
 .UNSPECIFIED., .F., .F.,
 ( 4, 2, 2, 2, 2, 2, 2, 2, 2, 2, 4 ),
 ( 0.003216895333350640500, 0.003618398217500591900, 0.004019901101650543200, 0.004421403985800495000, 0.004622155427875468800, 0.004822906869950443300, 0.005023658312025417900, 0.005224409754100392500, 0.005625912638250336500, 0.006027415522400281400, 0.006428918406550226300 ),
 .UNSPECIFIED. ) ;
#6984 = EDGE_CURVE ( 'NONE', #232, #2678, #8174, .T. ) ;
#6985 = FILL_AREA_STYLE_COLOUR ( '', #3515 ) ;
#6986 = VERTEX_POINT ( 'NONE', #2119 ) ;
#6987 = FACE_BOUND ( 'NONE', #2887, .T. ) ;
#6988 = CARTESIAN_POINT ( 'NONE',  ( -0.8714145848447533100, -0.4186284307238892800, -1.533624912305599600 ) ) ;
#6989 = DIRECTION ( 'NONE',  ( -1.000000000000000000, 0.0000000000000000000, 0.0000000000000000000 ) ) ;
#6990 = SURFACE_STYLE_FILL_AREA ( #3110 ) ;
#6991 = ORIENTED_EDGE ( 'NONE', *, *, #7463, .T. ) ;
#6992 = FILL_AREA_STYLE ('',( #5590 ) ) ;
#6993 = COLOUR_RGB ( '',0.5019607843137254800, 0.5019607843137254800, 0.5019607843137254800 ) ;
#6994 = STYLED_ITEM ( 'NONE', ( #116 ), #8628 ) ;
#6995 =( GEOMETRIC_REPRESENTATION_CONTEXT ( 3 ) GLOBAL_UNCERTAINTY_ASSIGNED_CONTEXT ( ( #7173 ) ) GLOBAL_UNIT_ASSIGNED_CONTEXT ( ( #1591, #6364, #2295 ) ) REPRESENTATION_CONTEXT ( 'NONE', 'WORKASPACE' ) );
#6996 = ORIENTED_EDGE ( 'NONE', *, *, #3960, .F. ) ;
#6997 = LENGTH_MEASURE_WITH_UNIT ( LENGTH_MEASURE( 0.02539999999999999900 ), #2472 );
#6998 = COLOUR_RGB ( '',0.5019607843137254800, 0.5019607843137254800, 0.5019607843137254800 ) ;
#6999 = PRESENTATION_STYLE_ASSIGNMENT (( #7133 ) ) ;
#7000 = EDGE_CURVE ( 'NONE', #491, #6221, #4811, .T. ) ;
#7001 = CARTESIAN_POINT ( 'NONE',  ( -0.7282875163485818000, -0.3315016303536152400, -1.144181362094663300 ) ) ;
#7002 = ORIENTED_EDGE ( 'NONE', *, *, #717, .T. ) ;
#7003 =( NAMED_UNIT ( * ) SI_UNIT ( $, .STERADIAN. ) SOLID_ANGLE_UNIT ( ) );
#7004 = UNCERTAINTY_MEASURE_WITH_UNIT (LENGTH_MEASURE( 1.000000000000000100E-005 ), #6498, 'distance_accuracy_value', 'NONE');
#7005 = DIRECTION ( 'NONE',  ( -7.472189016151557300E-032, -6.165649696520689200E-033, -1.000000000000000000 ) ) ;
#7006 = AXIS2_PLACEMENT_3D ( 'NONE', #2534, #7283, #3250 ) ;
#7007 = ORIENTED_EDGE ( 'NONE', *, *, #6654, .T. ) ;
#7008 = DIRECTION ( 'NONE',  ( 1.220408817397570400E-016, -1.013066643420215200E-017, -1.000000000000000000 ) ) ;
#7010 = DIRECTION ( 'NONE',  ( 0.0000000000000000000, 8.986342084421900500E-017, -1.000000000000000000 ) ) ;
#7009 = DIRECTION ( 'NONE',  ( 1.000000000000000000, 0.0000000000000000000, -5.812442539711189900E-015 ) ) ;
#7011 = ORIENTED_EDGE ( 'NONE', *, *, #1330, .F. ) ;
#7012 = DIRECTION ( 'NONE',  ( 1.000000000000000000, 0.0000000000000000000, 0.0000000000000000000 ) ) ;
#7013 = DIRECTION ( 'NONE',  ( -0.7071067811865474600, 0.0000000000000000000, -0.7071067811865475700 ) ) ;
#7014 = EDGE_LOOP ( 'NONE', ( #111, #1593, #1998, #6213, #2265 ) ) ;
#7015 = LINE ( 'NONE', #7198, #4156 ) ;
#7016 = EDGE_CURVE ( 'NONE', #5103, #6480, #1162, .T. ) ;
#7017 = FACE_OUTER_BOUND ( 'NONE', #8602, .T. ) ;
#7018 = VERTEX_POINT ( 'NONE', #5516 ) ;
#7019 = EDGE_LOOP ( 'NONE', ( #4643, #622, #6482, #4890 ) ) ;
#7020 = SURFACE_STYLE_FILL_AREA ( #4646 ) ;
#7021 =( NAMED_UNIT ( * ) SI_UNIT ( $, .STERADIAN. ) SOLID_ANGLE_UNIT ( ) );
#7022 = STYLED_ITEM ( 'NONE', ( #8646 ), #3095 ) ;
#7023 =( NAMED_UNIT ( * ) PLANE_ANGLE_UNIT ( ) SI_UNIT ( $, .RADIAN. ) );
#7024 = CARTESIAN_POINT ( 'NONE',  ( -0.6055811294446162800, -0.3315016303536152400, -1.216958369439662000 ) ) ;
#7025 = ADVANCED_FACE ( 'NONE', ( #7969 ), #83, .F. ) ;
#7026 = SPHERICAL_SURFACE ( 'NONE', #4925, 0.04699999999999943800 ) ;
#7027 = SURFACE_STYLE_FILL_AREA ( #2092 ) ;
#7028 = SURFACE_STYLE_USAGE ( .BOTH. , #2288 ) ;
#7029 = PLANE ( 'NONE',  #7865 ) ;
#7030 = ORIENTED_EDGE ( 'NONE', *, *, #2124, .F. ) ;
#7031 = COLOUR_RGB ( '',0.5019607843137254800, 0.5019607843137254800, 0.5019607843137254800 ) ;
#7032 = CONICAL_SURFACE ( 'NONE', #6866, 0.3847549984779933800, 0.7853981633974520500 ) ;
#7033 = LENGTH_MEASURE_WITH_UNIT ( LENGTH_MEASURE( 0.02539999999999999900 ), #6593 );
#7034 = DIRECTION ( 'NONE',  ( 0.0000000000000000000, 0.0000000000000000000, 1.000000000000000000 ) ) ;
#7035 = CARTESIAN_POINT ( 'NONE',  ( -0.7282875163485819100, -0.3315016303536162400, -0.9627890334555905300 ) ) ;
#7036 = STYLED_ITEM ( 'NONE', ( #7403 ), #4462 ) ;
#7037 = CIRCLE ( 'NONE', #1576, 0.3125000000000001700 ) ;
#7039 = DIRECTION ( 'NONE',  ( 0.0000000000000000000, -1.000000000000000000, 0.0000000000000000000 ) ) ;
#7038 = SURFACE_STYLE_FILL_AREA ( #6959 ) ;
#7040 = ORIENTED_EDGE ( 'NONE', *, *, #8033, .T. ) ;
#7041 = LINE ( 'NONE', #5030, #8615 ) ;
#7042 = SURFACE_STYLE_USAGE ( .BOTH. , #2298 ) ;
#7043 =( GEOMETRIC_REPRESENTATION_CONTEXT ( 3 ) GLOBAL_UNCERTAINTY_ASSIGNED_CONTEXT ( ( #4805 ) ) GLOBAL_UNIT_ASSIGNED_CONTEXT ( ( #4889, #767, #5575 ) ) REPRESENTATION_CONTEXT ( 'NONE', 'WORKASPACE' ) );
#7044 =( GEOMETRIC_REPRESENTATION_CONTEXT ( 3 ) GLOBAL_UNCERTAINTY_ASSIGNED_CONTEXT ( ( #6134 ) ) GLOBAL_UNIT_ASSIGNED_CONTEXT ( ( #2284, #7023, #2968 ) ) REPRESENTATION_CONTEXT ( 'NONE', 'WORKASPACE' ) );
#7045 = CARTESIAN_POINT ( 'NONE',  ( -0.7282875163485911200, -0.3315016303536180700, -1.539000000000017900 ) ) ;
#7047 = CARTESIAN_POINT ( 'NONE',  ( -0.5509108982544421700, -0.2780376170432515300, -1.501781424177478100 ) ) ;
#7046 = PLANE ( 'NONE',  #890 ) ;
#7048 = DIRECTION ( 'NONE',  ( 0.0000000000000000000, 1.000000000000000000, 0.0000000000000000000 ) ) ;
#7049 = EDGE_CURVE ( 'NONE', #7520, #714, #3755, .T. ) ;
#7050 = LINE ( 'NONE', #8476, #3447 ) ;
#7051 = CIRCLE ( 'NONE', #2221, 0.6650000000000007000 ) ;
#7052 = ORIENTED_EDGE ( 'NONE', *, *, #6871, .T. ) ;
#7053 = FACE_OUTER_BOUND ( 'NONE', #8152, .T. ) ;
#7054 = SURFACE_SIDE_STYLE ('',( #7113 ) ) ;
#7055 = DIRECTION ( 'NONE',  ( 9.726753936418404900E-033, 1.224606353822377300E-016, 1.000000000000000000 ) ) ;
#7056 = SURFACE_STYLE_FILL_AREA ( #2960 ) ;
#7057 =( GEOMETRIC_REPRESENTATION_CONTEXT ( 3 ) GLOBAL_UNCERTAINTY_ASSIGNED_CONTEXT ( ( #7802 ) ) GLOBAL_UNIT_ASSIGNED_CONTEXT ( ( #1100, #5888, #1791 ) ) REPRESENTATION_CONTEXT ( 'NONE', 'WORKASPACE' ) );
#7058 = CARTESIAN_POINT ( 'NONE',  ( -0.9052205095317885600, -0.3876452975100130300, -1.501494814347902100 ) ) ;
#7059 =( GEOMETRIC_REPRESENTATION_CONTEXT ( 3 ) GLOBAL_UNCERTAINTY_ASSIGNED_CONTEXT ( ( #2897 ) ) GLOBAL_UNIT_ASSIGNED_CONTEXT ( ( #8501, #4475, #349 ) ) REPRESENTATION_CONTEXT ( 'NONE', 'WORKASPACE' ) );
#7060 = STYLED_ITEM ( 'NONE', ( #5706 ), #5799 ) ;
#7061 = ORIENTED_EDGE ( 'NONE', *, *, #3995, .T. ) ;
#7062 = FACE_OUTER_BOUND ( 'NONE', #3083, .T. ) ;
#7063 = EDGE_CURVE ( 'NONE', #1281, #1991, #5550, .T. ) ;
#7064 = CARTESIAN_POINT ( 'NONE',  ( -0.2684280269390437700, -0.5970016303536150900, -1.331775896911328400E-015 ) ) ;
#7065 =( LENGTH_UNIT ( ) NAMED_UNIT ( * ) SI_UNIT ( $, .METRE. ) );
#7066 = UNCERTAINTY_MEASURE_WITH_UNIT (LENGTH_MEASURE( 1.000000000000000100E-005 ), #4555, 'distance_accuracy_value', 'NONE');
#7068 = DIRECTION ( 'NONE',  ( -9.726753936418404900E-033, -1.224606353822377300E-016, -1.000000000000000000 ) ) ;
#7067 = CARTESIAN_POINT ( 'NONE',  ( -0.7879271990952947400, -0.2898221169710138400, -1.546958364164716000 ) ) ;
#7069 =( NAMED_UNIT ( * ) PLANE_ANGLE_UNIT ( ) SI_UNIT ( $, .RADIAN. ) );
#7070 = CIRCLE ( 'NONE', #7743, 0.1526804222532867900 ) ;
#7071 = PRESENTATION_LAYER_ASSIGNMENT (  '', '', ( #6614 ) ) ;
#7072 = DIRECTION ( 'NONE',  ( 0.0000000000000000000, 1.000000000000000000, 0.0000000000000000000 ) ) ;
#7073 = ADVANCED_FACE ( 'NONE', ( #7128 ), #3671, .T. ) ;
#7074 = UNCERTAINTY_MEASURE_WITH_UNIT (LENGTH_MEASURE( 1.000000000000000100E-005 ), #2773, 'distance_accuracy_value', 'NONE');
#7075 = DIRECTION ( 'NONE',  ( 0.0000000000000000000, -0.5275421689853083700, 0.8495288458564995700 ) ) ;
#7076 = SURFACE_SIDE_STYLE ('',( #4486 ) ) ;
#7077 = LINE ( 'NONE', #7613, #23 ) ;
#7078 = SURFACE_STYLE_USAGE ( .BOTH. , #2329 ) ;
#7079 = CIRCLE ( 'NONE', #6569, 0.1554999999993057200 ) ;
#7080 = STYLED_ITEM ( 'NONE', ( #5730 ), #2637 ) ;
#7081 = CARTESIAN_POINT ( 'NONE',  ( -0.7752875163485817300, -0.3315016303536143000, -0.3769583694396615400 ) ) ;
#7082 = EDGE_CURVE ( 'NONE', #1551, #7572, #2045, .T. ) ;
#7083 = CARTESIAN_POINT ( 'NONE',  ( -0.7282875163485818000, 0.04849836964638498700, -0.7139482375457254500 ) ) ;
#7084 =( NAMED_UNIT ( * ) SI_UNIT ( $, .STERADIAN. ) SOLID_ANGLE_UNIT ( ) );
#7085 = CARTESIAN_POINT ( 'NONE',  ( -0.7282875163485816900, -0.3315016303536162400, -0.5249583694396620100 ) ) ;
#7086 = PRESENTATION_LAYER_ASSIGNMENT (  '', '', ( #6635 ) ) ;
#7087 = EDGE_CURVE ( 'NONE', #6597, #5964, #5459, .T. ) ;
#7088 = DIRECTION ( 'NONE',  ( -1.000000000000000000, 0.0000000000000000000, 0.0000000000000000000 ) ) ;
#7089 = DIRECTION ( 'NONE',  ( -1.000000000000000000, 0.0000000000000000000, 5.377653530835161800E-017 ) ) ;
#7090 = LENGTH_MEASURE_WITH_UNIT ( LENGTH_MEASURE( 0.02539999999999999900 ), #6207 );
#7092 = LINE ( 'NONE', #1528, #6865 ) ;
#7091 = LENGTH_MEASURE_WITH_UNIT ( LENGTH_MEASURE( 0.02539999999999999900 ), #4947 );
#7093 = CIRCLE ( 'NONE', #6353, 0.05250000000000005400 ) ;
#7094 = COLOUR_RGB ( '',0.5019607843137254800, 0.5019607843137254800, 0.5019607843137254800 ) ;
#7095 =( CONVERSION_BASED_UNIT ( 'INCH', #8135 ) LENGTH_UNIT ( ) NAMED_UNIT ( #2113 ) );
#7096 = ORIENTED_EDGE ( 'NONE', *, *, #8789, .F. ) ;
#7097 =( LENGTH_UNIT ( ) NAMED_UNIT ( * ) SI_UNIT ( $, .METRE. ) );
#7098 = FILL_AREA_STYLE ('',( #5071 ) ) ;
#7099 =( GEOMETRIC_REPRESENTATION_CONTEXT ( 3 ) GLOBAL_UNCERTAINTY_ASSIGNED_CONTEXT ( ( #6626 ) ) GLOBAL_UNIT_ASSIGNED_CONTEXT ( ( #2226, #6962, #2920 ) ) REPRESENTATION_CONTEXT ( 'NONE', 'WORKASPACE' ) );
#7100 = SURFACE_STYLE_FILL_AREA ( #2845 ) ;
#7101 = ORIENTED_EDGE ( 'NONE', *, *, #6090, .F. ) ;
#7102 = EDGE_CURVE ( 'NONE', #4128, #2019, #217, .T. ) ;
#7103 =( GEOMETRIC_REPRESENTATION_CONTEXT ( 3 ) GLOBAL_UNCERTAINTY_ASSIGNED_CONTEXT ( ( #6001 ) ) GLOBAL_UNIT_ASSIGNED_CONTEXT ( ( #1297, #6082, #2004 ) ) REPRESENTATION_CONTEXT ( 'NONE', 'WORKASPACE' ) );
#7104 = AXIS2_PLACEMENT_3D ( 'NONE', #6656, #2596, #7333 ) ;
#7105 = CYLINDRICAL_SURFACE ( 'NONE', #7545, 0.4039887411820212200 ) ;
#7106 = EDGE_CURVE ( 'NONE', #8678, #2780, #1832, .T. ) ;
#7107 = EDGE_LOOP ( 'NONE', ( #8469, #7754, #7422, #291, #6825 ) ) ;
#7108 = SURFACE_SIDE_STYLE ('',( #7832 ) ) ;
#7109 = ORIENTED_EDGE ( 'NONE', *, *, #7483, .F. ) ;
#7110 = ADVANCED_FACE ( 'NONE', ( #8827 ), #4405, .F. ) ;
#7111 = ORIENTED_EDGE ( 'NONE', *, *, #2069, .T. ) ;
#7112 = CARTESIAN_POINT ( 'NONE',  ( -0.7282875163485818000, -0.3315016303536155200, -0.4780205392684319700 ) ) ;
#7113 = SURFACE_STYLE_FILL_AREA ( #2306 ) ;
#7114 = ORIENTED_EDGE ( 'NONE', *, *, #5298, .F. ) ;
#7115 = CYLINDRICAL_SURFACE ( 'NONE', #4570, 0.1434999999999999900 ) ;
#7116 = CARTESIAN_POINT ( 'NONE',  ( -0.7282875163485816900, 0.3334983696463851300, 1.048844797839501700 ) ) ;
#7117 =( NAMED_UNIT ( * ) PLANE_ANGLE_UNIT ( ) SI_UNIT ( $, .RADIAN. ) );
#7118 = EDGE_LOOP ( 'NONE', ( #5095, #5020 ) ) ;
#7119 = ORIENTED_EDGE ( 'NONE', *, *, #1074, .T. ) ;
#7120 = STYLED_ITEM ( 'NONE', ( #640 ), #6420 ) ;
#7121 = LENGTH_MEASURE_WITH_UNIT ( LENGTH_MEASURE( 0.02539999999999999900 ), #6453 );
#7122 = VERTEX_POINT ( 'NONE', #7659 ) ;
#7124 = DIRECTION ( 'NONE',  ( 0.0000000000000000000, -1.000000000000000000, 1.618393361175510000E-016 ) ) ;
#7123 = DIRECTION ( 'NONE',  ( -1.324963830349198200E-016, 4.495203217082431200E-017, -1.000000000000000000 ) ) ;
#7125 = DIRECTION ( 'NONE',  ( -1.000000000000000000, 0.0000000000000000000, 0.0000000000000000000 ) ) ;
#7126 = VERTEX_POINT ( 'NONE', #1538 ) ;
#7127 = VECTOR ( 'NONE', #5345, 39.37007874015748100 ) ;
#7128 = FACE_OUTER_BOUND ( 'NONE', #3316, .T. ) ;
#7129 =( GEOMETRIC_REPRESENTATION_CONTEXT ( 3 ) GLOBAL_UNCERTAINTY_ASSIGNED_CONTEXT ( ( #7440 ) ) GLOBAL_UNIT_ASSIGNED_CONTEXT ( ( #5598, #1497, #6285 ) ) REPRESENTATION_CONTEXT ( 'NONE', 'WORKASPACE' ) );
#7130 =( CONVERSION_BASED_UNIT ( 'INCH', #379 ) LENGTH_UNIT ( ) NAMED_UNIT ( #7534 ) );
#7131 = SURFACE_STYLE_FILL_AREA ( #225 ) ;
#7132 = CARTESIAN_POINT ( 'NONE',  ( -0.7282875163485818000, -0.3315016303536152400, -1.116958369439662100 ) ) ;
#7133 = SURFACE_STYLE_USAGE ( .BOTH. , #2387 ) ;
#7134 =( CONVERSION_BASED_UNIT ( 'INCH', #2006 ) LENGTH_UNIT ( ) NAMED_UNIT ( #3222 ) );
#7135 = ORIENTED_EDGE ( 'NONE', *, *, #7723, .F. ) ;
#7136 = COLOUR_RGB ( '',0.5019607843137254800, 0.5019607843137254800, 0.5019607843137254800 ) ;
#7137 = PRESENTATION_STYLE_ASSIGNMENT (( #7421 ) ) ;
#7138 = EDGE_CURVE ( 'NONE', #2138, #6777, #2805, .T. ) ;
#7139 = CARTESIAN_POINT ( 'NONE',  ( -0.7282875163485818000, -0.3315016303536155200, -1.012000000000000000 ) ) ;
#7140 = LINE ( 'NONE', #4771, #1935 ) ;
#7141 = DIRECTION ( 'NONE',  ( 9.726753936418404900E-033, 1.224606353822377300E-016, 1.000000000000000000 ) ) ;
#7142 = PRESENTATION_LAYER_ASSIGNMENT (  '', '', ( #6235 ) ) ;
#7143 = DIRECTION ( 'NONE',  ( 1.000000000000000000, 0.0000000000000000000, 0.0000000000000000000 ) ) ;
#7144 = ORIENTED_EDGE ( 'NONE', *, *, #5572, .T. ) ;
#7145 = PRESENTATION_STYLE_ASSIGNMENT (( #3704 ) ) ;
#7146 = AXIS2_PLACEMENT_3D ( 'NONE', #3546, #8262, #4213 ) ;
#7147 = CIRCLE ( 'NONE', #1270, 0.1444529946136700300 ) ;
#7148 =( CONVERSION_BASED_UNIT ( 'INCH', #1386 ) LENGTH_UNIT ( ) NAMED_UNIT ( #3348 ) );
#7149 = DIRECTION ( 'NONE',  ( 0.0000000000000000000, -1.000000000000000000, 6.902532920683851500E-031 ) ) ;
#7150 = FACE_OUTER_BOUND ( 'NONE', #1996, .T. ) ;
#7151 = DIRECTION ( 'NONE',  ( -4.811513434270445100E-032, 1.636240428635621200E-032, 1.000000000000000000 ) ) ;
#7152 = SURFACE_SIDE_STYLE ('',( #4902 ) ) ;
#7153 = DIRECTION ( 'NONE',  ( -1.000000000000000000, 0.0000000000000000000, 0.0000000000000000000 ) ) ;
#7154 = FACE_OUTER_BOUND ( 'NONE', #1669, .T. ) ;
#7155 = LINE ( 'NONE', #4276, #6928 ) ;
#7156 = EDGE_LOOP ( 'NONE', ( #2656, #1126, #1254, #3194, #8164 ) ) ;
#7157 = FILL_AREA_STYLE ('',( #1015 ) ) ;
#7158 = SURFACE_STYLE_USAGE ( .BOTH. , #2406 ) ;
#7159 = MECHANICAL_DESIGN_GEOMETRIC_PRESENTATION_REPRESENTATION (  '', ( #5354 ), #7589 ) ;
#7160 = SURFACE_STYLE_FILL_AREA ( #7098 ) ;
#7161 = ADVANCED_FACE ( 'NONE', ( #7987 ), #3548, .T. ) ;
#7162 = DIRECTION ( 'NONE',  ( 1.000000000000000000, 0.0000000000000000000, 0.0000000000000000000 ) ) ;
#7163 = STYLED_ITEM ( 'NONE', ( #7309 ), #547 ) ;
#7164 = ORIENTED_EDGE ( 'NONE', *, *, #6452, .T. ) ;
#7165 = PRESENTATION_LAYER_ASSIGNMENT (  '', '', ( #5812 ) ) ;
#7166 = DIRECTION ( 'NONE',  ( -0.3156177166874310500, 0.9488864299340635800, 0.0000000000000000000 ) ) ;
#7167 = DIRECTION ( 'NONE',  ( -1.000000000000000000, 0.0000000000000000000, 0.0000000000000000000 ) ) ;
#7168 = CARTESIAN_POINT ( 'NONE',  ( -0.6615231923400539700, -0.3025436480358018600, -1.546958368985078100 ) ) ;
#7169 = EDGE_CURVE ( 'NONE', #4158, #6050, #5356, .T. ) ;
#7170 = COLOUR_RGB ( '',0.5019607843137254800, 0.5019607843137254800, 0.5019607843137254800 ) ;
#7171 = EDGE_LOOP ( 'NONE', ( #6774, #3992, #1821, #2442 ) ) ;
#7172 =( NAMED_UNIT ( * ) SI_UNIT ( $, .STERADIAN. ) SOLID_ANGLE_UNIT ( ) );
#7173 = UNCERTAINTY_MEASURE_WITH_UNIT (LENGTH_MEASURE( 1.000000000000000100E-005 ), #1591, 'distance_accuracy_value', 'NONE');
#7174 = SURFACE_STYLE_USAGE ( .BOTH. , #2420 ) ;
#7175 = AXIS2_PLACEMENT_3D ( 'NONE', #3594, #8307, #4258 ) ;
#7176 = EDGE_CURVE ( 'NONE', #1340, #5726, #1938, .T. ) ;
#7177 = ADVANCED_FACE ( 'NONE', ( #5141 ), #6085, .F. ) ;
#7178 = CARTESIAN_POINT ( 'NONE',  ( -0.8007875163485805900, -0.3315016303536152400, -1.526958369439661800 ) ) ;
#7179 = ORIENTED_EDGE ( 'NONE', *, *, #8604, .T. ) ;
#7180 = DIRECTION ( 'NONE',  ( -0.3156177166874315500, 0.9488864299340634700, 0.0000000000000000000 ) ) ;
#7181 = CIRCLE ( 'NONE', #2770, 0.08600000000000011800 ) ;
#7182 = SURFACE_SIDE_STYLE ('',( #8138 ) ) ;
#7183 = CARTESIAN_POINT ( 'NONE',  ( -0.7597865564968777600, -0.3971263850484188500, -1.546958372923040900 ) ) ;
#7184 = STYLED_ITEM ( 'NONE', ( #956 ), #1775 ) ;
#7185 = UNCERTAINTY_MEASURE_WITH_UNIT (LENGTH_MEASURE( 1.000000000000000100E-005 ), #4143, 'distance_accuracy_value', 'NONE');
#7186 = FILL_AREA_STYLE ('',( #6510 ) ) ;
#7187 = COLOUR_RGB ( '',0.5019607843137254800, 0.5019607843137254800, 0.5019607843137254800 ) ;
#7188 = AXIS2_PLACEMENT_3D ( 'NONE', #1510, #6300, #2218 ) ;
#7189 = CIRCLE ( 'NONE', #165, 0.2525000000000001100 ) ;
#7190 = PLANE ( 'NONE',  #3056 ) ;
#7191 = EDGE_CURVE ( 'NONE', #4633, #2466, #7864, .T. ) ;
#7192 = MANIFOLD_SOLID_BREP ( 'Combine6', #5319 ) ;
#7193 = DIRECTION ( 'NONE',  ( -9.726753936418404900E-033, -1.224606353822377300E-016, -1.000000000000000000 ) ) ;
#7194 = CARTESIAN_POINT ( 'NONE',  ( -0.8717875163485815400, -0.3315016303536163500, -0.3869583694396621100 ) ) ;
#7195 = LINE ( 'NONE', #1744, #5404 ) ;
#7196 = DIRECTION ( 'NONE',  ( -9.726753936418404900E-033, -1.224606353822377300E-016, -1.000000000000000000 ) ) ;
#7197 = CARTESIAN_POINT ( 'NONE',  ( -0.7282875163485668100, 0.2854983696464034000, 0.2849999999999988100 ) ) ;
#7198 = CARTESIAN_POINT ( 'NONE',  ( -0.7282875163485818000, -0.9485016303536164500, 0.2849999999999986400 ) ) ;
#7199 = ORIENTED_EDGE ( 'NONE', *, *, #1659, .T. ) ;
#7200 = CARTESIAN_POINT ( 'NONE',  ( -0.5529763080267000600, -0.2704821607127583200, -1.576505185652135500 ) ) ;
#7201 = MECHANICAL_DESIGN_GEOMETRIC_PRESENTATION_REPRESENTATION (  '', ( #6311 ), #7647 ) ;
#7202 = EDGE_LOOP ( 'NONE', ( #7323, #5427 ) ) ;
#7203 = CYLINDRICAL_SURFACE ( 'NONE', #3781, 0.6650000000000007000 ) ;
#7204 =( NAMED_UNIT ( * ) SI_UNIT ( $, .STERADIAN. ) SOLID_ANGLE_UNIT ( ) );
#7205 = ORIENTED_EDGE ( 'NONE', *, *, #4918, .T. ) ;
#7206 =( CONVERSION_BASED_UNIT ( 'INCH', #6997 ) LENGTH_UNIT ( ) NAMED_UNIT ( #2153 ) );
#7207 = EDGE_CURVE ( 'NONE', #1726, #1261, #8816, .T. ) ;
#7208 = DIMENSIONAL_EXPONENTS ( 1.000000000000000000, 0.0000000000000000000, 0.0000000000000000000, 0.0000000000000000000, 0.0000000000000000000, 0.0000000000000000000, 0.0000000000000000000 ) ;
#7209 = VECTOR ( 'NONE', #638, 39.37007874015748100 ) ;
#7210 =( CONVERSION_BASED_UNIT ( 'INCH', #6643 ) LENGTH_UNIT ( ) NAMED_UNIT ( #8024 ) );
#7211 = EDGE_LOOP ( 'NONE', ( #2279, #2537, #6674, #1236 ) ) ;
#7212 = SURFACE_SIDE_STYLE ('',( #7933 ) ) ;
#7213 =( NAMED_UNIT ( * ) SI_UNIT ( $, .STERADIAN. ) SOLID_ANGLE_UNIT ( ) );
#7214 =( LENGTH_UNIT ( ) NAMED_UNIT ( * ) SI_UNIT ( $, .METRE. ) );
#7215 = FACE_OUTER_BOUND ( 'NONE', #49, .T. ) ;
#7216 = ADVANCED_FACE ( 'NONE', ( #4284 ), #6186, .T. ) ;
#7217 =( NAMED_UNIT ( * ) PLANE_ANGLE_UNIT ( ) SI_UNIT ( $, .RADIAN. ) );
#7218 = VERTEX_POINT ( 'NONE', #7796 ) ;
#7219 = PRODUCT_DEFINITION_CONTEXT ( 'detailed design', #6712, 'design' ) ;
#7220 =( GEOMETRIC_REPRESENTATION_CONTEXT ( 3 ) GLOBAL_UNCERTAINTY_ASSIGNED_CONTEXT ( ( #5349 ) ) GLOBAL_UNIT_ASSIGNED_CONTEXT ( ( #207, #4994, #884 ) ) REPRESENTATION_CONTEXT ( 'NONE', 'WORKASPACE' ) );
#7221 = AXIS2_PLACEMENT_3D ( 'NONE', #1465, #4168, #5594 ) ;
#7222 = AXIS2_PLACEMENT_3D ( 'NONE', #2865, #2173, #6281 ) ;
#7223 = ORIENTED_EDGE ( 'NONE', *, *, #2107, .T. ) ;
#7224 = VERTEX_POINT ( 'NONE', #8492 ) ;
#7225 = COLOUR_RGB ( '',0.5019607843137254800, 0.5019607843137254800, 0.5019607843137254800 ) ;
#7226 =( NAMED_UNIT ( * ) SI_UNIT ( $, .STERADIAN. ) SOLID_ANGLE_UNIT ( ) );
#7227 = CARTESIAN_POINT ( 'NONE',  ( -0.7282875163485912400, -0.3315016303536180700, -1.267000000000018100 ) ) ;
#7228 = VERTEX_POINT ( 'NONE', #4458 ) ;
#7229 = DIRECTION ( 'NONE',  ( 0.0000000000000000000, 1.000000000000000000, -1.224606353822389800E-016 ) ) ;
#7230 = EDGE_LOOP ( 'NONE', ( #6783, #6185, #4944, #1807 ) ) ;
#7231 = SURFACE_SIDE_STYLE ('',( #5966 ) ) ;
#7232 = EDGE_LOOP ( 'NONE', ( #8016, #1228, #6495, #8364 ) ) ;
#7233 = UNCERTAINTY_MEASURE_WITH_UNIT (LENGTH_MEASURE( 1.000000000000000100E-005 ), #8627, 'distance_accuracy_value', 'NONE');
#7234 = FILL_AREA_STYLE ('',( #6557 ) ) ;
#7235 = CARTESIAN_POINT ( 'NONE',  ( -0.8998979348726500200, -0.3573876557308164900, -1.562473123217090800 ) ) ;
#7236 = ORIENTED_EDGE ( 'NONE', *, *, #4121, .T. ) ;
#7237 = DIRECTION ( 'NONE',  ( -1.000000000000000000, 0.0000000000000000000, 1.050710766793944300E-014 ) ) ;
#7238 = CIRCLE ( 'NONE', #6886, 0.04799345780212500900 ) ;
#7239 = MECHANICAL_DESIGN_GEOMETRIC_PRESENTATION_REPRESENTATION (  '', ( #5431 ), #7674 ) ;
#7240 = ORIENTED_EDGE ( 'NONE', *, *, #4152, .F. ) ;
#7241 = LINE ( 'NONE', #642, #3658 ) ;
#7242 =( CONVERSION_BASED_UNIT ( 'INCH', #6631 ) LENGTH_UNIT ( ) NAMED_UNIT ( #5219 ) );
#7243 = DIRECTION ( 'NONE',  ( 9.726753936418404900E-033, 1.224606353822377300E-016, 1.000000000000000000 ) ) ;
#7244 = ORIENTED_EDGE ( 'NONE', *, *, #3094, .T. ) ;
#7245 = PRESENTATION_LAYER_ASSIGNMENT (  '', '', ( #5898 ) ) ;
#7246 = CARTESIAN_POINT ( 'NONE',  ( -0.7282875163485823500, -0.3315016303536157900, -0.5169583694396617800 ) ) ;
#7247 = DIRECTION ( 'NONE',  ( 2.985768325466478400E-031, -6.902532920683852400E-031, -1.000000000000000000 ) ) ;
#7248 = CARTESIAN_POINT ( 'NONE',  ( -0.7282875163485818000, -0.3315016303536155200, -0.7139482375457254500 ) ) ;
#7249 = DIRECTION ( 'NONE',  ( -9.726753936418404900E-033, -1.224606353822377300E-016, -1.000000000000000000 ) ) ;
#7250 = DIRECTION ( 'NONE',  ( 0.0000000000000000000, -5.391805250653143500E-016, 1.000000000000000000 ) ) ;
#7252 = CARTESIAN_POINT ( 'NONE',  ( -0.7282875163485818000, -0.07900163035361543200, -1.012000000000000000 ) ) ;
#7251 = COLOUR_RGB ( '',0.5019607843137254800, 0.5019607843137254800, 0.5019607843137254800 ) ;
#7253 = VECTOR ( 'NONE', #842, 39.37007874015748100 ) ;
#7254 = EDGE_CURVE ( 'NONE', #79, #579, #2798, .T. ) ;
#7255 = ORIENTED_EDGE ( 'NONE', *, *, #1437, .F. ) ;
#7256 = DIRECTION ( 'NONE',  ( -2.985768325466478400E-031, 6.902532920683853300E-031, 1.000000000000000000 ) ) ;
#7257 = DIRECTION ( 'NONE',  ( 2.985768325466478400E-031, -6.902532920683852400E-031, -1.000000000000000000 ) ) ;
#7258 =( NAMED_UNIT ( * ) PLANE_ANGLE_UNIT ( ) SI_UNIT ( $, .RADIAN. ) );
#7259 = FILL_AREA_STYLE ('',( #1156 ) ) ;
#7260 = PRESENTATION_LAYER_ASSIGNMENT (  '', '', ( #5911 ) ) ;
#7261 = DIRECTION ( 'NONE',  ( 0.0000000000000000000, 1.000000000000000000, 0.0000000000000000000 ) ) ;
#7262 = CARTESIAN_POINT ( 'NONE',  ( -0.8007694063692557500, -0.3327363643846144600, -1.546958369407358800 ) ) ;
#7263 = EDGE_LOOP ( 'NONE', ( #6473, #1851, #3344, #2117 ) ) ;
#7264 = ADVANCED_FACE ( 'NONE', ( #4395 ), #8707, .F. ) ;
#7265 = CARTESIAN_POINT ( 'NONE',  ( -0.7752875163485882800, -0.3315016303536172900, -1.599000000000018400 ) ) ;
#7266 = SURFACE_STYLE_USAGE ( .BOTH. , #2517 ) ;
#7267 = TOROIDAL_SURFACE ( 'NONE', #1071, 0.2155537069039520600, 0.04799345780212511300 ) ;
#7268 = CIRCLE ( 'NONE', #5294, 0.03500000000000044700 ) ;
#7269 = VERTEX_POINT ( 'NONE', #1068 ) ;
#7270 = CARTESIAN_POINT ( 'NONE',  ( -0.7282875163485818000, -0.3315016303536154600, -0.7220000000000000900 ) ) ;
#7271 = CARTESIAN_POINT ( 'NONE',  ( -0.7282875163485812400, -0.4875016303507869700, -0.4819583694385741200 ) ) ;
#7272 =( GEOMETRIC_REPRESENTATION_CONTEXT ( 3 ) GLOBAL_UNCERTAINTY_ASSIGNED_CONTEXT ( ( #2547 ) ) GLOBAL_UNIT_ASSIGNED_CONTEXT ( ( #7486, #3452, #8167 ) ) REPRESENTATION_CONTEXT ( 'NONE', 'WORKASPACE' ) );
#7273 =( NAMED_UNIT ( * ) PLANE_ANGLE_UNIT ( ) SI_UNIT ( $, .RADIAN. ) );
#7274 =( LENGTH_UNIT ( ) NAMED_UNIT ( * ) SI_UNIT ( $, .METRE. ) );
#7275 = CYLINDRICAL_SURFACE ( 'NONE', #7773, 0.2750000000000003600 ) ;
#7276 =( GEOMETRIC_REPRESENTATION_CONTEXT ( 3 ) GLOBAL_UNCERTAINTY_ASSIGNED_CONTEXT ( ( #1901 ) ) GLOBAL_UNIT_ASSIGNED_CONTEXT ( ( #7929, #3906, #8613 ) ) REPRESENTATION_CONTEXT ( 'NONE', 'WORKASPACE' ) );
#7277 = AXIS2_PLACEMENT_3D ( 'NONE', #8241, #836, #4982 ) ;
#7278 =( NAMED_UNIT ( * ) PLANE_ANGLE_UNIT ( ) SI_UNIT ( $, .RADIAN. ) );
#7279 = FILL_AREA_STYLE ('',( #5211 ) ) ;
#7280 = SURFACE_STYLE_FILL_AREA ( #4538 ) ;
#7281 = EDGE_CURVE ( 'NONE', #7636, #937, #91, .T. ) ;
#7282 = UNCERTAINTY_MEASURE_WITH_UNIT (LENGTH_MEASURE( 1.000000000000000100E-005 ), #7355, 'distance_accuracy_value', 'NONE');
#7283 = DIRECTION ( 'NONE',  ( 1.220408817397570400E-016, -1.013066643420215200E-017, -1.000000000000000000 ) ) ;
#7284 = SURFACE_SIDE_STYLE ('',( #4503 ) ) ;
#7285 = AXIS2_PLACEMENT_3D ( 'NONE', #4548, #8541, #424 ) ;
#7286 = PRESENTATION_LAYER_ASSIGNMENT (  '', '', ( #6399 ) ) ;
#7287 = EDGE_CURVE ( 'NONE', #4633, #785, #1927, .T. ) ;
#7288 = UNCERTAINTY_MEASURE_WITH_UNIT (LENGTH_MEASURE( 1.000000000000000100E-005 ), #7734, 'distance_accuracy_value', 'NONE');
#7289 =( CONVERSION_BASED_UNIT ( 'INCH', #3665 ) LENGTH_UNIT ( ) NAMED_UNIT ( #8658 ) );
#7290 = FACE_OUTER_BOUND ( 'NONE', #2248, .T. ) ;
#7291 = CIRCLE ( 'NONE', #1249, 0.3750000000000004400 ) ;
#7292 = CARTESIAN_POINT ( 'NONE',  ( -0.8729906835529837000, -0.4178870028282886700, -1.549630237924369400 ) ) ;
#7293 = AXIS2_PLACEMENT_3D ( 'NONE', #8042, #4699, #6074 ) ;
#7294 = DIRECTION ( 'NONE',  ( 1.000000000000000000, 0.0000000000000000000, 0.0000000000000000000 ) ) ;
#7295 = DIRECTION ( 'NONE',  ( 0.0000000000000000000, 0.0000000000000000000, -1.000000000000000000 ) ) ;
#7296 = EDGE_CURVE ( 'NONE', #4932, #5215, #1707, .T. ) ;
#7297 =( CONVERSION_BASED_UNIT ( 'INCH', #4651 ) LENGTH_UNIT ( ) NAMED_UNIT ( #1056 ) );
#7298 = FILL_AREA_STYLE_COLOUR ( '', #1875 ) ;
#7299 = DIRECTION ( 'NONE',  ( 1.220408817397570400E-016, -1.013066643420215200E-017, -1.000000000000000000 ) ) ;
#7300 = ADVANCED_FACE ( 'NONE', ( #5347 ), #7855, .F. ) ;
#7301 = AXIS2_PLACEMENT_3D ( 'NONE', #1518, #7642, #6339 ) ;
#7302 =( CONVERSION_BASED_UNIT ( 'INCH', #4136 ) LENGTH_UNIT ( ) NAMED_UNIT ( #1347 ) );
#7303 = CIRCLE ( 'NONE', #8740, 0.6650000000000007000 ) ;
#7304 = CARTESIAN_POINT ( 'NONE',  ( -0.7282875163485814700, -0.3315016303536155200, -0.8867329652895077400 ) ) ;
#7305 = ORIENTED_EDGE ( 'NONE', *, *, #7207, .F. ) ;
#7306 = SURFACE_SIDE_STYLE ('',( #4033 ) ) ;
#7307 = DIRECTION ( 'NONE',  ( 0.0000000000000000000, 1.000000000000000000, 0.0000000000000000000 ) ) ;
#7308 = CARTESIAN_POINT ( 'NONE',  ( -0.7282875163485812400, -0.3315016303536165200, -0.4819583694430499300 ) ) ;
#7309 = PRESENTATION_STYLE_ASSIGNMENT (( #4820 ) ) ;
#7310 = EDGE_LOOP ( 'NONE', ( #7101, #7677, #2148, #930 ) ) ;
#7311 = COLOUR_RGB ( '',0.5019607843137254800, 0.5019607843137254800, 0.5019607843137254800 ) ;
#7312 = DIRECTION ( 'NONE',  ( -1.000000000000000000, 0.0000000000000000000, 0.0000000000000000000 ) ) ;
#7313 = EDGE_LOOP ( 'NONE', ( #8046, #5057, #6513, #5323 ) ) ;
#7314 =( CONVERSION_BASED_UNIT ( 'INCH', #6947 ) LENGTH_UNIT ( ) NAMED_UNIT ( #5292 ) );
#7315 = MECHANICAL_DESIGN_GEOMETRIC_PRESENTATION_REPRESENTATION (  '', ( #6430 ), #7751 ) ;
#7316 =( NAMED_UNIT ( * ) PLANE_ANGLE_UNIT ( ) SI_UNIT ( $, .RADIAN. ) );
#7317 = COLOUR_RGB ( '',0.5019607843137254800, 0.5019607843137254800, 0.5019607843137254800 ) ;
#7318 = VERTEX_POINT ( 'NONE', #2514 ) ;
#7319 = SURFACE_STYLE_FILL_AREA ( #4417 ) ;
#7320 = AXIS2_PLACEMENT_3D ( 'NONE', #7679, #8367, #7048 ) ;
#7321 =( GEOMETRIC_REPRESENTATION_CONTEXT ( 3 ) GLOBAL_UNCERTAINTY_ASSIGNED_CONTEXT ( ( #8618 ) ) GLOBAL_UNIT_ASSIGNED_CONTEXT ( ( #7827, #3808, #8519 ) ) REPRESENTATION_CONTEXT ( 'NONE', 'WORKASPACE' ) );
#7322 = DIRECTION ( 'NONE',  ( -1.000000000000000000, 0.0000000000000000000, 0.0000000000000000000 ) ) ;
#7323 = ORIENTED_EDGE ( 'NONE', *, *, #392, .T. ) ;
#7324 = EDGE_CURVE ( 'NONE', #2572, #3547, #828, .T. ) ;
#7325 = ORIENTED_EDGE ( 'NONE', *, *, #5612, .T. ) ;
#7326 = UNCERTAINTY_MEASURE_WITH_UNIT (LENGTH_MEASURE( 1.000000000000000100E-005 ), #7789, 'distance_accuracy_value', 'NONE');
#7327 = ORIENTED_EDGE ( 'NONE', *, *, #7463, .F. ) ;
#7328 = DIRECTION ( 'NONE',  ( -1.000000000000000000, 0.0000000000000000000, 0.0000000000000000000 ) ) ;
#7329 = DIRECTION ( 'NONE',  ( 0.0000000000000000000, -0.0000000000000000000, 1.000000000000000000 ) ) ;
#7330 = PLANE ( 'NONE',  #8093 ) ;
#7331 = EDGE_LOOP ( 'NONE', ( #3642, #5328, #4831, #827 ) ) ;
#7332 = EDGE_LOOP ( 'NONE', ( #4315, #4053 ) ) ;
#7333 = DIRECTION ( 'NONE',  ( 0.0000000000000000000, -1.000000000000000000, 1.219574997171544800E-016 ) ) ;
#7334 = AXIS2_PLACEMENT_3D ( 'NONE', #565, #5380, #1267 ) ;
#7335 = AXIS2_PLACEMENT_3D ( 'NONE', #2751, #7475, #3437 ) ;
#7336 = AXIS2_PLACEMENT_3D ( 'NONE', #5396, #1286, #6068 ) ;
#7337 =( NAMED_UNIT ( * ) PLANE_ANGLE_UNIT ( ) SI_UNIT ( $, .RADIAN. ) );
#7338 = UNCERTAINTY_MEASURE_WITH_UNIT (LENGTH_MEASURE( 1.000000000000000100E-005 ), #3482, 'distance_accuracy_value', 'NONE');
#7339 = EDGE_CURVE ( 'NONE', #4079, #2374, #6296, .T. ) ;
#7340 = CARTESIAN_POINT ( 'NONE',  ( -0.8667875163485920800, -0.3315016303536180700, -1.268644660940690700 ) ) ;
#7341 = DIRECTION ( 'NONE',  ( -2.985768325466478400E-031, 6.902532920683853300E-031, 1.000000000000000000 ) ) ;
#7342 = DIMENSIONAL_EXPONENTS ( 1.000000000000000000, 0.0000000000000000000, 0.0000000000000000000, 0.0000000000000000000, 0.0000000000000000000, 0.0000000000000000000, 0.0000000000000000000 ) ;
#7343 = DIRECTION ( 'NONE',  ( 0.0000000000000000000, 1.000000000000000000, 4.377961528315000500E-016 ) ) ;
#7344 = VERTEX_POINT ( 'NONE', #3900 ) ;
#7345 = FILL_AREA_STYLE_COLOUR ( '', #1075 ) ;
#7346 = SURFACE_STYLE_FILL_AREA ( #6751 ) ;
#7347 = AXIS2_PLACEMENT_3D ( 'NONE', #3380, #6750, #8809 ) ;
#7348 = ADVANCED_FACE ( 'NONE', ( #4272 ), #5232, .T. ) ;
#7349 = PRESENTATION_STYLE_ASSIGNMENT (( #6673 ) ) ;
#7350 = DIRECTION ( 'NONE',  ( 0.0000000000000000000, 1.000000000000000000, 0.0000000000000000000 ) ) ;
#7351 = STYLED_ITEM ( 'NONE', ( #2034 ), #6970 ) ;
#7352 = EDGE_LOOP ( 'NONE', ( #4781, #6949, #8450, #187 ) ) ;
#7353 = DIRECTION ( 'NONE',  ( -9.726753936418404900E-033, -1.224606353822377300E-016, -1.000000000000000000 ) ) ;
#7354 = CIRCLE ( 'NONE', #793, 0.05250000000000005400 ) ;
#7355 =( CONVERSION_BASED_UNIT ( 'INCH', #276 ) LENGTH_UNIT ( ) NAMED_UNIT ( #7565 ) );
#7356 = LINE ( 'NONE', #7197, #317 ) ;
#7357 = AXIS2_PLACEMENT_3D ( 'NONE', #2503, #7249, #3205 ) ;
#7358 =( CONVERSION_BASED_UNIT ( 'INCH', #5352 ) LENGTH_UNIT ( ) NAMED_UNIT ( #6697 ) );
#7359 = ORIENTED_EDGE ( 'NONE', *, *, #4918, .F. ) ;
#7360 = FILL_AREA_STYLE ('',( #2622 ) ) ;
#7361 = FILL_AREA_STYLE ('',( #3973 ) ) ;
#7362 = DIRECTION ( 'NONE',  ( 9.726753936418404900E-033, 1.224606353822377300E-016, 1.000000000000000000 ) ) ;
#7363 = DIRECTION ( 'NONE',  ( 0.3156177166874290500, -0.9488864299340642500, 0.0000000000000000000 ) ) ;
#7364 = ORIENTED_EDGE ( 'NONE', *, *, #2739, .T. ) ;
#7365 = DIRECTION ( 'NONE',  ( 1.000000000000000000, 0.0000000000000000000, -5.812442539711189900E-015 ) ) ;
#7366 =( CONVERSION_BASED_UNIT ( 'INCH', #7532 ) LENGTH_UNIT ( ) NAMED_UNIT ( #7414 ) );
#7367 = AXIS2_PLACEMENT_3D ( 'NONE', #2917, #7630, #3602 ) ;
#7368 = CARTESIAN_POINT ( 'NONE',  ( -0.7282875163485818000, -0.5465016303536153200, 1.168000000000000100 ) ) ;
#7369 = CIRCLE ( 'NONE', #8165, 0.3125000000000001700 ) ;
#7370 = EDGE_CURVE ( 'NONE', #7344, #4041, #8808, .T. ) ;
#7371 = ORIENTED_EDGE ( 'NONE', *, *, #3537, .T. ) ;
#7372 = VECTOR ( 'NONE', #6403, 39.37007874015748100 ) ;
#7373 =( NAMED_UNIT ( * ) SI_UNIT ( $, .STERADIAN. ) SOLID_ANGLE_UNIT ( ) );
#7374 = SURFACE_STYLE_FILL_AREA ( #3633 ) ;
#7375 = FILL_AREA_STYLE_COLOUR ( '', #8674 ) ;
#7376 = AXIS2_PLACEMENT_3D ( 'NONE', #2511, #7256, #3213 ) ;
#7377 = DIRECTION ( 'NONE',  ( 0.0000000000000000000, 0.0000000000000000000, -1.000000000000000000 ) ) ;
#7378 = AXIS2_PLACEMENT_3D ( 'NONE', #2822, #2154, #6892 ) ;
#7379 = PRESENTATION_LAYER_ASSIGNMENT (  '', '', ( #6931 ) ) ;
#7380 = AXIS2_PLACEMENT_3D ( 'NONE', #671, #5481, #1379 ) ;
#7381 = CARTESIAN_POINT ( 'NONE',  ( -0.5862875163485814500, -0.3315016303536163500, -0.6419583694396621100 ) ) ;
#7382 = ADVANCED_FACE ( 'NONE', ( #1817 ), #709, .T. ) ;
#7383 = CIRCLE ( 'NONE', #7823, 0.009999999999999892700 ) ;
#7385 = SURFACE_SIDE_STYLE ('',( #8549 ) ) ;
#7384 = DIRECTION ( 'NONE',  ( -7.472189016151557300E-032, -6.165649696520689200E-033, -1.000000000000000000 ) ) ;
#7386 =( CONVERSION_BASED_UNIT ( 'INCH', #5288 ) LENGTH_UNIT ( ) NAMED_UNIT ( #7660 ) );
#7387 = CARTESIAN_POINT ( 'NONE',  ( -0.7121453980596043100, -0.4022964538833320700, -1.546958365647264700 ) ) ;
#7388 = SURFACE_STYLE_FILL_AREA ( #7922 ) ;
#7389 =( GEOMETRIC_REPRESENTATION_CONTEXT ( 3 ) GLOBAL_UNCERTAINTY_ASSIGNED_CONTEXT ( ( #1769 ) ) GLOBAL_UNIT_ASSIGNED_CONTEXT ( ( #2229, #6964, #2921 ) ) REPRESENTATION_CONTEXT ( 'NONE', 'WORKASPACE' ) );
#7390 = FACE_OUTER_BOUND ( 'NONE', #6622, .T. ) ;
#7391 = DIRECTION ( 'NONE',  ( -7.472189016151557300E-032, -6.165649696520689200E-033, -1.000000000000000000 ) ) ;
#7392 = COLOUR_RGB ( '',0.5019607843137254800, 0.5019607843137254800, 0.5019607843137254800 ) ;
#7393 = DIRECTION ( 'NONE',  ( 0.9238795325113378100, 0.0000000000000000000, 0.3826834323649668200 ) ) ;
#7394 = AXIS2_PLACEMENT_3D ( 'NONE', #3023, #7731, #8440 ) ;
#7395 = LENGTH_MEASURE_WITH_UNIT ( LENGTH_MEASURE( 0.02539999999999999900 ), #3565 );
#7396 = VERTEX_POINT ( 'NONE', #8021 ) ;
#7397 =( NAMED_UNIT ( * ) SI_UNIT ( $, .STERADIAN. ) SOLID_ANGLE_UNIT ( ) );
#7398 = COLOUR_RGB ( '',0.5019607843137254800, 0.5019607843137254800, 0.5019607843137254800 ) ;
#7399 =( NAMED_UNIT ( * ) SI_UNIT ( $, .STERADIAN. ) SOLID_ANGLE_UNIT ( ) );
#7400 =( CONVERSION_BASED_UNIT ( 'INCH', #6081 ) LENGTH_UNIT ( ) NAMED_UNIT ( #3342 ) );
#7401 = DIMENSIONAL_EXPONENTS ( 1.000000000000000000, 0.0000000000000000000, 0.0000000000000000000, 0.0000000000000000000, 0.0000000000000000000, 0.0000000000000000000, 0.0000000000000000000 ) ;
#7402 = EDGE_LOOP ( 'NONE', ( #7011, #1690, #8196, #6077 ) ) ;
#7403 = PRESENTATION_STYLE_ASSIGNMENT (( #3274 ) ) ;
#7404 = EDGE_CURVE ( 'NONE', #7989, #3640, #2567, .T. ) ;
#7405 = ORIENTED_EDGE ( 'NONE', *, *, #7857, .F. ) ;
#7406 = AXIS2_PLACEMENT_3D ( 'NONE', #7488, #3455, #8173 ) ;
#7408 = FILL_AREA_STYLE_COLOUR ( '', #7689 ) ;
#7407 =( NAMED_UNIT ( * ) SI_UNIT ( $, .STERADIAN. ) SOLID_ANGLE_UNIT ( ) );
#7409 = AXIS2_PLACEMENT_3D ( 'NONE', #7085, #3039, #7748 ) ;
#7410 = EDGE_LOOP ( 'NONE', ( #2650, #2354 ) ) ;
#7411 = DIRECTION ( 'NONE',  ( -1.000000000000000000, 0.0000000000000000000, 0.0000000000000000000 ) ) ;
#7412 = CIRCLE ( 'NONE', #8504, 0.3350000000000006900 ) ;
#7413 = CARTESIAN_POINT ( 'NONE',  ( -0.9172875163485924000, -0.3315016303536180700, -1.267000000000018100 ) ) ;
#7414 = DIMENSIONAL_EXPONENTS ( 1.000000000000000000, 0.0000000000000000000, 0.0000000000000000000, 0.0000000000000000000, 0.0000000000000000000, 0.0000000000000000000, 0.0000000000000000000 ) ;
#7415 = ORIENTED_EDGE ( 'NONE', *, *, #8649, .F. ) ;
#7416 = CARTESIAN_POINT ( 'NONE',  ( -0.6055811294446162800, -0.3315016303536152400, -1.144181362094663300 ) ) ;
#7417 = CYLINDRICAL_SURFACE ( 'NONE', #4556, 0.08600000000000011800 ) ;
#7418 = EDGE_LOOP ( 'NONE', ( #1166, #5207 ) ) ;
#7419 = FACE_BOUND ( 'NONE', #4709, .T. ) ;
#7420 = ADVANCED_FACE ( 'NONE', ( #2787 ), #1694, .F. ) ;
#7421 = SURFACE_STYLE_USAGE ( .BOTH. , #2705 ) ;
#7422 = ORIENTED_EDGE ( 'NONE', *, *, #2928, .F. ) ;
#7423 = DIRECTION ( 'NONE',  ( 0.0000000000000000000, 0.0000000000000000000, -1.000000000000000000 ) ) ;
#7424 = PRESENTATION_LAYER_ASSIGNMENT (  '', '', ( #6975 ) ) ;
#7425 = ORIENTED_EDGE ( 'NONE', *, *, #448, .F. ) ;
#7426 = UNCERTAINTY_MEASURE_WITH_UNIT (LENGTH_MEASURE( 1.000000000000000100E-005 ), #6423, 'distance_accuracy_value', 'NONE');
#7427 = DIRECTION ( 'NONE',  ( 1.000000000000000000, 0.0000000000000000000, 1.270626973800399200E-015 ) ) ;
#7428 = VERTEX_POINT ( 'NONE', #1264 ) ;
#7429 = LENGTH_MEASURE_WITH_UNIT ( LENGTH_MEASURE( 0.02539999999999999900 ), #315 );
#7430 = AXIS2_PLACEMENT_3D ( 'NONE', #319, #5116, #1013 ) ;
#7431 = PRESENTATION_STYLE_ASSIGNMENT (( #7670 ) ) ;
#7432 = PRESENTATION_LAYER_ASSIGNMENT (  '', '', ( #6544 ) ) ;
#7433 = FILL_AREA_STYLE_COLOUR ( '', #4032 ) ;
#7434 = EDGE_LOOP ( 'NONE', ( #2436, #4375 ) ) ;
#7435 = EDGE_CURVE ( 'NONE', #4059, #72, #698, .T. ) ;
#7436 = ORIENTED_EDGE ( 'NONE', *, *, #2261, .F. ) ;
#7437 = SURFACE_SIDE_STYLE ('',( #8733 ) ) ;
#7438 = CARTESIAN_POINT ( 'NONE',  ( -0.2684280269390455500, -0.1520016303536132500, 0.2849999999999987000 ) ) ;
#7439 = SURFACE_STYLE_USAGE ( .BOTH. , #2717 ) ;
#7440 = UNCERTAINTY_MEASURE_WITH_UNIT (LENGTH_MEASURE( 1.000000000000000100E-005 ), #5598, 'distance_accuracy_value', 'NONE');
#7441 = CIRCLE ( 'NONE', #7406, 0.4220000000000000400 ) ;
#7442 = DIMENSIONAL_EXPONENTS ( 1.000000000000000000, 0.0000000000000000000, 0.0000000000000000000, 0.0000000000000000000, 0.0000000000000000000, 0.0000000000000000000, 0.0000000000000000000 ) ;
#7443 = CARTESIAN_POINT ( 'NONE',  ( -0.7282875163485816900, -0.3315016303536156300, -0.3769583694396618200 ) ) ;
#7444 = ORIENTED_EDGE ( 'NONE', *, *, #3261, .T. ) ;
#7445 = LENGTH_MEASURE_WITH_UNIT ( LENGTH_MEASURE( 0.02539999999999999900 ), #283 );
#7446 = PRESENTATION_LAYER_ASSIGNMENT (  '', '', ( #6994 ) ) ;
#7447 = COLOUR_RGB ( '',0.5019607843137254800, 0.5019607843137254800, 0.5019607843137254800 ) ;
#7448 = AXIS2_PLACEMENT_3D ( 'NONE', #180, #6342, #2984 ) ;
#7449 =( NAMED_UNIT ( * ) SI_UNIT ( $, .STERADIAN. ) SOLID_ANGLE_UNIT ( ) );
#7450 = EDGE_CURVE ( 'NONE', #8678, #6413, #80, .T. ) ;
#7451 = CARTESIAN_POINT ( 'NONE',  ( -0.7282875163485812400, -0.1755016303538619000, -0.4819583694430498200 ) ) ;
#7453 = DIRECTION ( 'NONE',  ( 0.0000000000000000000, 1.000000000000000000, 0.0000000000000000000 ) ) ;
#7452 =( NAMED_UNIT ( * ) SI_UNIT ( $, .STERADIAN. ) SOLID_ANGLE_UNIT ( ) );
#7454 =( CONVERSION_BASED_UNIT ( 'INCH', #2372 ) LENGTH_UNIT ( ) NAMED_UNIT ( #619 ) );
#7455 = DIMENSIONAL_EXPONENTS ( 1.000000000000000000, 0.0000000000000000000, 0.0000000000000000000, 0.0000000000000000000, 0.0000000000000000000, 0.0000000000000000000, 0.0000000000000000000 ) ;
#7456 = LENGTH_MEASURE_WITH_UNIT ( LENGTH_MEASURE( 0.02539999999999999900 ), #4407 );
#7457 = STYLED_ITEM ( 'NONE', ( #5227 ), #1917 ) ;
#7458 = ORIENTED_EDGE ( 'NONE', *, *, #1187, .T. ) ;
#7459 = LENGTH_MEASURE_WITH_UNIT ( LENGTH_MEASURE( 0.02539999999999999900 ), #2979 );
#7460 = CARTESIAN_POINT ( 'NONE',  ( -0.7282875163485816900, -0.3315016303536152400, -0.9504697936969798100 ) ) ;
#7461 = SURFACE_SIDE_STYLE ('',( #4421 ) ) ;
#7462 = FILL_AREA_STYLE ('',( #3386 ) ) ;
#7463 = EDGE_CURVE ( 'NONE', #2338, #3002, #3527, .T. ) ;
#7464 = EDGE_LOOP ( 'NONE', ( #8692, #2027, #1675, #6418, #4260, #4153 ) ) ;
#7465 = LENGTH_MEASURE_WITH_UNIT ( LENGTH_MEASURE( 0.02539999999999999900 ), #1401 );
#7466 = CARTESIAN_POINT ( 'NONE',  ( -0.5832875163485815600, -0.3315016303536157900, -0.6699583694396619200 ) ) ;
#7467 = PRESENTATION_LAYER_ASSIGNMENT (  '', '', ( #7022 ) ) ;
#7468 = CARTESIAN_POINT ( 'NONE',  ( -0.7282875163485911200, -0.3315016303536181300, -1.704000000000018200 ) ) ;
#7469 = ORIENTED_EDGE ( 'NONE', *, *, #5793, .T. ) ;
#7471 = FILL_AREA_STYLE ('',( #3402 ) ) ;
#7470 =( NAMED_UNIT ( * ) PLANE_ANGLE_UNIT ( ) SI_UNIT ( $, .RADIAN. ) );
#7472 = FACE_OUTER_BOUND ( 'NONE', #1892, .T. ) ;
#7473 = DIRECTION ( 'NONE',  ( -1.000000000000000000, 0.0000000000000000000, 0.0000000000000000000 ) ) ;
#7474 = SURFACE_STYLE_FILL_AREA ( #4946 ) ;
#7476 = CARTESIAN_POINT ( 'NONE',  ( -0.5127338094446389800, -0.3315016303536180700, -1.539000000000017900 ) ) ;
#7475 = DIRECTION ( 'NONE',  ( 0.9488864299340638000, 0.3156177166874302200, 1.126055187715457500E-016 ) ) ;
#7477 = AXIS2_PLACEMENT_3D ( 'NONE', #4580, #3249, #7956 ) ;
#7478 = CARTESIAN_POINT ( 'NONE',  ( -0.7154901923239666000, -0.3541340959243161600, -1.259000000000018500 ) ) ;
#7479 = DIRECTION ( 'NONE',  ( 1.000000000000000000, 0.0000000000000000000, 8.784077150085081900E-016 ) ) ;
#7480 = AXIS2_PLACEMENT_3D ( 'NONE', #5603, #1501, #6289 ) ;
#7481 = PRESENTATION_LAYER_ASSIGNMENT (  '', '', ( #7936 ) ) ;
#7482 = CARTESIAN_POINT ( 'NONE',  ( -0.7282875163485818000, -0.7765016303536163000, -1.444751811316610800E-015 ) ) ;
#7483 = EDGE_CURVE ( 'NONE', #6294, #3968, #8700, .T. ) ;
#7484 = PRESENTATION_STYLE_ASSIGNMENT (( #1308 ) ) ;
#7485 = DIRECTION ( 'NONE',  ( -1.000000000000000000, 0.0000000000000000000, 0.0000000000000000000 ) ) ;
#7486 =( CONVERSION_BASED_UNIT ( 'INCH', #911 ) LENGTH_UNIT ( ) NAMED_UNIT ( #119 ) );
#7487 = DIRECTION ( 'NONE',  ( 2.985768325466478400E-031, -6.902532920683853300E-031, -1.000000000000000000 ) ) ;
#7488 = CARTESIAN_POINT ( 'NONE',  ( -0.7282875163485818000, -0.3315016303536157400, 0.2469999999999986700 ) ) ;
#7489 = AXIS2_PLACEMENT_3D ( 'NONE', #7898, #3877, #8580 ) ;
#7490 = STYLED_ITEM ( 'NONE', ( #6451 ), #8305 ) ;
#7491 = PRESENTATION_LAYER_ASSIGNMENT (  '', '', ( #7060 ) ) ;
#7492 =( NAMED_UNIT ( * ) PLANE_ANGLE_UNIT ( ) SI_UNIT ( $, .RADIAN. ) );
#7493 = EDGE_CURVE ( 'NONE', #5959, #4041, #5335, .T. ) ;
#7494 = PRESENTATION_STYLE_ASSIGNMENT (( #335 ) ) ;
#7495 = COLOUR_RGB ( '',0.5019607843137254800, 0.5019607843137254800, 0.5019607843137254800 ) ;
#7496 = DIRECTION ( 'NONE',  ( 0.0000000000000000000, 1.000000000000000000, -1.224606353822387400E-016 ) ) ;
#7497 = CARTESIAN_POINT ( 'NONE',  ( -0.7282875163485818000, -0.3315016303536152400, -1.144181362094663300 ) ) ;
#7499 =( LENGTH_UNIT ( ) NAMED_UNIT ( * ) SI_UNIT ( $, .METRE. ) );
#7498 =( NAMED_UNIT ( * ) SI_UNIT ( $, .STERADIAN. ) SOLID_ANGLE_UNIT ( ) );
#7500 = SURFACE_SIDE_STYLE ('',( #1709 ) ) ;
#7501 = MECHANICAL_DESIGN_GEOMETRIC_PRESENTATION_REPRESENTATION (  '', ( #6614 ), #7970 ) ;
#7502 = CIRCLE ( 'NONE', #8161, 0.08600000000001811800 ) ;
#7504 = LENGTH_MEASURE_WITH_UNIT ( LENGTH_MEASURE( 0.02539999999999999900 ), #792 );
#7503 = CIRCLE ( 'NONE', #3714, 0.009999999999999892700 ) ;
#7505 =( LENGTH_UNIT ( ) NAMED_UNIT ( * ) SI_UNIT ( $, .METRE. ) );
#7506 = ORIENTED_EDGE ( 'NONE', *, *, #6255, .F. ) ;
#7507 = COLOUR_RGB ( '',0.5019607843137254800, 0.5019607843137254800, 0.5019607843137254800 ) ;
#7508 = DIRECTION ( 'NONE',  ( 9.726753936418404900E-033, 1.224606353822377300E-016, 1.000000000000000000 ) ) ;
#7509 = PRESENTATION_LAYER_ASSIGNMENT (  '', '', ( #7080 ) ) ;
#7510 = VERTEX_POINT ( 'NONE', #2030 ) ;
#7511 = PRESENTATION_STYLE_ASSIGNMENT (( #4025 ) ) ;
#7512 = DIRECTION ( 'NONE',  ( 0.9488864299340645800, 0.3156177166874279400, -1.162488507942251900E-014 ) ) ;
#7513 = ORIENTED_EDGE ( 'NONE', *, *, #6401, .F. ) ;
#7514 = CARTESIAN_POINT ( 'NONE',  ( -0.7182820955463802300, -0.3774242996420063600, -1.259000000000018500 ) ) ;
#7515 =( LENGTH_UNIT ( ) NAMED_UNIT ( * ) SI_UNIT ( $, .METRE. ) );
#7516 = EDGE_CURVE ( 'NONE', #4128, #6280, #1474, .T. ) ;
#7517 = CIRCLE ( 'NONE', #8609, 0.1400000000000000100 ) ;
#7518 = CARTESIAN_POINT ( 'NONE',  ( -0.7282875163485818000, -0.3315016303536155200, -0.7554925145934504600 ) ) ;
#7519 = ORIENTED_EDGE ( 'NONE', *, *, #3466, .T. ) ;
#7520 = VERTEX_POINT ( 'NONE', #8128 ) ;
#7522 = FILL_AREA_STYLE ('',( #6184 ) ) ;
#7521 =( NAMED_UNIT ( * ) SI_UNIT ( $, .STERADIAN. ) SOLID_ANGLE_UNIT ( ) );
#7523 = ORIENTED_EDGE ( 'NONE', *, *, #6813, .F. ) ;
#7524 = MECHANICAL_DESIGN_GEOMETRIC_PRESENTATION_REPRESENTATION (  '', ( #6635 ), #7995 ) ;
#7525 = CIRCLE ( 'NONE', #7409, 0.1400000000000000100 ) ;
#7526 = EDGE_CURVE ( 'NONE', #3252, #6280, #6902, .T. ) ;
#7527 = ORIENTED_EDGE ( 'NONE', *, *, #7655, .T. ) ;
#7528 = CARTESIAN_POINT ( 'NONE',  ( -0.7410848403732081000, -0.3088691647829179300, -1.599000000000018600 ) ) ;
#7529 = EDGE_CURVE ( 'NONE', #6884, #1902, #6699, .T. ) ;
#7530 = CARTESIAN_POINT ( 'NONE',  ( -0.7282875163485818000, -0.3315016303536156800, 0.02999999999999883000 ) ) ;
#7531 = ORIENTED_EDGE ( 'NONE', *, *, #1480, .F. ) ;
#7532 = LENGTH_MEASURE_WITH_UNIT ( LENGTH_MEASURE( 0.02539999999999999900 ), #2634 );
#7533 = CARTESIAN_POINT ( 'NONE',  ( -0.7504480318945511200, -0.4006831623473756100, -1.546958366428748100 ) ) ;
#7534 = DIMENSIONAL_EXPONENTS ( 1.000000000000000000, 0.0000000000000000000, 0.0000000000000000000, 0.0000000000000000000, 0.0000000000000000000, 0.0000000000000000000, 0.0000000000000000000 ) ;
#7535 = UNCERTAINTY_MEASURE_WITH_UNIT (LENGTH_MEASURE( 1.000000000000000100E-005 ), #2600, 'distance_accuracy_value', 'NONE');
#7536 = VERTEX_POINT ( 'NONE', #4113 ) ;
#7537 = DIRECTION ( 'NONE',  ( 5.389556073798634900E-015, 1.412857278674264800E-015, 1.000000000000000000 ) ) ;
#7538 = FACE_OUTER_BOUND ( 'NONE', #2833, .T. ) ;
#7539 = CARTESIAN_POINT ( 'NONE',  ( -0.7282875163485818000, -0.7765016303536163000, 0.2849999999999986400 ) ) ;
#7540 = ORIENTED_EDGE ( 'NONE', *, *, #8671, .F. ) ;
#7541 = CIRCLE ( 'NONE', #967, 0.04700000000000006900 ) ;
#7542 = EDGE_LOOP ( 'NONE', ( #5990, #5656, #7325, #1397 ) ) ;
#7543 = EDGE_CURVE ( 'NONE', #7572, #8373, #1256, .T. ) ;
#7544 = STYLED_ITEM ( 'NONE', ( #2599 ), #1039 ) ;
#7545 = AXIS2_PLACEMENT_3D ( 'NONE', #8512, #2411, #8654 ) ;
#7546 = ADVANCED_FACE ( 'NONE', ( #5125, #3106, #3333, #6497, #4708, #2888, #1054, #8065 ), #1382, .T. ) ;
#7547 = UNCERTAINTY_MEASURE_WITH_UNIT (LENGTH_MEASURE( 1.000000000000000100E-005 ), #1949, 'distance_accuracy_value', 'NONE');
#7548 = DIRECTION ( 'NONE',  ( 0.0000000000000000000, 0.0000000000000000000, 1.000000000000000000 ) ) ;
#7549 = VECTOR ( 'NONE', #529, 39.37007874015748100 ) ;
#7550 = DIRECTION ( 'NONE',  ( -9.711944615174957000E-017, 7.459504271329836200E-017, 1.000000000000000000 ) ) ;
#7551 = DIRECTION ( 'NONE',  ( -9.711944615174957000E-017, 7.459504271329836200E-017, 1.000000000000000000 ) ) ;
#7552 = ORIENTED_EDGE ( 'NONE', *, *, #637, .F. ) ;
#7553 = ORIENTED_EDGE ( 'NONE', *, *, #8435, .F. ) ;
#7554 = PRESENTATION_STYLE_ASSIGNMENT (( #318 ) ) ;
#7555 = FILL_AREA_STYLE_COLOUR ( '', #8020 ) ;
#7556 = PRESENTATION_LAYER_ASSIGNMENT (  '', '', ( #7120 ) ) ;
#7557 = DIRECTION ( 'NONE',  ( 1.000000000000000000, 0.0000000000000000000, 0.0000000000000000000 ) ) ;
#7558 = ORIENTED_EDGE ( 'NONE', *, *, #1453, .F. ) ;
#7559 = DIRECTION ( 'NONE',  ( -1.000000000000000000, 0.0000000000000000000, 0.0000000000000000000 ) ) ;
#7560 = DIRECTION ( 'NONE',  ( 1.000000000000000000, 0.0000000000000000000, 9.862267125353252400E-016 ) ) ;
#7561 = FILL_AREA_STYLE ('',( #1443 ) ) ;
#7562 = STYLED_ITEM ( 'NONE', ( #3294 ), #2310 ) ;
#7563 = SURFACE_STYLE_USAGE ( .BOTH. , #2842 ) ;
#7564 = ORIENTED_EDGE ( 'NONE', *, *, #110, .F. ) ;
#7565 = DIMENSIONAL_EXPONENTS ( 1.000000000000000000, 0.0000000000000000000, 0.0000000000000000000, 0.0000000000000000000, 0.0000000000000000000, 0.0000000000000000000, 0.0000000000000000000 ) ;
#7566 = AXIS2_PLACEMENT_3D ( 'NONE', #8014, #1253, #6032 ) ;
#7567 = SURFACE_SIDE_STYLE ('',( #7100 ) ) ;
#7568 = LENGTH_MEASURE_WITH_UNIT ( LENGTH_MEASURE( 0.02539999999999999900 ), #1439 );
#7569 = EDGE_CURVE ( 'NONE', #6592, #4932, #194, .T. ) ;
#7570 = FILL_AREA_STYLE ('',( #141 ) ) ;
#7571 = CARTESIAN_POINT ( 'NONE',  ( -0.8732875163485820400, -0.3315016303536157900, -0.5249583694396620100 ) ) ;
#7572 = VERTEX_POINT ( 'NONE', #4808 ) ;
#7573 = VECTOR ( 'NONE', #5038, 39.37007874015748100 ) ;
#7574 = MECHANICAL_DESIGN_GEOMETRIC_PRESENTATION_REPRESENTATION (  '', ( #6235 ), #8036 ) ;
#7575 = DIMENSIONAL_EXPONENTS ( 1.000000000000000000, 0.0000000000000000000, 0.0000000000000000000, 0.0000000000000000000, 0.0000000000000000000, 0.0000000000000000000, 0.0000000000000000000 ) ;
#7576 = STYLED_ITEM ( 'NONE', ( #1260 ), #3621 ) ;
#7577 = DIRECTION ( 'NONE',  ( 1.000000000000000000, 0.0000000000000000000, 0.0000000000000000000 ) ) ;
#7578 = ORIENTED_EDGE ( 'NONE', *, *, #6024, .T. ) ;
#7580 = DIRECTION ( 'NONE',  ( 5.389556073798634900E-015, 1.412857278674264800E-015, 1.000000000000000000 ) ) ;
#7579 = SURFACE_SIDE_STYLE ('',( #781 ) ) ;
#7581 = SURFACE_STYLE_FILL_AREA ( #7522 ) ;
#7582 = LENGTH_MEASURE_WITH_UNIT ( LENGTH_MEASURE( 0.02539999999999999900 ), #1462 );
#7583 = FILL_AREA_STYLE_COLOUR ( '', #8645 ) ;
#7584 = ADVANCED_FACE ( 'NONE', ( #3643 ), #7954, .T. ) ;
#7585 = CARTESIAN_POINT ( 'NONE',  ( -0.7282875163485818000, -0.3315016303536155200, 1.168000000000000100 ) ) ;
#7586 = SURFACE_STYLE_USAGE ( .BOTH. , #2869 ) ;
#7588 = FILL_AREA_STYLE_COLOUR ( '', #8160 ) ;
#7587 = SURFACE_STYLE_USAGE ( .BOTH. , #2870 ) ;
#7589 =( GEOMETRIC_REPRESENTATION_CONTEXT ( 3 ) GLOBAL_UNCERTAINTY_ASSIGNED_CONTEXT ( ( #1606 ) ) GLOBAL_UNIT_ASSIGNED_CONTEXT ( ( #7806, #3794, #8503 ) ) REPRESENTATION_CONTEXT ( 'NONE', 'WORKASPACE' ) );
#7590 = DIRECTION ( 'NONE',  ( 0.0000000000000000000, 0.0000000000000000000, -1.000000000000000000 ) ) ;
#7591 = CARTESIAN_POINT ( 'NONE',  ( -0.3532875163485813500, -0.3315016303536155200, -0.7220000000000000900 ) ) ;
#7592 = PRESENTATION_LAYER_ASSIGNMENT (  '', '', ( #7163 ) ) ;
#7593 = MECHANICAL_DESIGN_GEOMETRIC_PRESENTATION_REPRESENTATION (  '', ( #5812 ), #8058 ) ;
#7594 =( CONVERSION_BASED_UNIT ( 'INCH', #8412 ) LENGTH_UNIT ( ) NAMED_UNIT ( #8031 ) );
#7595 = EDGE_CURVE ( 'NONE', #6058, #3358, #938, .T. ) ;
#7596 = TOROIDAL_SURFACE ( 'NONE', #7816, 0.1335000000000002300, 0.009999999999999962000 ) ;
#7597 = CIRCLE ( 'NONE', #2824, 0.3549999999999989300 ) ;
#7598 = CARTESIAN_POINT ( 'NONE',  ( -0.7478763583275195300, -0.08986724964083331300, -0.9670000000000005300 ) ) ;
#7599 = FILL_AREA_STYLE_COLOUR ( '', #7398 ) ;
#7600 = FILL_AREA_STYLE ('',( #1486 ) ) ;
#7601 = VECTOR ( 'NONE', #899, 39.37007874015748100 ) ;
#7602 = AXIS2_PLACEMENT_3D ( 'NONE', #796, #4198, #5600 ) ;
#7603 = AXIS2_PLACEMENT_3D ( 'NONE', #89, #4879, #760 ) ;
#7604 = SURFACE_STYLE_USAGE ( .BOTH. , #2895 ) ;
#7605 = ORIENTED_EDGE ( 'NONE', *, *, #7626, .T. ) ;
#7606 = DIMENSIONAL_EXPONENTS ( 1.000000000000000000, 0.0000000000000000000, 0.0000000000000000000, 0.0000000000000000000, 0.0000000000000000000, 0.0000000000000000000, 0.0000000000000000000 ) ;
#7607 = EDGE_CURVE ( 'NONE', #5955, #4939, #6393, .T. ) ;
#7609 = PLANE ( 'NONE',  #5190 ) ;
#7608 = FILL_AREA_STYLE_COLOUR ( '', #1772 ) ;
#7610 = DIRECTION ( 'NONE',  ( 0.0000000000000000000, -1.000000000000000000, 0.0000000000000000000 ) ) ;
#7611 = SURFACE_STYLE_FILL_AREA ( #3580 ) ;
#7612 = ORIENTED_EDGE ( 'NONE', *, *, #3554, .T. ) ;
#7613 = CARTESIAN_POINT ( 'NONE',  ( -0.8837875163485816600, -0.3315016303536152400, -1.144181362094663300 ) ) ;
#7614 = CYLINDRICAL_SURFACE ( 'NONE', #3661, 0.1385000000000008400 ) ;
#7615 = TOROIDAL_SURFACE ( 'NONE', #7477, 0.07249999999999902400, 0.02000000000000050300 ) ;
#7616 = AXIS2_PLACEMENT_3D ( 'NONE', #2208, #6953, #2910 ) ;
#7617 = CARTESIAN_POINT ( 'NONE',  ( -0.8717875163485813200, -0.3315016303536163500, -0.4619583694396621800 ) ) ;
#7618 = EDGE_LOOP ( 'NONE', ( #1218, #8273, #1337, #8282 ) ) ;
#7619 = CARTESIAN_POINT ( 'NONE',  ( -0.9757875163485925100, -0.3315016303536180700, -3.282590941438460400 ) ) ;
#7620 = FILL_AREA_STYLE_COLOUR ( '', #124 ) ;
#7621 =( LENGTH_UNIT ( ) NAMED_UNIT ( * ) SI_UNIT ( $, .METRE. ) );
#7622 = FILL_AREA_STYLE_COLOUR ( '', #6181 ) ;
#7623 = STYLED_ITEM ( 'NONE', ( #3442 ), #7110 ) ;
#7624 = VECTOR ( 'NONE', #7763, 39.37007874015748100 ) ;
#7625 = ORIENTED_EDGE ( 'NONE', *, *, #3537, .F. ) ;
#7626 = EDGE_CURVE ( 'NONE', #1797, #6221, #1153, .T. ) ;
#7627 = DIRECTION ( 'NONE',  ( 0.0000000000000000000, 1.000000000000000000, 0.0000000000000000000 ) ) ;
#7628 = DIRECTION ( 'NONE',  ( 0.0000000000000000000, 0.0000000000000000000, 1.000000000000000000 ) ) ;
#7629 = ORIENTED_EDGE ( 'NONE', *, *, #2619, .T. ) ;
#7630 = DIRECTION ( 'NONE',  ( 0.0000000000000000000, 0.0000000000000000000, -1.000000000000000000 ) ) ;
#7631 = AXIS2_PLACEMENT_3D ( 'NONE', #4718, #584, #5393 ) ;
#7632 = SURFACE_STYLE_USAGE ( .BOTH. , #2918 ) ;
#7633 = VECTOR ( 'NONE', #5548, 39.37007874015748100 ) ;
#7634 = DIRECTION ( 'NONE',  ( 0.3156177166874306600, -0.9488864299340636900, 0.0000000000000000000 ) ) ;
#7635 = ADVANCED_FACE ( 'NONE', ( #4599 ), #7115, .T. ) ;
#7636 = VERTEX_POINT ( 'NONE', #3595 ) ;
#7637 = VECTOR ( 'NONE', #784, 39.37007874015748900 ) ;
#7638 = ORIENTED_EDGE ( 'NONE', *, *, #4843, .F. ) ;
#7639 = CARTESIAN_POINT ( 'NONE',  ( -0.7382929371507926900, -0.2855789610652274000, -1.259000000000018500 ) ) ;
#7640 = ORIENTED_EDGE ( 'NONE', *, *, #2529, .T. ) ;
#7641 = ORIENTED_EDGE ( 'NONE', *, *, #906, .T. ) ;
#7642 = DIRECTION ( 'NONE',  ( 0.0000000000000000000, 0.0000000000000000000, -1.000000000000000000 ) ) ;
#7643 = CIRCLE ( 'NONE', #1037, 0.3125000000000001700 ) ;
#7644 = EDGE_LOOP ( 'NONE', ( #7436, #731, #4899, #3215, #3774 ) ) ;
#7645 = CARTESIAN_POINT ( 'NONE',  ( -0.5584368453903927300, -0.2750060590665677200, -1.704000000000018200 ) ) ;
#7646 = ORIENTED_EDGE ( 'NONE', *, *, #7655, .F. ) ;
#7647 =( GEOMETRIC_REPRESENTATION_CONTEXT ( 3 ) GLOBAL_UNCERTAINTY_ASSIGNED_CONTEXT ( ( #8567 ) ) GLOBAL_UNIT_ASSIGNED_CONTEXT ( ( #3754, #8453, #4433 ) ) REPRESENTATION_CONTEXT ( 'NONE', 'WORKASPACE' ) );
#7648 =( NAMED_UNIT ( * ) PLANE_ANGLE_UNIT ( ) SI_UNIT ( $, .RADIAN. ) );
#7649 = PRESENTATION_STYLE_ASSIGNMENT (( #8243 ) ) ;
#7650 = AXIS2_PLACEMENT_3D ( 'NONE', #341, #5143, #1042 ) ;
#7651 = DIRECTION ( 'NONE',  ( 0.0000000000000000000, 1.000000000000000000, 0.0000000000000000000 ) ) ;
#7653 =( LENGTH_UNIT ( ) NAMED_UNIT ( * ) SI_UNIT ( $, .METRE. ) );
#7652 = DIRECTION ( 'NONE',  ( -1.000000000000000000, 0.0000000000000000000, 0.0000000000000000000 ) ) ;
#7654 = CARTESIAN_POINT ( 'NONE',  ( -0.7282875163485818000, -0.3315016303536156300, 0.2339999999999986500 ) ) ;
#7655 = EDGE_CURVE ( 'NONE', #1991, #8669, #69, .T. ) ;
#7656 = DIRECTION ( 'NONE',  ( -1.000000000000000000, 0.0000000000000000000, 0.0000000000000000000 ) ) ;
#7657 = ORIENTED_EDGE ( 'NONE', *, *, #196, .T. ) ;
#7658 = SURFACE_STYLE_FILL_AREA ( #5941 ) ;
#7659 = CARTESIAN_POINT ( 'NONE',  ( -0.3732875163485818700, -0.3315016303536155200, -0.9004020128478198400 ) ) ;
#7660 = DIMENSIONAL_EXPONENTS ( 1.000000000000000000, 0.0000000000000000000, 0.0000000000000000000, 0.0000000000000000000, 0.0000000000000000000, 0.0000000000000000000, 0.0000000000000000000 ) ;
#7661 = LENGTH_MEASURE_WITH_UNIT ( LENGTH_MEASURE( 0.02539999999999999900 ), #5348 );
#7662 = CARTESIAN_POINT ( 'NONE',  ( -0.7282875163485882400, -0.3315016303536172900, -1.599000000000018600 ) ) ;
#7663 = AXIS2_PLACEMENT_3D ( 'NONE', #4968, #2949, #1577 ) ;
#7664 = ORIENTED_EDGE ( 'NONE', *, *, #7738, .T. ) ;
#7665 = FILL_AREA_STYLE ('',( #851 ) ) ;
#7666 = PRESENTATION_LAYER_ASSIGNMENT (  '', '', ( #6330 ) ) ;
#7667 = MECHANICAL_DESIGN_GEOMETRIC_PRESENTATION_REPRESENTATION (  '', ( #6761 ), #8118 ) ;
#7668 = SURFACE_SIDE_STYLE ('',( #8349 ) ) ;
#7669 = DIRECTION ( 'NONE',  ( -0.0000000000000000000, 2.060207047528567500E-016, 1.000000000000000000 ) ) ;
#7670 = SURFACE_STYLE_USAGE ( .BOTH. , #2953 ) ;
#7671 = ORIENTED_EDGE ( 'NONE', *, *, #8789, .T. ) ;
#7672 = FILL_AREA_STYLE_COLOUR ( '', #1413 ) ;
#7673 = CARTESIAN_POINT ( 'NONE',  ( -0.7282875163485818000, -0.3315016303536155200, -1.212000000000000000 ) ) ;
#7674 =( GEOMETRIC_REPRESENTATION_CONTEXT ( 3 ) GLOBAL_UNCERTAINTY_ASSIGNED_CONTEXT ( ( #5886 ) ) GLOBAL_UNIT_ASSIGNED_CONTEXT ( ( #1011, #5802, #1704 ) ) REPRESENTATION_CONTEXT ( 'NONE', 'WORKASPACE' ) );
#7675 = DIRECTION ( 'NONE',  ( 9.726753936418404900E-033, 1.224606353822377300E-016, 1.000000000000000000 ) ) ;
#7676 = ADVANCED_FACE ( 'NONE', ( #1909 ), #6275, .F. ) ;
#7677 = ORIENTED_EDGE ( 'NONE', *, *, #8275, .T. ) ;
#7678 = SURFACE_SIDE_STYLE ('',( #7056 ) ) ;
#7679 = CARTESIAN_POINT ( 'NONE',  ( -0.7282875163485818000, -0.3315016303536155200, 1.168000000000000100 ) ) ;
#7680 = CARTESIAN_POINT ( 'NONE',  ( -0.3402875163485817900, -0.3315016303536155200, -0.7570000000000005600 ) ) ;
#7681 = MECHANICAL_DESIGN_GEOMETRIC_PRESENTATION_REPRESENTATION (  '', ( #5898 ), #8136 ) ;
#7682 = SURFACE_STYLE_FILL_AREA ( #1141 ) ;
#7683 = VECTOR ( 'NONE', #6943, 39.37007874015748900 ) ;
#7684 = DIRECTION ( 'NONE',  ( 0.0000000000000000000, -1.000000000000000000, -7.189073667537525300E-016 ) ) ;
#7685 = EDGE_CURVE ( 'NONE', #1231, #2338, #8059, .T. ) ;
#7686 = DIRECTION ( 'NONE',  ( -7.472189016151557300E-032, -6.165649696520689200E-033, -1.000000000000000000 ) ) ;
#7687 =( CONVERSION_BASED_UNIT ( 'INCH', #7459 ) LENGTH_UNIT ( ) NAMED_UNIT ( #4615 ) );
#7688 = CARTESIAN_POINT ( 'NONE',  ( -0.7282875163485813500, -0.3315016303536163500, -0.6419583694396621100 ) ) ;
#7689 = COLOUR_RGB ( '',0.5019607843137254800, 0.5019607843137254800, 0.5019607843137254800 ) ;
#7690 = UNCERTAINTY_MEASURE_WITH_UNIT (LENGTH_MEASURE( 1.000000000000000100E-005 ), #8313, 'distance_accuracy_value', 'NONE');
#7691 = MECHANICAL_DESIGN_GEOMETRIC_PRESENTATION_REPRESENTATION (  '', ( #5911 ), #8148 ) ;
#7693 = FILL_AREA_STYLE_COLOUR ( '', #5588 ) ;
#7692 = CARTESIAN_POINT ( 'NONE',  ( -0.7299992519430641400, -0.2590356036465364400, -1.546958369360313900 ) ) ;
#7694 = DIRECTION ( 'NONE',  ( -1.000000000000000000, 0.0000000000000000000, 0.0000000000000000000 ) ) ;
#7695 = CARTESIAN_POINT ( 'NONE',  ( -0.8509939032483004900, -0.3315016303536152400, -1.107958369439397100 ) ) ;
#7696 = UNCERTAINTY_MEASURE_WITH_UNIT (LENGTH_MEASURE( 1.000000000000000100E-005 ), #3049, 'distance_accuracy_value', 'NONE');
#7697 =( CONVERSION_BASED_UNIT ( 'INCH', #3821 ) LENGTH_UNIT ( ) NAMED_UNIT ( #5514 ) );
#7698 = DIRECTION ( 'NONE',  ( -1.000000000000000000, 0.0000000000000000000, 0.0000000000000000000 ) ) ;
#7700 = CARTESIAN_POINT ( 'NONE',  ( -0.5509552906076941000, -0.2858407732047786300, -1.503614805821283300 ) ) ;
#7699 = DIRECTION ( 'NONE',  ( 0.0000000000000000000, 0.0000000000000000000, -1.000000000000000000 ) ) ;
#7701 = STYLED_ITEM ( 'NONE', ( #264 ), #5082 ) ;
#7702 = FACE_OUTER_BOUND ( 'NONE', #7618, .T. ) ;
#7703 = FACE_OUTER_BOUND ( 'NONE', #4179, .T. ) ;
#7704 = VECTOR ( 'NONE', #4288, 39.37007874015748100 ) ;
#7705 = AXIS2_PLACEMENT_3D ( 'NONE', #492, #5287, #1189 ) ;
#7706 = MECHANICAL_DESIGN_GEOMETRIC_PRESENTATION_REPRESENTATION (  '', ( #6810 ), #8166 ) ;
#7707 = EDGE_CURVE ( 'NONE', #2645, #3979, #1657, .T. ) ;
#7708 =( LENGTH_UNIT ( ) NAMED_UNIT ( * ) SI_UNIT ( $, .METRE. ) );
#7709 = SURFACE_SIDE_STYLE ('',( #1715 ) ) ;
#7710 = CARTESIAN_POINT ( 'NONE',  ( -0.9058525663464591600, -0.3797486058255247800, -1.502840615533667100 ) ) ;
#7711 = ADVANCED_FACE ( 'NONE', ( #1043 ), #8787, .T. ) ;
#7712 = PRESENTATION_STYLE_ASSIGNMENT (( #3168 ) ) ;
#7713 = CARTESIAN_POINT ( 'NONE',  ( -0.7282875163485813500, -0.3315016303536165200, -0.4819583694385740600 ) ) ;
#7714 = ORIENTED_EDGE ( 'NONE', *, *, #517, .T. ) ;
#7715 = DIRECTION ( 'NONE',  ( 0.0000000000000000000, 1.000000000000000000, -1.224606353822389800E-016 ) ) ;
#7716 =( NAMED_UNIT ( * ) PLANE_ANGLE_UNIT ( ) SI_UNIT ( $, .RADIAN. ) );
#7717 = LINE ( 'NONE', #5212, #3403 ) ;
#7718 = PRESENTATION_LAYER_ASSIGNMENT (  '', '', ( #6398 ) ) ;
#7719 = MECHANICAL_DESIGN_GEOMETRIC_PRESENTATION_REPRESENTATION (  '', ( #6399 ), #8179 ) ;
#7720 = ORIENTED_EDGE ( 'NONE', *, *, #7626, .F. ) ;
#7721 = SURFACE_STYLE_FILL_AREA ( #6009 ) ;
#7722 = FACE_OUTER_BOUND ( 'NONE', #402, .T. ) ;
#7723 = EDGE_CURVE ( 'NONE', #491, #7942, #3634, .T. ) ;
#7725 = SURFACE_SIDE_STYLE ('',( #3999 ) ) ;
#7724 = CARTESIAN_POINT ( 'NONE',  ( -0.7962004045471383600, -0.3057984773255437700, -1.546958368339167400 ) ) ;
#7726 = ORIENTED_EDGE ( 'NONE', *, *, #3831, .F. ) ;
#7727 = FILL_AREA_STYLE_COLOUR ( '', #6745 ) ;
#7728 = PRESENTATION_STYLE_ASSIGNMENT (( #5017 ) ) ;
#7729 = AXIS2_PLACEMENT_3D ( 'NONE', #653, #5456, #1346 ) ;
#7730 = VERTEX_POINT ( 'NONE', #975 ) ;
#7731 = DIRECTION ( 'NONE',  ( 0.0000000000000000000, 0.0000000000000000000, -1.000000000000000000 ) ) ;
#7732 =( LENGTH_UNIT ( ) NAMED_UNIT ( * ) SI_UNIT ( $, .METRE. ) );
#7733 = ORIENTED_EDGE ( 'NONE', *, *, #705, .T. ) ;
#7734 =( CONVERSION_BASED_UNIT ( 'INCH', #1241 ) LENGTH_UNIT ( ) NAMED_UNIT ( #6577 ) );
#7735 = EDGE_LOOP ( 'NONE', ( #5009, #2580, #1096, #4132 ) ) ;
#7736 = EDGE_LOOP ( 'NONE', ( #1495, #4609 ) ) ;
#7737 = CYLINDRICAL_SURFACE ( 'NONE', #2495, 0.3847549984779936600 ) ;
#7738 = EDGE_CURVE ( 'NONE', #2250, #1053, #1795, .T. ) ;
#7739 = COLOUR_RGB ( '',0.5019607843137254800, 0.5019607843137254800, 0.5019607843137254800 ) ;
#7740 = VERTEX_POINT ( 'NONE', #2367 ) ;
#7741 = ORIENTED_EDGE ( 'NONE', *, *, #1305, .F. ) ;
#7742 = CARTESIAN_POINT ( 'NONE',  ( -0.7282875163485814700, -0.3315016303536152400, -1.526958369439661800 ) ) ;
#7743 = AXIS2_PLACEMENT_3D ( 'NONE', #5837, #1742, #6515 ) ;
#7744 = CARTESIAN_POINT ( 'NONE',  ( -1.083287516348581800, -0.3315016303536154600, -0.7554925145934504600 ) ) ;
#7745 = FILL_AREA_STYLE ('',( #2285 ) ) ;
#7746 = VECTOR ( 'NONE', #4191, 39.37007874015748100 ) ;
#7747 = CARTESIAN_POINT ( 'NONE',  ( -0.7282875163485818000, -0.3315016303536157900, -0.5249583694396620100 ) ) ;
#7748 = DIRECTION ( 'NONE',  ( 1.000000000000000000, 0.0000000000000000000, 0.0000000000000000000 ) ) ;
#7749 = ORIENTED_EDGE ( 'NONE', *, *, #2305, .T. ) ;
#7750 = DIRECTION ( 'NONE',  ( 7.472189016151557300E-032, 6.165649696520689200E-033, 1.000000000000000000 ) ) ;
#7751 =( GEOMETRIC_REPRESENTATION_CONTEXT ( 3 ) GLOBAL_UNCERTAINTY_ASSIGNED_CONTEXT ( ( #6367 ) ) GLOBAL_UNIT_ASSIGNED_CONTEXT ( ( #6343, #2269, #7003 ) ) REPRESENTATION_CONTEXT ( 'NONE', 'WORKASPACE' ) );
#7752 = EDGE_LOOP ( 'NONE', ( #3977, #2774, #2858, #3971, #8803 ) ) ;
#7753 = CARTESIAN_POINT ( 'NONE',  ( -0.7282875163485818000, -0.6915016303536158900, 0.2339999999999986800 ) ) ;
#7754 = ORIENTED_EDGE ( 'NONE', *, *, #4333, .F. ) ;
#7755 = CIRCLE ( 'NONE', #5894, 0.3697549984779935400 ) ;
#7756 = ADVANCED_FACE ( 'NONE', ( #7215, #2013 ), #6440, .T. ) ;
#7757 =( NAMED_UNIT ( * ) SI_UNIT ( $, .STERADIAN. ) SOLID_ANGLE_UNIT ( ) );
#7758 = PRESENTATION_LAYER_ASSIGNMENT (  '', '', ( #6435 ) ) ;
#7759 = AXIS2_PLACEMENT_3D ( 'NONE', #1036, #5821, #365 ) ;
#7760 =( NAMED_UNIT ( * ) PLANE_ANGLE_UNIT ( ) SI_UNIT ( $, .RADIAN. ) );
#7762 = DIRECTION ( 'NONE',  ( -7.472189016151557300E-032, -6.165649696520689200E-033, -1.000000000000000000 ) ) ;
#7761 = SURFACE_STYLE_USAGE ( .BOTH. , #3050 ) ;
#7763 = DIRECTION ( 'NONE',  ( 5.389556073798634900E-015, 1.412857278674264800E-015, 1.000000000000000000 ) ) ;
#7764 = EDGE_CURVE ( 'NONE', #7269, #3020, #2767, .T. ) ;
#7765 = CYLINDRICAL_SURFACE ( 'NONE', #7285, 0.1341250670370401100 ) ;
#7766 = PRESENTATION_STYLE_ASSIGNMENT (( #3223 ) ) ;
#7767 = ORIENTED_EDGE ( 'NONE', *, *, #5026, .F. ) ;
#7768 = CYLINDRICAL_SURFACE ( 'NONE', #4219, 0.2499999999999998100 ) ;
#7769 =( LENGTH_UNIT ( ) NAMED_UNIT ( * ) SI_UNIT ( $, .METRE. ) );
#7770 = CARTESIAN_POINT ( 'NONE',  ( -0.7282875163485818000, -0.3315016303536154600, -0.5081049102779643400 ) ) ;
#7771 = STYLED_ITEM ( 'NONE', ( #3668 ), #1580 ) ;
#7772 = CARTESIAN_POINT ( 'NONE',  ( -0.7542875163485864800, -0.3315016303536170200, -1.259000000000018100 ) ) ;
#7773 = AXIS2_PLACEMENT_3D ( 'NONE', #2698, #5428, #8127 ) ;
#7774 = STYLED_ITEM ( 'NONE', ( #7484 ), #5857 ) ;
#7775 = DIRECTION ( 'NONE',  ( -1.000000000000000000, 0.0000000000000000000, 0.0000000000000000000 ) ) ;
#7776 = ORIENTED_EDGE ( 'NONE', *, *, #4739, .F. ) ;
#7777 = COLOUR_RGB ( '',0.5019607843137254800, 0.5019607843137254800, 0.5019607843137254800 ) ;
#7778 = EDGE_CURVE ( 'NONE', #2231, #1991, #6382, .T. ) ;
#7779 = DIRECTION ( 'NONE',  ( -0.0000000000000000000, -0.0000000000000000000, 1.000000000000000000 ) ) ;
#7780 = STYLED_ITEM ( 'NONE', ( #3340 ), #1665 ) ;
#7781 = LENGTH_MEASURE_WITH_UNIT ( LENGTH_MEASURE( 0.02539999999999999900 ), #3228 );
#7782 = ORIENTED_EDGE ( 'NONE', *, *, #54, .F. ) ;
#7783 = DIRECTION ( 'NONE',  ( -0.9488864299340638000, -0.3156177166874302200, -1.126055187715457500E-016 ) ) ;
#7784 = PRESENTATION_STYLE_ASSIGNMENT (( #1839 ) ) ;
#7785 = PRESENTATION_LAYER_ASSIGNMENT (  '', '', ( #7351 ) ) ;
#7786 =( NAMED_UNIT ( * ) SI_UNIT ( $, .STERADIAN. ) SOLID_ANGLE_UNIT ( ) );
#7787 = DIRECTION ( 'NONE',  ( 1.000000000000000000, 0.0000000000000000000, 0.0000000000000000000 ) ) ;
#7789 =( CONVERSION_BASED_UNIT ( 'INCH', #5002 ) LENGTH_UNIT ( ) NAMED_UNIT ( #4767 ) );
#7788 = DIRECTION ( 'NONE',  ( 5.389556073798634900E-015, 1.412857278674264800E-015, 1.000000000000000000 ) ) ;
#7790 = PRESENTATION_STYLE_ASSIGNMENT (( #5007 ) ) ;
#7791 =( NAMED_UNIT ( * ) SI_UNIT ( $, .STERADIAN. ) SOLID_ANGLE_UNIT ( ) );
#7792 = LINE ( 'NONE', #3463, #554 ) ;
#7793 = AXIS2_PLACEMENT_3D ( 'NONE', #4518, #3827, #7888 ) ;
#7794 = DIRECTION ( 'NONE',  ( 1.774952849390946600E-032, -1.224606353822380000E-016, 1.000000000000000000 ) ) ;
#7795 = UNCERTAINTY_MEASURE_WITH_UNIT (LENGTH_MEASURE( 1.000000000000000100E-005 ), #4021, 'distance_accuracy_value', 'NONE');
#7796 = CARTESIAN_POINT ( 'NONE',  ( -0.4202148444932376500, -0.3315016303536154600, 0.1249999999999986700 ) ) ;
#7797 =( NAMED_UNIT ( * ) SI_UNIT ( $, .STERADIAN. ) SOLID_ANGLE_UNIT ( ) );
#7798 = ADVANCED_FACE ( 'NONE', ( #4591 ), #7105, .T. ) ;
#7799 = DIRECTION ( 'NONE',  ( 2.985768325466478400E-031, -6.902532920683852400E-031, -1.000000000000000000 ) ) ;
#7800 =( LENGTH_UNIT ( ) NAMED_UNIT ( * ) SI_UNIT ( $, .METRE. ) );
#7801 = AXIS2_PLACEMENT_3D ( 'NONE', #164, #4966, #845 ) ;
#7802 = UNCERTAINTY_MEASURE_WITH_UNIT (LENGTH_MEASURE( 1.000000000000000100E-005 ), #1100, 'distance_accuracy_value', 'NONE');
#7803 = EDGE_CURVE ( 'NONE', #6084, #7510, #55, .T. ) ;
#7805 = DIRECTION ( 'NONE',  ( 7.472189016151557300E-032, 6.165649696520689200E-033, 1.000000000000000000 ) ) ;
#7804 = SURFACE_STYLE_USAGE ( .BOTH. , #3102 ) ;
#7806 =( CONVERSION_BASED_UNIT ( 'INCH', #7830 ) LENGTH_UNIT ( ) NAMED_UNIT ( #5553 ) );
#7807 = DIMENSIONAL_EXPONENTS ( 1.000000000000000000, 0.0000000000000000000, 0.0000000000000000000, 0.0000000000000000000, 0.0000000000000000000, 0.0000000000000000000, 0.0000000000000000000 ) ;
#7808 = PRESENTATION_STYLE_ASSIGNMENT (( #7042 ) ) ;
#7809 = LINE ( 'NONE', #5951, #780 ) ;
#7810 = FACE_OUTER_BOUND ( 'NONE', #8798, .T. ) ;
#7811 = SURFACE_SIDE_STYLE ('',( #6990 ) ) ;
#7812 = EDGE_LOOP ( 'NONE', ( #6870, #199 ) ) ;
#7814 = DIRECTION ( 'NONE',  ( -5.488649147188717800E-016, 0.0000000000000000000, -1.000000000000000000 ) ) ;
#7813 = SURFACE_SIDE_STYLE ('',( #7880 ) ) ;
#7815 = ADVANCED_FACE ( 'NONE', ( #3738 ), #2654, .F. ) ;
#7816 = AXIS2_PLACEMENT_3D ( 'NONE', #4527, #3174, #7892 ) ;
#7817 = CARTESIAN_POINT ( 'NONE',  ( -0.6735923040457794100, -0.2835540070167274500, -1.546958371853069500 ) ) ;
#7818 = VECTOR ( 'NONE', #6325, 39.37007874015748100 ) ;
#7819 = EDGE_LOOP ( 'NONE', ( #3234, #4159 ) ) ;
#7820 = PRESENTATION_STYLE_ASSIGNMENT (( #706 ) ) ;
#7821 = STYLED_ITEM ( 'NONE', ( #1616 ), #1144 ) ;
#7822 = MECHANICAL_DESIGN_GEOMETRIC_PRESENTATION_REPRESENTATION (  '', ( #6931 ), #8289 ) ;
#7823 = AXIS2_PLACEMENT_3D ( 'NONE', #6124, #2054, #6797 ) ;
#7824 = ORIENTED_EDGE ( 'NONE', *, *, #2838, .T. ) ;
#7825 = DIRECTION ( 'NONE',  ( 0.0000000000000000000, -1.000000000000000000, 2.054021047867864900E-016 ) ) ;
#7826 = VERTEX_POINT ( 'NONE', #2625 ) ;
#7827 =( CONVERSION_BASED_UNIT ( 'INCH', #513 ) LENGTH_UNIT ( ) NAMED_UNIT ( #3360 ) );
#7828 = VECTOR ( 'NONE', #2368, 39.37007874015748100 ) ;
#7829 = ORIENTED_EDGE ( 'NONE', *, *, #4396, .T. ) ;
#7830 = LENGTH_MEASURE_WITH_UNIT ( LENGTH_MEASURE( 0.02539999999999999900 ), #3104 );
#7831 = SURFACE_STYLE_USAGE ( .BOTH. , #3127 ) ;
#7832 = SURFACE_STYLE_FILL_AREA ( #979 ) ;
#7833 = DIRECTION ( 'NONE',  ( -1.000000000000000000, 0.0000000000000000000, 0.0000000000000000000 ) ) ;
#7834 = FILL_AREA_STYLE ('',( #8460 ) ) ;
#7835 = EDGE_LOOP ( 'NONE', ( #4997, #6695, #1543, #7244 ) ) ;
#7836 =( LENGTH_UNIT ( ) NAMED_UNIT ( * ) SI_UNIT ( $, .METRE. ) );
#7837 = AXIS2_PLACEMENT_3D ( 'NONE', #3644, #8346, #4317 ) ;
#7838 = TOROIDAL_SURFACE ( 'NONE', #7935, 0.2155537069039520600, 0.04799345780212511300 ) ;
#7839 = ORIENTED_EDGE ( 'NONE', *, *, #8060, .T. ) ;
#7841 = SURFACE_STYLE_USAGE ( .BOTH. , #3135 ) ;
#7840 = CARTESIAN_POINT ( 'NONE',  ( -0.5195325017630959600, -0.2620657326823830300, -1.539000000000018100 ) ) ;
#7842 = DIRECTION ( 'NONE',  ( -0.0000000000000000000, 2.060207047528567500E-016, 1.000000000000000000 ) ) ;
#7843 = ORIENTED_EDGE ( 'NONE', *, *, #8372, .T. ) ;
#7844 = ORIENTED_EDGE ( 'NONE', *, *, #6179, .T. ) ;
#7845 = MECHANICAL_DESIGN_GEOMETRIC_PRESENTATION_REPRESENTATION (  '', ( #6954 ), #8310 ) ;
#7846 = DIRECTION ( 'NONE',  ( -1.000000000000000000, -1.110344196660504600E-031, -1.923836615256525400E-016 ) ) ;
#7847 = ADVANCED_FACE ( 'NONE', ( #4689 ), #7203, .T. ) ;
#7848 = FACE_BOUND ( 'NONE', #3038, .T. ) ;
#7849 = DIRECTION ( 'NONE',  ( -9.726753936418404900E-033, -1.224606353822377300E-016, -1.000000000000000000 ) ) ;
#7850 = FACE_OUTER_BOUND ( 'NONE', #5132, .T. ) ;
#7851 = FILL_AREA_STYLE ('',( #5877 ) ) ;
#7852 = ORIENTED_EDGE ( 'NONE', *, *, #4006, .F. ) ;
#7853 = DIRECTION ( 'NONE',  ( -5.389556073798635700E-015, -1.412857278674264800E-015, -1.000000000000000000 ) ) ;
#7854 = ORIENTED_EDGE ( 'NONE', *, *, #5521, .T. ) ;
#7855 = CYLINDRICAL_SURFACE ( 'NONE', #3535, 0.08600000000000010400 ) ;
#7856 = EDGE_LOOP ( 'NONE', ( #1255, #3450, #162, #2590 ) ) ;
#7857 = EDGE_CURVE ( 'NONE', #5577, #1133, #2001, .T. ) ;
#7858 = DIRECTION ( 'NONE',  ( -1.224646799147353200E-016, 1.000000000000000000, 0.0000000000000000000 ) ) ;
#7859 = FACE_OUTER_BOUND ( 'NONE', #1460, .T. ) ;
#7860 = CARTESIAN_POINT ( 'NONE',  ( -0.5195325017630959600, -0.2620657326823830300, -1.539000000000018100 ) ) ;
#7861 = AXIS2_PLACEMENT_3D ( 'NONE', #5502, #1402, #6177 ) ;
#7862 = DIRECTION ( 'NONE',  ( 1.317611572550687700E-015, -0.0000000000000000000, -1.000000000000000000 ) ) ;
#7863 = VERTEX_POINT ( 'NONE', #6714 ) ;
#7864 = LINE ( 'NONE', #1638, #2694 ) ;
#7865 = AXIS2_PLACEMENT_3D ( 'NONE', #4373, #257, #5059 ) ;
#7866 = DIRECTION ( 'NONE',  ( -0.0000000000000000000, -0.0000000000000000000, -1.000000000000000000 ) ) ;
#7867 = ADVANCED_FACE ( 'NONE', ( #5418 ), #2975, .T. ) ;
#7868 = UNCERTAINTY_MEASURE_WITH_UNIT (LENGTH_MEASURE( 1.000000000000000100E-005 ), #4329, 'distance_accuracy_value', 'NONE');
#7869 = CARTESIAN_POINT ( 'NONE',  ( -0.5572000625503480400, -0.2637801361603711600, -1.575159384466369200 ) ) ;
#7870 = CARTESIAN_POINT ( 'NONE',  ( -0.3732875163485828200, -0.3315016303536155200, -0.8895780908448964700 ) ) ;
#7871 = DIRECTION ( 'NONE',  ( -0.0000000000000000000, -0.0000000000000000000, 1.000000000000000000 ) ) ;
#7872 = CONICAL_SURFACE ( 'NONE', #2101, 0.3800000000000005000, 0.5557047880863370500 ) ;
#7873 = FACE_OUTER_BOUND ( 'NONE', #429, .T. ) ;
#7874 = ORIENTED_EDGE ( 'NONE', *, *, #8448, .F. ) ;
#7875 = CIRCLE ( 'NONE', #8302, 0.1419999999999998800 ) ;
#7877 = CARTESIAN_POINT ( 'NONE',  ( -0.7282875163485818000, -0.7065016303536159100, -0.7220000000000004200 ) ) ;
#7876 = CARTESIAN_POINT ( 'NONE',  ( -0.5195325017630959600, -0.2620657326823830300, -1.539000000000018100 ) ) ;
#7878 =( NAMED_UNIT ( * ) SI_UNIT ( $, .STERADIAN. ) SOLID_ANGLE_UNIT ( ) );
#7879 = MECHANICAL_DESIGN_GEOMETRIC_PRESENTATION_REPRESENTATION (  '', ( #6975 ), #8330 ) ;
#7880 = SURFACE_STYLE_FILL_AREA ( #3113 ) ;
#7881 =( NAMED_UNIT ( * ) SI_UNIT ( $, .STERADIAN. ) SOLID_ANGLE_UNIT ( ) );
#7882 = FACE_OUTER_BOUND ( 'NONE', #3780, .T. ) ;
#7883 =( LENGTH_UNIT ( ) NAMED_UNIT ( * ) SI_UNIT ( $, .METRE. ) );
#7884 = AXIS2_PLACEMENT_3D ( 'NONE', #6471, #2404, #7153 ) ;
#7885 = EDGE_LOOP ( 'NONE', ( #695, #4232, #3065, #3225, #6478 ) ) ;
#7886 = MECHANICAL_DESIGN_GEOMETRIC_PRESENTATION_REPRESENTATION (  '', ( #6544 ), #8336 ) ;
#7887 = CIRCLE ( 'NONE', #6217, 0.3750000000000004400 ) ;
#7888 = DIRECTION ( 'NONE',  ( 1.000000000000000000, 0.0000000000000000000, 0.0000000000000000000 ) ) ;
#7889 =( NAMED_UNIT ( * ) PLANE_ANGLE_UNIT ( ) SI_UNIT ( $, .RADIAN. ) );
#7890 = EDGE_CURVE ( 'NONE', #6795, #8101, #1131, .T. ) ;
#7891 = PRESENTATION_STYLE_ASSIGNMENT (( #835 ) ) ;
#7892 = DIRECTION ( 'NONE',  ( 1.000000000000000000, 0.0000000000000000000, 0.0000000000000000000 ) ) ;
#7893 = ORIENTED_EDGE ( 'NONE', *, *, #1867, .T. ) ;
#7894 = VECTOR ( 'NONE', #1741, 39.37007874015748100 ) ;
#7895 = DIRECTION ( 'NONE',  ( 0.3156177166874306600, -0.9488864299340636900, 0.0000000000000000000 ) ) ;
#7896 = DIRECTION ( 'NONE',  ( -1.000000000000000000, 0.0000000000000000000, 0.0000000000000000000 ) ) ;
#7897 = SURFACE_SIDE_STYLE ('',( #3540 ) ) ;
#7898 = CARTESIAN_POINT ( 'NONE',  ( -0.7282875163485813500, -0.3315016303536165200, -0.4819583694385740600 ) ) ;
#7899 = MECHANICAL_DESIGN_GEOMETRIC_PRESENTATION_REPRESENTATION (  '', ( #6994 ), #8350 ) ;
#7900 = STYLED_ITEM ( 'NONE', ( #549 ), #6111 ) ;
#7901 = DIMENSIONAL_EXPONENTS ( 1.000000000000000000, 0.0000000000000000000, 0.0000000000000000000, 0.0000000000000000000, 0.0000000000000000000, 0.0000000000000000000, 0.0000000000000000000 ) ;
#7902 =( LENGTH_UNIT ( ) NAMED_UNIT ( * ) SI_UNIT ( $, .METRE. ) );
#7903 = EDGE_CURVE ( 'NONE', #5051, #4264, #5630, .T. ) ;
#7904 = SURFACE_STYLE_USAGE ( .BOTH. , #3185 ) ;
#7905 = CARTESIAN_POINT ( 'NONE',  ( -0.9043758790672358200, -0.3697210731289153300, -1.571496305302385800 ) ) ;
#7906 = COLOUR_RGB ( '',0.5019607843137254800, 0.5019607843137254800, 0.5019607843137254800 ) ;
#7907 = CARTESIAN_POINT ( 'NONE',  ( -0.9072875163485908400, -0.3315016303536181300, -1.704000000000018200 ) ) ;
#7908 = PRESENTATION_LAYER_ASSIGNMENT (  '', '', ( #7457 ) ) ;
#7910 =( NAMED_UNIT ( * ) SI_UNIT ( $, .STERADIAN. ) SOLID_ANGLE_UNIT ( ) );
#7909 = CARTESIAN_POINT ( 'NONE',  ( -0.7282875163485818000, -0.3315016303536159600, 0.2549999999999985100 ) ) ;
#7911 = LINE ( 'NONE', #8238, #6121 ) ;
#7912 = SURFACE_STYLE_FILL_AREA ( #1371 ) ;
#7913 = DIRECTION ( 'NONE',  ( 1.000000000000000000, 0.0000000000000000000, -5.812442539711189900E-015 ) ) ;
#7914 = PLANE ( 'NONE',  #660 ) ;
#7915 = EDGE_CURVE ( 'NONE', #1671, #2466, #4577, .T. ) ;
#7916 = DIRECTION ( 'NONE',  ( 1.000000000000000000, 0.0000000000000000000, 0.0000000000000000000 ) ) ;
#7917 = FILL_AREA_STYLE ('',( #388 ) ) ;
#7918 = DIRECTION ( 'NONE',  ( -1.220408817397570400E-016, 1.013066643420215200E-017, 1.000000000000000000 ) ) ;
#7919 = ADVANCED_FACE ( 'NONE', ( #8143 ), #45, .T. ) ;
#7920 = MECHANICAL_DESIGN_GEOMETRIC_PRESENTATION_REPRESENTATION (  '', ( #7022 ), #8374 ) ;
#7921 = UNCERTAINTY_MEASURE_WITH_UNIT (LENGTH_MEASURE( 1.000000000000000100E-005 ), #826, 'distance_accuracy_value', 'NONE');
#7922 = FILL_AREA_STYLE ('',( #6572 ) ) ;
#7923 = FILL_AREA_STYLE_COLOUR ( '', #1232 ) ;
#7924 = CARTESIAN_POINT ( 'NONE',  ( -0.8842875163460980300, -0.3315016303536163500, -0.4819583694385741200 ) ) ;
#7925 = VECTOR ( 'NONE', #2198, 39.37007874015748900 ) ;
#7926 = CARTESIAN_POINT ( 'NONE',  ( -0.7282875163485668100, 0.1994983696463852600, -1.365923996832131600E-015 ) ) ;
#7927 = UNCERTAINTY_MEASURE_WITH_UNIT (LENGTH_MEASURE( 1.000000000000000100E-005 ), #3878, 'distance_accuracy_value', 'NONE');
#7928 = FILL_AREA_STYLE_COLOUR ( '', #7447 ) ;
#7929 =( CONVERSION_BASED_UNIT ( 'INCH', #7781 ) LENGTH_UNIT ( ) NAMED_UNIT ( #8648 ) );
#7930 = PRESENTATION_STYLE_ASSIGNMENT (( #3129 ) ) ;
#7931 = PRESENTATION_LAYER_ASSIGNMENT (  '', '', ( #7036 ) ) ;
#7932 = CIRCLE ( 'NONE', #4865, 0.2149999999999997500 ) ;
#7933 = SURFACE_STYLE_FILL_AREA ( #2477 ) ;
#7934 = PRESENTATION_STYLE_ASSIGNMENT (( #2051 ) ) ;
#7935 = AXIS2_PLACEMENT_3D ( 'NONE', #737, #6246, #2183 ) ;
#7937 = DIRECTION ( 'NONE',  ( 0.0000000000000000000, -1.000000000000000000, -7.284927983104693000E-016 ) ) ;
#7936 = STYLED_ITEM ( 'NONE', ( #7145 ), #7177 ) ;
#7938 = EDGE_LOOP ( 'NONE', ( #4149, #7629, #6930, #6599 ) ) ;
#7939 = DIRECTION ( 'NONE',  ( 2.985768325466478400E-031, -6.902532920683853300E-031, -1.000000000000000000 ) ) ;
#7940 = EDGE_CURVE ( 'NONE', #2780, #8678, #1891, .T. ) ;
#7941 = CYLINDRICAL_SURFACE ( 'NONE', #514, 0.2475000000000015200 ) ;
#7942 = VERTEX_POINT ( 'NONE', #1374 ) ;
#7943 = LINE ( 'NONE', #1865, #6153 ) ;
#7945 =( NAMED_UNIT ( * ) PLANE_ANGLE_UNIT ( ) SI_UNIT ( $, .RADIAN. ) );
#7944 = CIRCLE ( 'NONE', #1552, 0.3847549984779933800 ) ;
#7946 = SURFACE_STYLE_USAGE ( .BOTH. , #3241 ) ;
#7947 = COLOUR_RGB ( '',0.5019607843137254800, 0.5019607843137254800, 0.5019607843137254800 ) ;
#7948 = ORIENTED_EDGE ( 'NONE', *, *, #7890, .T. ) ;
#7949 = STYLED_ITEM ( 'NONE', ( #2810 ), #1435 ) ;
#7950 = AXIS2_PLACEMENT_3D ( 'NONE', #7840, #3817, #8533 ) ;
#7951 = MECHANICAL_DESIGN_GEOMETRIC_PRESENTATION_REPRESENTATION (  '', ( #7060 ), #8408 ) ;
#7952 = ORIENTED_EDGE ( 'NONE', *, *, #612, .T. ) ;
#7953 = ORIENTED_EDGE ( 'NONE', *, *, #5377, .F. ) ;
#7954 = CONICAL_SURFACE ( 'NONE', #8785, 0.6650000000000008100, 0.7853981633974488300 ) ;
#7955 = EDGE_CURVE ( 'NONE', #6284, #6048, #7303, .T. ) ;
#7956 = DIRECTION ( 'NONE',  ( 1.000000000000000000, 3.219989135768767200E-045, 1.476674591169866100E-015 ) ) ;
#7957 = DIRECTION ( 'NONE',  ( -9.726753936418404900E-033, -1.224606353822377300E-016, -1.000000000000000000 ) ) ;
#7958 = DIMENSIONAL_EXPONENTS ( 1.000000000000000000, 0.0000000000000000000, 0.0000000000000000000, 0.0000000000000000000, 0.0000000000000000000, 0.0000000000000000000, 0.0000000000000000000 ) ;
#7959 = VERTEX_POINT ( 'NONE', #5478 ) ;
#7960 =( LENGTH_UNIT ( ) NAMED_UNIT ( * ) SI_UNIT ( $, .METRE. ) );
#7961 = FILL_AREA_STYLE_COLOUR ( '', #5363 ) ;
#7962 = LINE ( 'NONE', #8657, #703 ) ;
#7963 = ORIENTED_EDGE ( 'NONE', *, *, #260, .F. ) ;
#7964 = ADVANCED_FACE ( 'NONE', ( #5515 ), #2644, .T. ) ;
#7965 =( NAMED_UNIT ( * ) SI_UNIT ( $, .STERADIAN. ) SOLID_ANGLE_UNIT ( ) );
#7966 = ORIENTED_EDGE ( 'NONE', *, *, #3769, .F. ) ;
#7967 = COLOUR_RGB ( '',0.5019607843137254800, 0.5019607843137254800, 0.5019607843137254800 ) ;
#7968 = DIRECTION ( 'NONE',  ( -1.774952849390946600E-032, 1.224606353822380000E-016, -1.000000000000000000 ) ) ;
#7969 = FACE_OUTER_BOUND ( 'NONE', #4368, .T. ) ;
#7970 =( GEOMETRIC_REPRESENTATION_CONTEXT ( 3 ) GLOBAL_UNCERTAINTY_ASSIGNED_CONTEXT ( ( #8348 ) ) GLOBAL_UNIT_ASSIGNED_CONTEXT ( ( #1918, #6665, #2607 ) ) REPRESENTATION_CONTEXT ( 'NONE', 'WORKASPACE' ) );
#7971 = CARTESIAN_POINT ( 'NONE',  ( -0.8714145848447536500, -0.4186284307238892800, -1.539000000000018100 ) ) ;
#7972 = EDGE_LOOP ( 'NONE', ( #3732, #7223, #4214, #5163 ) ) ;
#7973 = SURFACE_STYLE_FILL_AREA ( #6919 ) ;
#7974 = FACE_BOUND ( 'NONE', #7418, .T. ) ;
#7975 = UNCERTAINTY_MEASURE_WITH_UNIT (LENGTH_MEASURE( 1.000000000000000100E-005 ), #3468, 'distance_accuracy_value', 'NONE');
#7976 = ORIENTED_EDGE ( 'NONE', *, *, #8559, .T. ) ;
#7977 = COLOUR_RGB ( '',0.5019607843137254800, 0.5019607843137254800, 0.5019607843137254800 ) ;
#7978 = MECHANICAL_DESIGN_GEOMETRIC_PRESENTATION_REPRESENTATION (  '', ( #7080 ), #8423 ) ;
#7979 = CARTESIAN_POINT ( 'NONE',  ( -0.7154901923239682700, -0.3541340959243166100, -1.599000000000018600 ) ) ;
#7980 = ORIENTED_EDGE ( 'NONE', *, *, #1362, .T. ) ;
#7981 =( NAMED_UNIT ( * ) SI_UNIT ( $, .STERADIAN. ) SOLID_ANGLE_UNIT ( ) );
#7982 = DIRECTION ( 'NONE',  ( 9.726753936418404900E-033, 1.224606353822377300E-016, 1.000000000000000000 ) ) ;
#7983 = CARTESIAN_POINT ( 'NONE',  ( -0.7282875163485814700, -0.3315016303536155200, -0.8867329652895077400 ) ) ;
#7984 = CIRCLE ( 'NONE', #1221, 0.1434999999999999900 ) ;
#7985 =( NAMED_UNIT ( * ) SI_UNIT ( $, .STERADIAN. ) SOLID_ANGLE_UNIT ( ) );
#7986 = VERTEX_POINT ( 'NONE', #4799 ) ;
#7987 = FACE_OUTER_BOUND ( 'NONE', #6007, .T. ) ;
#7988 = EDGE_CURVE ( 'NONE', #579, #7122, #4675, .T. ) ;
#7989 = VERTEX_POINT ( 'NONE', #4854 ) ;
#7990 = DIRECTION ( 'NONE',  ( 1.000000000000000000, 0.0000000000000000000, -3.520422672247765700E-016 ) ) ;
#7991 = UNCERTAINTY_MEASURE_WITH_UNIT (LENGTH_MEASURE( 1.000000000000000100E-005 ), #7210, 'distance_accuracy_value', 'NONE');
#7992 =( LENGTH_UNIT ( ) NAMED_UNIT ( * ) SI_UNIT ( $, .METRE. ) );
#7993 = CARTESIAN_POINT ( 'NONE',  ( -0.7282875163485882400, -0.3315016303536172900, -1.599000000000018600 ) ) ;
#7994 = CARTESIAN_POINT ( 'NONE',  ( -0.7282875163485816900, -0.3315016303536156800, -1.349538768355159800 ) ) ;
#7995 =( GEOMETRIC_REPRESENTATION_CONTEXT ( 3 ) GLOBAL_UNCERTAINTY_ASSIGNED_CONTEXT ( ( #6915 ) ) GLOBAL_UNIT_ASSIGNED_CONTEXT ( ( #1360, #6135, #2063 ) ) REPRESENTATION_CONTEXT ( 'NONE', 'WORKASPACE' ) );
#7996 = DIRECTION ( 'NONE',  ( -0.9488864299340639100, -0.3156177166874298800, 5.559999410096617800E-015 ) ) ;
#7997 = CIRCLE ( 'NONE', #1280, 0.3750000000000004400 ) ;
#7998 = ORIENTED_EDGE ( 'NONE', *, *, #8818, .F. ) ;
#7999 = EDGE_CURVE ( 'NONE', #3318, #3358, #1019, .T. ) ;
#8000 = CARTESIAN_POINT ( 'NONE',  ( -0.7282875163485818000, -0.3315016303536155200, 0.02223988196073611200 ) ) ;
#8001 = EDGE_CURVE ( 'NONE', #5794, #6167, #6249, .T. ) ;
#8002 =( NAMED_UNIT ( * ) SI_UNIT ( $, .STERADIAN. ) SOLID_ANGLE_UNIT ( ) );
#8003 = FACE_OUTER_BOUND ( 'NONE', #3187, .T. ) ;
#8004 = VECTOR ( 'NONE', #7423, 39.37007874015748100 ) ;
#8005 = ORIENTED_EDGE ( 'NONE', *, *, #7082, .F. ) ;
#8006 = LINE ( 'NONE', #3908, #743 ) ;
#8007 = CARTESIAN_POINT ( 'NONE',  ( -0.2684280269390437700, -0.5110016303536150100, -1.342307511554200900E-015 ) ) ;
#8008 = AXIS2_PLACEMENT_3D ( 'NONE', #6333, #2262, #6989 ) ;
#8009 = CARTESIAN_POINT ( 'NONE',  ( -0.09328751634858159500, -0.3315016303536159100, 0.2849999999999990900 ) ) ;
#8010 = CIRCLE ( 'NONE', #1700, 0.3199999999999998400 ) ;
#8011 = EDGE_CURVE ( 'NONE', #2786, #6280, #8039, .T. ) ;
#8012 = AXIS2_PLACEMENT_3D ( 'NONE', #636, #5435, #1320 ) ;
#8013 = PRESENTATION_LAYER_ASSIGNMENT (  '', '', ( #6652 ) ) ;
#8014 = CARTESIAN_POINT ( 'NONE',  ( 0.0000000000000000000, 0.0000000000000000000, 0.0000000000000000000 ) ) ;
#8015 = ADVANCED_FACE ( 'NONE', ( #7810 ), #5192, .T. ) ;
#8016 = ORIENTED_EDGE ( 'NONE', *, *, #7106, .F. ) ;
#8017 = FACE_OUTER_BOUND ( 'NONE', #3953, .T. ) ;
#8018 = SURFACE_SIDE_STYLE ('',( #5525 ) ) ;
#8019 = CARTESIAN_POINT ( 'NONE',  ( -0.7282875163485818000, -0.3315016303536154600, -0.7220000000000000900 ) ) ;
#8020 = COLOUR_RGB ( '',0.5019607843137254800, 0.5019607843137254800, 0.5019607843137254800 ) ;
#8021 = CARTESIAN_POINT ( 'NONE',  ( -1.188147005758121600, 0.01999836964638054500, -1.274011311712594300E-015 ) ) ;
#8022 = DIRECTION ( 'NONE',  ( -0.0000000000000000000, -0.0000000000000000000, -1.000000000000000000 ) ) ;
#8023 = MECHANICAL_DESIGN_GEOMETRIC_PRESENTATION_REPRESENTATION (  '', ( #7120 ), #8462 ) ;
#8024 = DIMENSIONAL_EXPONENTS ( 1.000000000000000000, 0.0000000000000000000, 0.0000000000000000000, 0.0000000000000000000, 0.0000000000000000000, 0.0000000000000000000, 0.0000000000000000000 ) ;
#8025 = FILL_AREA_STYLE ('',( #4672 ) ) ;
#8026 = VECTOR ( 'NONE', #535, 39.37007874015748100 ) ;
#8027 = AXIS2_PLACEMENT_3D ( 'NONE', #6315, #2244, #6971 ) ;
#8028 =( NAMED_UNIT ( * ) SI_UNIT ( $, .STERADIAN. ) SOLID_ANGLE_UNIT ( ) );
#8029 = PRODUCT_DEFINITION ( 'UNKNOWN', '', #8481, #7219 ) ;
#8030 =( NAMED_UNIT ( * ) SI_UNIT ( $, .STERADIAN. ) SOLID_ANGLE_UNIT ( ) );
#8031 = DIMENSIONAL_EXPONENTS ( 1.000000000000000000, 0.0000000000000000000, 0.0000000000000000000, 0.0000000000000000000, 0.0000000000000000000, 0.0000000000000000000, 0.0000000000000000000 ) ;
#8032 = LENGTH_MEASURE_WITH_UNIT ( LENGTH_MEASURE( 0.02539999999999999900 ), #3792 );
#8033 = EDGE_CURVE ( 'NONE', #4939, #5955, #6978, .T. ) ;
#8034 = SURFACE_STYLE_USAGE ( .BOTH. , #3328 ) ;
#8035 = SURFACE_STYLE_USAGE ( .BOTH. , #3329 ) ;
#8036 =( GEOMETRIC_REPRESENTATION_CONTEXT ( 3 ) GLOBAL_UNCERTAINTY_ASSIGNED_CONTEXT ( ( #3285 ) ) GLOBAL_UNIT_ASSIGNED_CONTEXT ( ( #5981, #1896, #6649 ) ) REPRESENTATION_CONTEXT ( 'NONE', 'WORKASPACE' ) );
#8037 = FILL_AREA_STYLE ('',( #4637 ) ) ;
#8038 = PRESENTATION_LAYER_ASSIGNMENT (  '', '', ( #7576 ) ) ;
#8039 = CIRCLE ( 'NONE', #4050, 0.1890000000000007800 ) ;
#8040 = FILL_AREA_STYLE_COLOUR ( '', #2078 ) ;
#8041 = EDGE_LOOP ( 'NONE', ( #3749, #6295, #8265, #6683 ) ) ;
#8042 = CARTESIAN_POINT ( 'NONE',  ( -0.7282875163485882400, -0.3315016303536172900, -1.599000000000018600 ) ) ;
#8043 = DIMENSIONAL_EXPONENTS ( 1.000000000000000000, 0.0000000000000000000, 0.0000000000000000000, 0.0000000000000000000, 0.0000000000000000000, 0.0000000000000000000, 0.0000000000000000000 ) ;
#8044 =( NAMED_UNIT ( * ) SI_UNIT ( $, .STERADIAN. ) SOLID_ANGLE_UNIT ( ) );
#8045 = CIRCLE ( 'NONE', #6472, 0.3800000000000004500 ) ;
#8046 = ORIENTED_EDGE ( 'NONE', *, *, #2884, .F. ) ;
#8047 = CIRCLE ( 'NONE', #8644, 0.1554999999999998900 ) ;
#8048 = ADVANCED_FACE ( 'NONE', ( #8771 ), #670, .T. ) ;
#8049 = CARTESIAN_POINT ( 'NONE',  ( -1.363287516348582000, -0.3315016303536159600, 0.2849999999999992000 ) ) ;
#8050 = ORIENTED_EDGE ( 'NONE', *, *, #5286, .T. ) ;
#8051 = DIRECTION ( 'NONE',  ( -1.000000000000000000, 0.0000000000000000000, 0.0000000000000000000 ) ) ;
#8052 = ORIENTED_EDGE ( 'NONE', *, *, #5995, .F. ) ;
#8053 = DIRECTION ( 'NONE',  ( 1.000000000000000000, 0.0000000000000000000, 0.0000000000000000000 ) ) ;
#8054 = COLOUR_RGB ( '',0.5019607843137254800, 0.5019607843137254800, 0.5019607843137254800 ) ;
#8055 = ORIENTED_EDGE ( 'NONE', *, *, #6827, .T. ) ;
#8056 = CIRCLE ( 'NONE', #5861, 0.3230726718553442200 ) ;
#8057 = MECHANICAL_DESIGN_GEOMETRIC_PRESENTATION_REPRESENTATION (  '', ( #7163 ), #8509 ) ;
#8058 =( GEOMETRIC_REPRESENTATION_CONTEXT ( 3 ) GLOBAL_UNCERTAINTY_ASSIGNED_CONTEXT ( ( #3921 ) ) GLOBAL_UNIT_ASSIGNED_CONTEXT ( ( #5998, #1914, #6658 ) ) REPRESENTATION_CONTEXT ( 'NONE', 'WORKASPACE' ) );
#8059 = LINE ( 'NONE', #872, #2879 ) ;
#8060 = EDGE_CURVE ( 'NONE', #7428, #1089, #4344, .T. ) ;
#8061 = ORIENTED_EDGE ( 'NONE', *, *, #5364, .F. ) ;
#8062 = ORIENTED_EDGE ( 'NONE', *, *, #4400, .T. ) ;
#8063 = DIMENSIONAL_EXPONENTS ( 1.000000000000000000, 0.0000000000000000000, 0.0000000000000000000, 0.0000000000000000000, 0.0000000000000000000, 0.0000000000000000000, 0.0000000000000000000 ) ;
#8064 = ORIENTED_EDGE ( 'NONE', *, *, #5210, .F. ) ;
#8065 = FACE_BOUND ( 'NONE', #723, .T. ) ;
#8066 =( LENGTH_UNIT ( ) NAMED_UNIT ( * ) SI_UNIT ( $, .METRE. ) );
#8067 = EDGE_LOOP ( 'NONE', ( #5740, #2242, #7179, #127 ) ) ;
#8068 = PRESENTATION_LAYER_ASSIGNMENT (  '', '', ( #6717 ) ) ;
#8069 = AXIS2_PLACEMENT_3D ( 'NONE', #1429, #6216, #2137 ) ;
#8070 =( NAMED_UNIT ( * ) SI_UNIT ( $, .STERADIAN. ) SOLID_ANGLE_UNIT ( ) );
#8071 = LENGTH_MEASURE_WITH_UNIT ( LENGTH_MEASURE( 0.02539999999999999900 ), #4244 );
#8072 = EDGE_LOOP ( 'NONE', ( #8389, #68, #7002, #2919 ) ) ;
#8073 = EDGE_CURVE ( 'NONE', #4079, #7018, #2747, .T. ) ;
#8074 = SURFACE_SIDE_STYLE ('',( #490 ) ) ;
#8076 = CARTESIAN_POINT ( 'NONE',  ( -0.6935678602895279900, -0.3958329118315083700, -1.546958367249528400 ) ) ;
#8075 = SURFACE_STYLE_USAGE ( .BOTH. , #3361 ) ;
#8077 = ORIENTED_EDGE ( 'NONE', *, *, #2749, .F. ) ;
#8078 = FILL_AREA_STYLE ('',( #3363 ) ) ;
#8079 = COLOUR_RGB ( '',0.5019607843137254800, 0.5019607843137254800, 0.5019607843137254800 ) ;
#8080 = PRESENTATION_LAYER_ASSIGNMENT (  '', '', ( #7184 ) ) ;
#8081 = CARTESIAN_POINT ( 'NONE',  ( -0.8757875163485813200, -0.3315016303536160700, -1.119005744536216900 ) ) ;
#8082 = PRESENTATION_STYLE_ASSIGNMENT (( #6738 ) ) ;
#8083 = CARTESIAN_POINT ( 'NONE',  ( -0.7282875163485819100, -0.3315016303536162400, -0.9299583694396620400 ) ) ;
#8084 = PRESENTATION_LAYER_ASSIGNMENT (  '', '', ( #7623 ) ) ;
#8085 = UNCERTAINTY_MEASURE_WITH_UNIT (LENGTH_MEASURE( 1.000000000000000100E-005 ), #4076, 'distance_accuracy_value', 'NONE');
#8086 = ORIENTED_EDGE ( 'NONE', *, *, #2449, .T. ) ;
#8087 = DIRECTION ( 'NONE',  ( -9.529702303502999400E-016, 0.0000000000000000000, 1.000000000000000000 ) ) ;
#8088 = LENGTH_MEASURE_WITH_UNIT ( LENGTH_MEASURE( 0.02539999999999999900 ), #3879 );
#8089 = EDGE_CURVE ( 'NONE', #2780, #3072, #6136, .T. ) ;
#8090 = DIRECTION ( 'NONE',  ( -1.000000000000000000, 0.0000000000000000000, 0.0000000000000000000 ) ) ;
#8091 = SURFACE_STYLE_FILL_AREA ( #8693 ) ;
#8092 = VECTOR ( 'NONE', #7299, 39.37007874015748100 ) ;
#8093 = AXIS2_PLACEMENT_3D ( 'NONE', #1252, #6031, #1958 ) ;
#8094 = DIRECTION ( 'NONE',  ( -0.0000000000000000000, -0.0000000000000000000, -1.000000000000000000 ) ) ;
#8095 =( NAMED_UNIT ( * ) SI_UNIT ( $, .STERADIAN. ) SOLID_ANGLE_UNIT ( ) );
#8096 = ORIENTED_EDGE ( 'NONE', *, *, #8604, .F. ) ;
#8098 = ADVANCED_FACE ( 'NONE', ( #905 ), #5087, .T. ) ;
#8097 = UNCERTAINTY_MEASURE_WITH_UNIT (LENGTH_MEASURE( 1.000000000000000100E-005 ), #2513, 'distance_accuracy_value', 'NONE');
#8099 = CIRCLE ( 'NONE', #436, 0.04700000000000006900 ) ;
#8100 = COLOUR_RGB ( '',0.5019607843137254800, 0.5019607843137254800, 0.5019607843137254800 ) ;
#8101 = VERTEX_POINT ( 'NONE', #2983 ) ;
#8102 = CARTESIAN_POINT ( 'NONE',  ( -0.7752875163485882800, -0.3315016303536172900, -1.599000000000018400 ) ) ;
#8103 = PRESENTATION_LAYER_ASSIGNMENT (  '', '', ( #8555 ) ) ;
#8104 = LINE ( 'NONE', #3312, #6334 ) ;
#8105 =( CONVERSION_BASED_UNIT ( 'INCH', #5133 ) LENGTH_UNIT ( ) NAMED_UNIT ( #1912 ) );
#8106 = AXIS2_PLACEMENT_3D ( 'NONE', #6469, #2399, #7149 ) ;
#8107 = ORIENTED_EDGE ( 'NONE', *, *, #3239, .F. ) ;
#8108 = PRESENTATION_STYLE_ASSIGNMENT (( #7841 ) ) ;
#8109 = EDGE_CURVE ( 'NONE', #5333, #8254, #332, .T. ) ;
#8110 = CARTESIAN_POINT ( 'NONE',  ( -0.5614891191008711800, -0.3155413122284022000, -1.539000000000018800 ) ) ;
#8111 = COLOUR_RGB ( '',0.5019607843137254800, 0.5019607843137254800, 0.5019607843137254800 ) ;
#8112 = FILL_AREA_STYLE ('',( #7433 ) ) ;
#8113 = LENGTH_MEASURE_WITH_UNIT ( LENGTH_MEASURE( 0.02539999999999999900 ), #4920 );
#8114 = LINE ( 'NONE', #6966, #4549 ) ;
#8115 =( LENGTH_UNIT ( ) NAMED_UNIT ( * ) SI_UNIT ( $, .METRE. ) );
#8116 = STYLED_ITEM ( 'NONE', ( #848 ), #1268 ) ;
#8117 = MECHANICAL_DESIGN_GEOMETRIC_PRESENTATION_REPRESENTATION (  '', ( #6330 ), #8571 ) ;
#8118 =( GEOMETRIC_REPRESENTATION_CONTEXT ( 3 ) GLOBAL_UNCERTAINTY_ASSIGNED_CONTEXT ( ( #6887 ) ) GLOBAL_UNIT_ASSIGNED_CONTEXT ( ( #2931, #7648, #3620 ) ) REPRESENTATION_CONTEXT ( 'NONE', 'WORKASPACE' ) );
#8119 =( CONVERSION_BASED_UNIT ( 'INCH', #4974 ) LENGTH_UNIT ( ) NAMED_UNIT ( #4943 ) );
#8120 = PRESENTATION_STYLE_ASSIGNMENT (( #4221 ) ) ;
#8121 = UNCERTAINTY_MEASURE_WITH_UNIT (LENGTH_MEASURE( 1.000000000000000100E-005 ), #6702, 'distance_accuracy_value', 'NONE');
#8123 = CARTESIAN_POINT ( 'NONE',  ( -0.5195325017630959600, -0.2620657326823830300, -1.539000000000018100 ) ) ;
#8122 = DIRECTION ( 'NONE',  ( 1.000000000000000000, 0.0000000000000000000, -5.812442539711189900E-015 ) ) ;
#8124 = DIRECTION ( 'NONE',  ( 0.0000000000000000000, 1.000000000000000000, 0.0000000000000000000 ) ) ;
#8125 = DIRECTION ( 'NONE',  ( -0.0000000000000000000, -0.0000000000000000000, -1.000000000000000000 ) ) ;
#8126 = DIMENSIONAL_EXPONENTS ( 1.000000000000000000, 0.0000000000000000000, 0.0000000000000000000, 0.0000000000000000000, 0.0000000000000000000, 0.0000000000000000000, 0.0000000000000000000 ) ;
#8128 = CARTESIAN_POINT ( 'NONE',  ( -0.5756070940952949800, -0.3315016303536152400, -1.216958369439662000 ) ) ;
#8127 = DIRECTION ( 'NONE',  ( 0.0000000000000000000, -1.000000000000000000, 0.0000000000000000000 ) ) ;
#8129 = SURFACE_STYLE_FILL_AREA ( #3949 ) ;
#8130 =( NAMED_UNIT ( * ) SI_UNIT ( $, .STERADIAN. ) SOLID_ANGLE_UNIT ( ) );
#8131 = CIRCLE ( 'NONE', #7357, 0.08600000000000011800 ) ;
#8132 = CARTESIAN_POINT ( 'NONE',  ( -0.7282875163485814700, -0.3315016303536152400, -1.526958369439661800 ) ) ;
#8133 =( LENGTH_UNIT ( ) NAMED_UNIT ( * ) SI_UNIT ( $, .METRE. ) );
#8134 = FILL_AREA_STYLE_COLOUR ( '', #3736 ) ;
#8135 = LENGTH_MEASURE_WITH_UNIT ( LENGTH_MEASURE( 0.02539999999999999900 ), #2362 );
#8136 =( GEOMETRIC_REPRESENTATION_CONTEXT ( 3 ) GLOBAL_UNCERTAINTY_ASSIGNED_CONTEXT ( ( #5235 ) ) GLOBAL_UNIT_ASSIGNED_CONTEXT ( ( #3238, #7945, #3912 ) ) REPRESENTATION_CONTEXT ( 'NONE', 'WORKASPACE' ) );
#8137 = DIRECTION ( 'NONE',  ( -0.3156177166874300500, 0.9488864299340638000, 0.0000000000000000000 ) ) ;
#8138 = SURFACE_STYLE_FILL_AREA ( #2429 ) ;
#8139 = CARTESIAN_POINT ( 'NONE',  ( -0.7282875163485818000, -0.3315016303536155200, -1.092312662478476700 ) ) ;
#8140 = PRESENTATION_STYLE_ASSIGNMENT (( #1226 ) ) ;
#8141 = EDGE_CURVE ( 'NONE', #8488, #2645, #1658, .T. ) ;
#8142 = DIRECTION ( 'NONE',  ( -1.000000000000000000, 0.0000000000000000000, 0.0000000000000000000 ) ) ;
#8143 = FACE_OUTER_BOUND ( 'NONE', #2369, .T. ) ;
#8144 = ORIENTED_EDGE ( 'NONE', *, *, #4779, .F. ) ;
#8145 = DIMENSIONAL_EXPONENTS ( 1.000000000000000000, 0.0000000000000000000, 0.0000000000000000000, 0.0000000000000000000, 0.0000000000000000000, 0.0000000000000000000, 0.0000000000000000000 ) ;
#8146 = SURFACE_STYLE_USAGE ( .BOTH. , #3433 ) ;
#8147 = LENGTH_MEASURE_WITH_UNIT ( LENGTH_MEASURE( 0.02539999999999999900 ), #6547 );
#8148 =( GEOMETRIC_REPRESENTATION_CONTEXT ( 3 ) GLOBAL_UNCERTAINTY_ASSIGNED_CONTEXT ( ( #1532 ) ) GLOBAL_UNIT_ASSIGNED_CONTEXT ( ( #2583, #7316, #3284 ) ) REPRESENTATION_CONTEXT ( 'NONE', 'WORKASPACE' ) );
#8149 = ORIENTED_EDGE ( 'NONE', *, *, #1170, .T. ) ;
#8150 = LINE ( 'NONE', #1803, #923 ) ;
#8151 = DIRECTION ( 'NONE',  ( -7.472189016151557300E-032, -6.165649696520689200E-033, -1.000000000000000000 ) ) ;
#8152 = EDGE_LOOP ( 'NONE', ( #3227, #3752, #2473, #321 ) ) ;
#8153 = DIRECTION ( 'NONE',  ( -1.000000000000000000, 0.0000000000000000000, 0.0000000000000000000 ) ) ;
#8154 = DIRECTION ( 'NONE',  ( 1.220408817397570400E-016, -1.013066643420215200E-017, -1.000000000000000000 ) ) ;
#8155 = DIMENSIONAL_EXPONENTS ( 1.000000000000000000, 0.0000000000000000000, 0.0000000000000000000, 0.0000000000000000000, 0.0000000000000000000, 0.0000000000000000000, 0.0000000000000000000 ) ;
#8156 = FACE_OUTER_BOUND ( 'NONE', #3897, .T. ) ;
#8157 = VERTEX_POINT ( 'NONE', #4345 ) ;
#8158 = FACE_OUTER_BOUND ( 'NONE', #6197, .T. ) ;
#8159 = ORIENTED_EDGE ( 'NONE', *, *, #7435, .F. ) ;
#8160 = COLOUR_RGB ( '',0.5019607843137254800, 0.5019607843137254800, 0.5019607843137254800 ) ;
#8161 = AXIS2_PLACEMENT_3D ( 'NONE', #4157, #38, #4846 ) ;
#8162 = ORIENTED_EDGE ( 'NONE', *, *, #5364, .T. ) ;
#8163 = FILL_AREA_STYLE_COLOUR ( '', #6151 ) ;
#8164 = ORIENTED_EDGE ( 'NONE', *, *, #110, .T. ) ;
#8165 = AXIS2_PLACEMENT_3D ( 'NONE', #3254, #7968, #3927 ) ;
#8166 =( GEOMETRIC_REPRESENTATION_CONTEXT ( 3 ) GLOBAL_UNCERTAINTY_ASSIGNED_CONTEXT ( ( #48 ) ) GLOBAL_UNIT_ASSIGNED_CONTEXT ( ( #3722, #8421, #4392 ) ) REPRESENTATION_CONTEXT ( 'NONE', 'WORKASPACE' ) );
#8167 =( NAMED_UNIT ( * ) SI_UNIT ( $, .STERADIAN. ) SOLID_ANGLE_UNIT ( ) );
#8168 = ORIENTED_EDGE ( 'NONE', *, *, #3803, .T. ) ;
#8169 = EDGE_CURVE ( 'NONE', #2374, #198, #6861, .T. ) ;
#8170 = DIMENSIONAL_EXPONENTS ( 1.000000000000000000, 0.0000000000000000000, 0.0000000000000000000, 0.0000000000000000000, 0.0000000000000000000, 0.0000000000000000000, 0.0000000000000000000 ) ;
#8171 = ORIENTED_EDGE ( 'NONE', *, *, #555, .F. ) ;
#8172 = CARTESIAN_POINT ( 'NONE',  ( -0.7282875163485911200, -0.3315016303536180700, -1.539000000000017900 ) ) ;
#8173 = DIRECTION ( 'NONE',  ( -1.000000000000000000, 8.091966805877556300E-016, 8.091966805877556000E-017 ) ) ;
#8174 = CIRCLE ( 'NONE', #769, 0.04700000000000006900 ) ;
#8176 = CARTESIAN_POINT ( 'NONE',  ( -0.7282875163485911200, -0.3315016303536180700, -1.279000000001063500 ) ) ;
#8175 = FILL_AREA_STYLE_COLOUR ( '', #7094 ) ;
#8177 = ORIENTED_EDGE ( 'NONE', *, *, #7281, .T. ) ;
#8178 = MECHANICAL_DESIGN_GEOMETRIC_PRESENTATION_REPRESENTATION (  '', ( #6398 ), #8637 ) ;
#8179 =( GEOMETRIC_REPRESENTATION_CONTEXT ( 3 ) GLOBAL_UNCERTAINTY_ASSIGNED_CONTEXT ( ( #2439 ) ) GLOBAL_UNIT_ASSIGNED_CONTEXT ( ( #7242, #3193, #7910 ) ) REPRESENTATION_CONTEXT ( 'NONE', 'WORKASPACE' ) );
#8180 = DIRECTION ( 'NONE',  ( 1.324963830349198200E-016, -4.495203217082431200E-017, 1.000000000000000000 ) ) ;
#8181 = EDGE_CURVE ( 'NONE', #6413, #3072, #3488, .T. ) ;
#8182 = FILL_AREA_STYLE_COLOUR ( '', #4237 ) ;
#8184 =( NAMED_UNIT ( * ) PLANE_ANGLE_UNIT ( ) SI_UNIT ( $, .RADIAN. ) );
#8183 = DIRECTION ( 'NONE',  ( 0.0000000000000000000, 1.000000000000000000, 0.0000000000000000000 ) ) ;
#8185 =( LENGTH_UNIT ( ) NAMED_UNIT ( * ) SI_UNIT ( $, .METRE. ) );
#8186 = UNCERTAINTY_MEASURE_WITH_UNIT (LENGTH_MEASURE( 1.000000000000000100E-005 ), #6261, 'distance_accuracy_value', 'NONE');
#8187 = ORIENTED_EDGE ( 'NONE', *, *, #3733, .T. ) ;
#8188 = AXIS2_PLACEMENT_3D ( 'NONE', #6801, #2750, #7473 ) ;
#8189 = EDGE_LOOP ( 'NONE', ( #3948, #2212, #2854, #6400 ) ) ;
#8190 = LENGTH_MEASURE_WITH_UNIT ( LENGTH_MEASURE( 0.02539999999999999900 ), #1642 );
#8191 =( NAMED_UNIT ( * ) PLANE_ANGLE_UNIT ( ) SI_UNIT ( $, .RADIAN. ) );
#8192 = DIMENSIONAL_EXPONENTS ( 1.000000000000000000, 0.0000000000000000000, 0.0000000000000000000, 0.0000000000000000000, 0.0000000000000000000, 0.0000000000000000000, 0.0000000000000000000 ) ;
#8193 = SURFACE_STYLE_FILL_AREA ( #4557 ) ;
#8194 = FILL_AREA_STYLE ('',( #8163 ) ) ;
#8195 = EDGE_CURVE ( 'NONE', #3200, #3833, #1433, .T. ) ;
#8196 = ORIENTED_EDGE ( 'NONE', *, *, #8001, .T. ) ;
#8197 = CARTESIAN_POINT ( 'NONE',  ( -0.7282875163485818000, -0.3315016303536155200, -0.8820000000000005600 ) ) ;
#8198 = UNCERTAINTY_MEASURE_WITH_UNIT (LENGTH_MEASURE( 1.000000000000000100E-005 ), #5560, 'distance_accuracy_value', 'NONE');
#8199 = CARTESIAN_POINT ( 'NONE',  ( -1.083287516348581800, -0.3315016303536154600, -0.9004020128478198400 ) ) ;
#8200 = AXIS2_PLACEMENT_3D ( 'NONE', #3139, #7846, #3822 ) ;
#8201 = DIRECTION ( 'NONE',  ( 0.3156177166874298800, -0.9488864299340639100, 0.0000000000000000000 ) ) ;
#8202 =( NAMED_UNIT ( * ) PLANE_ANGLE_UNIT ( ) SI_UNIT ( $, .RADIAN. ) );
#8203 = DIRECTION ( 'NONE',  ( 1.317611572550687700E-015, -0.0000000000000000000, -1.000000000000000000 ) ) ;
#8204 = FACE_BOUND ( 'NONE', #3410, .T. ) ;
#8205 = ORIENTED_EDGE ( 'NONE', *, *, #4644, .F. ) ;
#8207 = SURFACE_STYLE_USAGE ( .BOTH. , #3485 ) ;
#8206 = DIRECTION ( 'NONE',  ( 0.0000000000000000000, 1.000000000000000000, -8.091966805877556000E-017 ) ) ;
#8208 = CARTESIAN_POINT ( 'NONE',  ( -0.7282875163485818000, -0.3315016303536155200, -0.8895780908448961400 ) ) ;
#8209 = LINE ( 'NONE', #5510, #4649 ) ;
#8210 = CIRCLE ( 'NONE', #5467, 0.009999999999999962000 ) ;
#8211 = CARTESIAN_POINT ( 'NONE',  ( -0.8732875163485820400, -0.3315016303536157900, -0.6699583694396619200 ) ) ;
#8213 = FILL_AREA_STYLE ('',( #1415 ) ) ;
#8212 = CARTESIAN_POINT ( 'NONE',  ( -0.7282875163485818000, -0.3315016303536155200, -0.9670000000000004100 ) ) ;
#8214 = CARTESIAN_POINT ( 'NONE',  ( -0.7357901725667505000, -0.4037911926055129900, -1.546958365719839400 ) ) ;
#8215 = CARTESIAN_POINT ( 'NONE',  ( -0.7282875163485818000, -0.01900163035361538900, -1.012000000000000000 ) ) ;
#8216 = SURFACE_STYLE_FILL_AREA ( #5172 ) ;
#8217 = FILL_AREA_STYLE ('',( #5552 ) ) ;
#8218 = MECHANICAL_DESIGN_GEOMETRIC_PRESENTATION_REPRESENTATION (  '', ( #6435 ), #8667 ) ;
#8219 = AXIS2_PLACEMENT_3D ( 'NONE', #3155, #7862, #3839 ) ;
#8220 = FILL_AREA_STYLE ('',( #4840 ) ) ;
#8221 = EDGE_CURVE ( 'NONE', #6685, #714, #8660, .T. ) ;
#8222 = LENGTH_MEASURE_WITH_UNIT ( LENGTH_MEASURE( 0.02539999999999999900 ), #4106 );
#8223 = CARTESIAN_POINT ( 'NONE',  ( -1.103287516348582200, -0.3315016303536154600, -0.7570000000000005600 ) ) ;
#8224 = CARTESIAN_POINT ( 'NONE',  ( -1.108287516348582100, -0.3315016303536154600, -0.7139482375457254500 ) ) ;
#8225 = CARTESIAN_POINT ( 'NONE',  ( -0.7282875163485818000, -0.3315016303536155200, 1.168000000000000100 ) ) ;
#8226 = CYLINDRICAL_SURFACE ( 'NONE', #5136, 0.3750000000000004400 ) ;
#8227 = FILL_AREA_STYLE ('',( #41 ) ) ;
#8228 = FACE_BOUND ( 'NONE', #1785, .T. ) ;
#8229 = PRESENTATION_LAYER_ASSIGNMENT (  '', '', ( #7771 ) ) ;
#8230 = STYLED_ITEM ( 'NONE', ( #13 ), #8430 ) ;
#8231 = PRESENTATION_LAYER_ASSIGNMENT (  '', '', ( #7774 ) ) ;
#8232 = CARTESIAN_POINT ( 'NONE',  ( -0.7282875163485818000, -0.1165016303536157800, 1.168000000000000100 ) ) ;
#8233 = EDGE_CURVE ( 'NONE', #5959, #8101, #8447, .T. ) ;
#8235 = CARTESIAN_POINT ( 'NONE',  ( -0.9757875163485927300, -0.3315016303536180700, -1.212000000000017500 ) ) ;
#8234 = CARTESIAN_POINT ( 'NONE',  ( -0.7282875163485818000, -0.6915016303536158900, 1.048844797839501900 ) ) ;
#8236 = UNCERTAINTY_MEASURE_WITH_UNIT (LENGTH_MEASURE( 1.000000000000000100E-005 ), #2743, 'distance_accuracy_value', 'NONE');
#8237 = PRESENTATION_STYLE_ASSIGNMENT (( #5183 ) ) ;
#8238 = CARTESIAN_POINT ( 'NONE',  ( -0.5076968373873171900, -0.2976489738049106800, -1.539000000000018100 ) ) ;
#8239 = PRESENTATION_LAYER_ASSIGNMENT (  '', '', ( #7780 ) ) ;
#8240 = DIRECTION ( 'NONE',  ( -1.324963830349198200E-016, 4.495203217082431800E-017, -1.000000000000000000 ) ) ;
#8241 = CARTESIAN_POINT ( 'NONE',  ( -0.7282875163485909000, -0.3315016303536180700, -3.282590941438460400 ) ) ;
#8242 = SURFACE_SIDE_STYLE ('',( #1691 ) ) ;
#8243 = SURFACE_STYLE_USAGE ( .BOTH. , #3530 ) ;
#8244 = MECHANICAL_DESIGN_GEOMETRIC_PRESENTATION_REPRESENTATION (  '', ( #7351 ), #8702 ) ;
#8245 = CIRCLE ( 'NONE', #2083, 0.2525000000000001100 ) ;
#8246 = LENGTH_MEASURE_WITH_UNIT ( LENGTH_MEASURE( 0.02539999999999999900 ), #7274 );
#8247 = UNCERTAINTY_MEASURE_WITH_UNIT (LENGTH_MEASURE( 1.000000000000000100E-005 ), #2379, 'distance_accuracy_value', 'NONE');
#8248 =( CONVERSION_BASED_UNIT ( 'INCH', #4161 ) LENGTH_UNIT ( ) NAMED_UNIT ( #543 ) );
#8249 = ORIENTED_EDGE ( 'NONE', *, *, #1635, .T. ) ;
#8250 = CARTESIAN_POINT ( 'NONE',  ( -0.7282875163485818000, -0.008428958498271483400, 0.01192732814465490000 ) ) ;
#8251 = PRESENTATION_STYLE_ASSIGNMENT (( #4872 ) ) ;
#8252 =( LENGTH_UNIT ( ) NAMED_UNIT ( * ) SI_UNIT ( $, .METRE. ) );
#8253 = PRESENTATION_LAYER_ASSIGNMENT (  '', '', ( #6895 ) ) ;
#8254 = VERTEX_POINT ( 'NONE', #8436 ) ;
#8256 = CYLINDRICAL_SURFACE ( 'NONE', #7293, 0.04700000000000006900 ) ;
#8255 = PRESENTATION_STYLE_ASSIGNMENT (( #1154 ) ) ;
#8257 = ADVANCED_FACE ( 'NONE', ( #6664 ), #2203, .F. ) ;
#8258 = DIRECTION ( 'NONE',  ( 5.091978803981729600E-016, -5.185649628039839500E-031, 1.000000000000000000 ) ) ;
#8259 = ORIENTED_EDGE ( 'NONE', *, *, #5286, .F. ) ;
#8260 = CARTESIAN_POINT ( 'NONE',  ( -0.7282875163485818000, -0.7115016303536162400, -0.7139482375457254500 ) ) ;
#8261 = ORIENTED_EDGE ( 'NONE', *, *, #6650, .T. ) ;
#8262 = DIRECTION ( 'NONE',  ( -9.726753936418404900E-033, -1.224606353822377800E-016, -1.000000000000000000 ) ) ;
#8263 = CIRCLE ( 'NONE', #3464, 0.08600000000000011800 ) ;
#8264 = CARTESIAN_POINT ( 'NONE',  ( -0.7282875163485818000, -0.1165016303536157800, -1.092312662478476700 ) ) ;
#8265 = ORIENTED_EDGE ( 'NONE', *, *, #7404, .T. ) ;
#8266 = COLOUR_RGB ( '',0.5019607843137254800, 0.5019607843137254800, 0.5019607843137254800 ) ;
#8268 = FILL_AREA_STYLE ('',( #6908 ) ) ;
#8267 =( LENGTH_UNIT ( ) NAMED_UNIT ( * ) SI_UNIT ( $, .METRE. ) );
#8269 = ORIENTED_EDGE ( 'NONE', *, *, #4343, .F. ) ;
#8270 = AXIS2_PLACEMENT_3D ( 'NONE', #8340, #4308, #203 ) ;
#8271 = SURFACE_SIDE_STYLE ('',( #4551 ) ) ;
#8272 = COLOUR_RGB ( '',0.5019607843137254800, 0.5019607843137254800, 0.5019607843137254800 ) ;
#8273 = ORIENTED_EDGE ( 'NONE', *, *, #3476, .F. ) ;
#8274 = DIRECTION ( 'NONE',  ( 0.0000000000000000000, 1.000000000000000000, 0.0000000000000000000 ) ) ;
#8275 = EDGE_CURVE ( 'NONE', #8157, #7228, #5831, .T. ) ;
#8276 =( CONVERSION_BASED_UNIT ( 'INCH', #7395 ) LENGTH_UNIT ( ) NAMED_UNIT ( #2840 ) );
#8278 = DIRECTION ( 'NONE',  ( 7.472189016151557300E-032, 6.165649696520689200E-033, 1.000000000000000000 ) ) ;
#8277 =( CONVERSION_BASED_UNIT ( 'INCH', #4950 ) LENGTH_UNIT ( ) NAMED_UNIT ( #96 ) );
#8279 = ORIENTED_EDGE ( 'NONE', *, *, #1170, .F. ) ;
#8280 = VECTOR ( 'NONE', #5488, 39.37007874015748100 ) ;
#8281 = FILL_AREA_STYLE ('',( #1475 ) ) ;
#8282 = ORIENTED_EDGE ( 'NONE', *, *, #3015, .F. ) ;
#8283 = VERTEX_POINT ( 'NONE', #5833 ) ;
#8284 =( NAMED_UNIT ( * ) SI_UNIT ( $, .STERADIAN. ) SOLID_ANGLE_UNIT ( ) );
#8285 = STYLED_ITEM ( 'NONE', ( #5608 ), #5276 ) ;
#8286 = VERTEX_POINT ( 'NONE', #4507 ) ;
#8287 = DIRECTION ( 'NONE',  ( 0.0000000000000000000, 0.0000000000000000000, 1.000000000000000000 ) ) ;
#8288 = PRESENTATION_LAYER_ASSIGNMENT (  '', '', ( #7821 ) ) ;
#8289 =( GEOMETRIC_REPRESENTATION_CONTEXT ( 3 ) GLOBAL_UNCERTAINTY_ASSIGNED_CONTEXT ( ( #8236 ) ) GLOBAL_UNIT_ASSIGNED_CONTEXT ( ( #2743, #7470, #3432 ) ) REPRESENTATION_CONTEXT ( 'NONE', 'WORKASPACE' ) );
#8290 = AXIS2_PLACEMENT_3D ( 'NONE', #4060, #592, #8124 ) ;
#8291 = DIRECTION ( 'NONE',  ( -1.000000000000000000, 0.0000000000000000000, 1.324963830349198200E-016 ) ) ;
#8292 = SURFACE_SIDE_STYLE ('',( #7611 ) ) ;
#8293 = LINE ( 'NONE', #8672, #520 ) ;
#8294 = DIRECTION ( 'NONE',  ( -7.472189016151557300E-032, -6.165649696520689200E-033, -1.000000000000000000 ) ) ;
#8295 = SURFACE_STYLE_USAGE ( .BOTH. , #3585 ) ;
#8296 = DIMENSIONAL_EXPONENTS ( 1.000000000000000000, 0.0000000000000000000, 0.0000000000000000000, 0.0000000000000000000, 0.0000000000000000000, 0.0000000000000000000, 0.0000000000000000000 ) ;
#8297 = ORIENTED_EDGE ( 'NONE', *, *, #2292, .F. ) ;
#8298 =( CONVERSION_BASED_UNIT ( 'INCH', #6747 ) LENGTH_UNIT ( ) NAMED_UNIT ( #6003 ) );
#8300 = FILL_AREA_STYLE_COLOUR ( '', #654 ) ;
#8299 = DIRECTION ( 'NONE',  ( 1.220408817397570400E-016, -1.013066643420215200E-017, -1.000000000000000000 ) ) ;
#8301 = FILL_AREA_STYLE ('',( #1494 ) ) ;
#8302 = AXIS2_PLACEMENT_3D ( 'NONE', #1544, #6338, #2263 ) ;
#8303 = DIRECTION ( 'NONE',  ( -9.711944615174957000E-017, 7.459504271329836200E-017, 1.000000000000000000 ) ) ;
#8304 = VERTEX_POINT ( 'NONE', #3134 ) ;
#8305 = ADVANCED_FACE ( 'NONE', ( #567 ), #342, .T. ) ;
#8306 = DIRECTION ( 'NONE',  ( 1.324963830349198200E-016, -4.495203217082431200E-017, 1.000000000000000000 ) ) ;
#8307 = DIRECTION ( 'NONE',  ( 9.726753936418404900E-033, 1.224606353822377300E-016, 1.000000000000000000 ) ) ;
#8308 =( NAMED_UNIT ( * ) PLANE_ANGLE_UNIT ( ) SI_UNIT ( $, .RADIAN. ) );
#8309 = CARTESIAN_POINT ( 'NONE',  ( -0.7282875163485911200, -0.3315016303536180700, -1.539000000000017900 ) ) ;
#8310 =( GEOMETRIC_REPRESENTATION_CONTEXT ( 3 ) GLOBAL_UNCERTAINTY_ASSIGNED_CONTEXT ( ( #1119 ) ) GLOBAL_UNIT_ASSIGNED_CONTEXT ( ( #7130, #3069, #7786 ) ) REPRESENTATION_CONTEXT ( 'NONE', 'WORKASPACE' ) );
#8311 = ORIENTED_EDGE ( 'NONE', *, *, #5293, .F. ) ;
#8312 = DIRECTION ( 'NONE',  ( 0.0000000000000000000, -5.391805250653143500E-016, 1.000000000000000000 ) ) ;
#8313 =( CONVERSION_BASED_UNIT ( 'INCH', #1387 ) LENGTH_UNIT ( ) NAMED_UNIT ( #2633 ) );
#8314 = EDGE_CURVE ( 'NONE', #6836, #3334, #2186, .T. ) ;
#8315 = DIRECTION ( 'NONE',  ( 5.275807990682084200E-015, 1.754834318598153900E-015, 1.000000000000000000 ) ) ;
#8316 = DIRECTION ( 'NONE',  ( 0.0000000000000000000, 0.0000000000000000000, -1.000000000000000000 ) ) ;
#8317 = TOROIDAL_SURFACE ( 'NONE', #2559, 0.1225000000000001900, 0.03000000000000008200 ) ;
#8318 = DIRECTION ( 'NONE',  ( 1.220408817397570400E-016, -1.013066643420215200E-017, -1.000000000000000000 ) ) ;
#8319 = ORIENTED_EDGE ( 'NONE', *, *, #7483, .T. ) ;
#8320 = CIRCLE ( 'NONE', #1824, 0.4220000000000003700 ) ;
#8321 = STYLED_ITEM ( 'NONE', ( #1596 ), #3520 ) ;
#8322 = CARTESIAN_POINT ( 'NONE',  ( -0.7282875163485818000, -0.08150163035361573900, -0.9670000000000005300 ) ) ;
#8323 = STYLED_ITEM ( 'NONE', ( #293 ), #3759 ) ;
#8324 = SURFACE_SIDE_STYLE ('',( #2726 ) ) ;
#8325 = FACE_OUTER_BOUND ( 'NONE', #1589, .T. ) ;
#8326 = DIRECTION ( 'NONE',  ( -1.000000000000000000, 0.0000000000000000000, -1.220408817397850200E-016 ) ) ;
#8327 = FILL_AREA_STYLE ('',( #832 ) ) ;
#8328 = DIRECTION ( 'NONE',  ( -9.726753936418404900E-033, -1.224606353822377300E-016, -1.000000000000000000 ) ) ;
#8329 =( NAMED_UNIT ( * ) PLANE_ANGLE_UNIT ( ) SI_UNIT ( $, .RADIAN. ) );
#8330 =( GEOMETRIC_REPRESENTATION_CONTEXT ( 3 ) GLOBAL_UNCERTAINTY_ASSIGNED_CONTEXT ( ( #7282 ) ) GLOBAL_UNIT_ASSIGNED_CONTEXT ( ( #7355, #3317, #8028 ) ) REPRESENTATION_CONTEXT ( 'NONE', 'WORKASPACE' ) );
#8331 = DIRECTION ( 'NONE',  ( 0.0000000000000000000, -1.000000000000000000, 9.485583311334238700E-017 ) ) ;
#8332 = CARTESIAN_POINT ( 'NONE',  ( -0.7282875163485818000, -0.5840016303536156300, -1.012000000000000000 ) ) ;
#8333 = PRESENTATION_STYLE_ASSIGNMENT (( #3354 ) ) ;
#8334 = CARTESIAN_POINT ( 'NONE',  ( -0.7282875163485912400, -0.3315016303536180700, -1.267000000000018100 ) ) ;
#8335 = AXIS2_PLACEMENT_3D ( 'NONE', #8500, #4469, #346 ) ;
#8336 =( GEOMETRIC_REPRESENTATION_CONTEXT ( 3 ) GLOBAL_UNCERTAINTY_ASSIGNED_CONTEXT ( ( #6425 ) ) GLOBAL_UNIT_ASSIGNED_CONTEXT ( ( #735, #5546, #1440 ) ) REPRESENTATION_CONTEXT ( 'NONE', 'WORKASPACE' ) );
#8337 = CARTESIAN_POINT ( 'NONE',  ( -0.7282875163485818000, -0.3315016303536154600, -0.5081049102779643400 ) ) ;
#8338 = EDGE_CURVE ( 'NONE', #6048, #6816, #4005, .T. ) ;
#8339 = LINE ( 'NONE', #3918, #3172 ) ;
#8340 = CARTESIAN_POINT ( 'NONE',  ( -0.7282875163485882400, -0.3315016303536172900, -1.599000000000018600 ) ) ;
#8341 = FILL_AREA_STYLE_COLOUR ( '', #970 ) ;
#8342 = SURFACE_STYLE_USAGE ( .BOTH. , #3638 ) ;
#8343 = ADVANCED_FACE ( 'NONE', ( #5810 ), #3158, .T. ) ;
#8344 =( LENGTH_UNIT ( ) NAMED_UNIT ( * ) SI_UNIT ( $, .METRE. ) );
#8345 = CARTESIAN_POINT ( 'NONE',  ( -0.7282875163485882400, -0.3315016303536172900, -1.599000000000018600 ) ) ;
#8346 = DIRECTION ( 'NONE',  ( 0.0000000000000000000, 0.0000000000000000000, -1.000000000000000000 ) ) ;
#8347 =( CONVERSION_BASED_UNIT ( 'INCH', #5439 ) LENGTH_UNIT ( ) NAMED_UNIT ( #1284 ) );
#8348 = UNCERTAINTY_MEASURE_WITH_UNIT (LENGTH_MEASURE( 1.000000000000000100E-005 ), #1918, 'distance_accuracy_value', 'NONE');
#8349 = SURFACE_STYLE_FILL_AREA ( #2951 ) ;
#8350 =( GEOMETRIC_REPRESENTATION_CONTEXT ( 3 ) GLOBAL_UNCERTAINTY_ASSIGNED_CONTEXT ( ( #4754 ) ) GLOBAL_UNIT_ASSIGNED_CONTEXT ( ( #8441, #4426, #302 ) ) REPRESENTATION_CONTEXT ( 'NONE', 'WORKASPACE' ) );
#8351 = PRESENTATION_LAYER_ASSIGNMENT (  '', '', ( #7900 ) ) ;
#8352 = PRESENTATION_STYLE_ASSIGNMENT (( #871 ) ) ;
#8353 = EDGE_CURVE ( 'NONE', #1224, #4594, #6542, .T. ) ;
#8355 = DIRECTION ( 'NONE',  ( 1.923836615256525400E-016, -5.771509845769573100E-016, -1.000000000000000000 ) ) ;
#8354 = FILL_AREA_STYLE ('',( #6341 ) ) ;
#8356 = DIRECTION ( 'NONE',  ( 0.0000000000000000000, -1.000000000000000000, 6.902532920683851500E-031 ) ) ;
#8357 = CIRCLE ( 'NONE', #7884, 0.1400000000000000100 ) ;
#8358 = FACE_OUTER_BOUND ( 'NONE', #7972, .T. ) ;
#8360 = LENGTH_MEASURE_WITH_UNIT ( LENGTH_MEASURE( 0.02539999999999999900 ), #6220 );
#8359 = CIRCLE ( 'NONE', #928, 0.3750000000000004400 ) ;
#8361 = MECHANICAL_DESIGN_GEOMETRIC_PRESENTATION_REPRESENTATION (  '', ( #7457 ), #8811 ) ;
#8362 = LENGTH_MEASURE_WITH_UNIT ( LENGTH_MEASURE( 0.02539999999999999900 ), #8508 );
#8363 = UNCERTAINTY_MEASURE_WITH_UNIT (LENGTH_MEASURE( 1.000000000000000100E-005 ), #4483, 'distance_accuracy_value', 'NONE');
#8364 = ORIENTED_EDGE ( 'NONE', *, *, #8089, .F. ) ;
#8366 = CARTESIAN_POINT ( 'NONE',  ( -0.5786814080597366700, -0.2476485865155219100, -1.519399368325491800 ) ) ;
#8365 =( LENGTH_UNIT ( ) NAMED_UNIT ( * ) SI_UNIT ( $, .METRE. ) );
#8367 = DIRECTION ( 'NONE',  ( 2.985768325466478400E-031, -6.902532920683853300E-031, -1.000000000000000000 ) ) ;
#8368 = FILL_AREA_STYLE_COLOUR ( '', #8704 ) ;
#8369 = EDGE_LOOP ( 'NONE', ( #2985, #7664 ) ) ;
#8370 = CIRCLE ( 'NONE', #4261, 0.1335000000000002300 ) ;
#8371 = LENGTH_MEASURE_WITH_UNIT ( LENGTH_MEASURE( 0.02539999999999999900 ), #1729 );
#8372 = EDGE_CURVE ( 'NONE', #7942, #1797, #1300, .T. ) ;
#8373 = VERTEX_POINT ( 'NONE', #4065 ) ;
#8374 =( GEOMETRIC_REPRESENTATION_CONTEXT ( 3 ) GLOBAL_UNCERTAINTY_ASSIGNED_CONTEXT ( ( #5504 ) ) GLOBAL_UNIT_ASSIGNED_CONTEXT ( ( #1427, #6211, #2134 ) ) REPRESENTATION_CONTEXT ( 'NONE', 'WORKASPACE' ) );
#8375 = CARTESIAN_POINT ( 'NONE',  ( -1.036360188203925900, -0.3315016303536155200, -1.025562063698267200 ) ) ;
#8376 = PRESENTATION_STYLE_ASSIGNMENT (( #1890 ) ) ;
#8377 = CARTESIAN_POINT ( 'NONE',  ( -0.8729645007180068000, -0.4178996911763572800, -1.528439314204242700 ) ) ;
#8378 = ORIENTED_EDGE ( 'NONE', *, *, #1842, .T. ) ;
#8379 = LINE ( 'NONE', #895, #3214 ) ;
#8380 = ORIENTED_EDGE ( 'NONE', *, *, #4365, .T. ) ;
#8381 =( NAMED_UNIT ( * ) SI_UNIT ( $, .STERADIAN. ) SOLID_ANGLE_UNIT ( ) );
#8382 = DIRECTION ( 'NONE',  ( -1.000000000000000000, 0.0000000000000000000, 0.0000000000000000000 ) ) ;
#8383 = ORIENTED_EDGE ( 'NONE', *, *, #6291, .F. ) ;
#8384 = CIRCLE ( 'NONE', #4724, 0.3230726718553442200 ) ;
#8385 = EDGE_LOOP ( 'NONE', ( #6306, #5109, #5105, #1788 ) ) ;
#8386 = FILL_AREA_STYLE_COLOUR ( '', #4795 ) ;
#8387 = ORIENTED_EDGE ( 'NONE', *, *, #6827, .F. ) ;
#8388 = MECHANICAL_DESIGN_GEOMETRIC_PRESENTATION_REPRESENTATION (  '', ( #7036 ), #1 ) ;
#8389 = ORIENTED_EDGE ( 'NONE', *, *, #8181, .F. ) ;
#8390 = ADVANCED_FACE ( 'NONE', ( #8325 ), #7275, .F. ) ;
#8391 =( NAMED_UNIT ( * ) SI_UNIT ( $, .STERADIAN. ) SOLID_ANGLE_UNIT ( ) );
#8392 = STYLED_ITEM ( 'NONE', ( #2240 ), #314 ) ;
#8393 = LENGTH_MEASURE_WITH_UNIT ( LENGTH_MEASURE( 0.02539999999999999900 ), #7515 );
#8394 = AXIS2_PLACEMENT_3D ( 'NONE', #7662, #2948, #3670 ) ;
#8395 = SURFACE_SIDE_STYLE ('',( #5936 ) ) ;
#8397 = CARTESIAN_POINT ( 'NONE',  ( -0.5536465826215782900, -0.2976883602244400600, -1.509059715296352100 ) ) ;
#8396 = DIRECTION ( 'NONE',  ( -3.209407887293528100E-018, -1.059104602806867900E-016, -1.000000000000000000 ) ) ;
#8398 = EDGE_CURVE ( 'NONE', #5308, #6385, #5705, .T. ) ;
#8399 = ORIENTED_EDGE ( 'NONE', *, *, #1781, .T. ) ;
#8400 = CIRCLE ( 'NONE', #5721, 0.1419999999999998800 ) ;
#8401 = PRESENTATION_STYLE_ASSIGNMENT (( #5291 ) ) ;
#8402 =( NAMED_UNIT ( * ) PLANE_ANGLE_UNIT ( ) SI_UNIT ( $, .RADIAN. ) );
#8403 =( LENGTH_UNIT ( ) NAMED_UNIT ( * ) SI_UNIT ( $, .METRE. ) );
#8404 = PRESENTATION_LAYER_ASSIGNMENT (  '', '', ( #7949 ) ) ;
#8405 = EDGE_LOOP ( 'NONE', ( #8473, #3313, #1886, #2127 ) ) ;
#8406 = CARTESIAN_POINT ( 'NONE',  ( -0.9044078925348780800, -0.3698341620401325900, -1.506444770682899600 ) ) ;
#8407 = AXIS2_PLACEMENT_3D ( 'NONE', #5122, #3770, #1050 ) ;
#8408 =( GEOMETRIC_REPRESENTATION_CONTEXT ( 3 ) GLOBAL_UNCERTAINTY_ASSIGNED_CONTEXT ( ( #2164 ) ) GLOBAL_UNIT_ASSIGNED_CONTEXT ( ( #2525, #7278, #3240 ) ) REPRESENTATION_CONTEXT ( 'NONE', 'WORKASPACE' ) );
#8409 = DIRECTION ( 'NONE',  ( 0.0000000000000000000, 1.000000000000000000, 4.377961528377805600E-016 ) ) ;
#8410 = EDGE_CURVE ( 'NONE', #606, #1149, #3902, .T. ) ;
#8411 = DIRECTION ( 'NONE',  ( -7.472189016151557300E-032, -6.165649696520689200E-033, -1.000000000000000000 ) ) ;
#8412 = LENGTH_MEASURE_WITH_UNIT ( LENGTH_MEASURE( 0.02539999999999999900 ), #2880 );
#8413 = EDGE_LOOP ( 'NONE', ( #683, #8319 ) ) ;
#8415 =( LENGTH_UNIT ( ) NAMED_UNIT ( * ) SI_UNIT ( $, .METRE. ) );
#8414 = CARTESIAN_POINT ( 'NONE',  ( -0.7998068219577229000, -0.3187902232688286100, -1.546958368550774200 ) ) ;
#8416 = DIRECTION ( 'NONE',  ( -1.000000000000000000, 0.0000000000000000000, 0.0000000000000000000 ) ) ;
#8417 = AXIS2_PLACEMENT_3D ( 'NONE', #4010, #8725, #4706 ) ;
#8418 = DIRECTION ( 'NONE',  ( 7.472189016151557300E-032, 6.165649696520689200E-033, 1.000000000000000000 ) ) ;
#8419 = ORIENTED_EDGE ( 'NONE', *, *, #6475, .F. ) ;
#8420 = DIRECTION ( 'NONE',  ( 0.0000000000000000000, 0.0000000000000000000, -1.000000000000000000 ) ) ;
#8421 =( NAMED_UNIT ( * ) PLANE_ANGLE_UNIT ( ) SI_UNIT ( $, .RADIAN. ) );
#8422 =( NAMED_UNIT ( * ) SI_UNIT ( $, .STERADIAN. ) SOLID_ANGLE_UNIT ( ) );
#8423 =( GEOMETRIC_REPRESENTATION_CONTEXT ( 3 ) GLOBAL_UNCERTAINTY_ASSIGNED_CONTEXT ( ( #456 ) ) GLOBAL_UNIT_ASSIGNED_CONTEXT ( ( #5045, #934, #5723 ) ) REPRESENTATION_CONTEXT ( 'NONE', 'WORKASPACE' ) );
#8424 = FACE_OUTER_BOUND ( 'NONE', #2934, .T. ) ;
#8425 = LINE ( 'NONE', #865, #3267 ) ;
#8426 = DIRECTION ( 'NONE',  ( -1.000000000000000000, 0.0000000000000000000, 0.0000000000000000000 ) ) ;
#8427 = SURFACE_SIDE_STYLE ('',( #2474 ) ) ;
#8428 = EDGE_CURVE ( 'NONE', #1513, #1135, #236, .T. ) ;
#8429 = SURFACE_STYLE_USAGE ( .BOTH. , #3728 ) ;
#8430 = ADVANCED_FACE ( 'NONE', ( #5482 ), #988, .T. ) ;
#8431 = CARTESIAN_POINT ( 'NONE',  ( -0.3402875163485819000, -0.3315016303536155200, -0.8867329652895078500 ) ) ;
#8432 = DIRECTION ( 'NONE',  ( -9.726753936418404900E-033, -1.224606353822377300E-016, -1.000000000000000000 ) ) ;
#8433 = AXIS2_PLACEMENT_3D ( 'NONE', #2799, #7508, #3475 ) ;
#8434 = EDGE_CURVE ( 'NONE', #3395, #4824, #8209, .T. ) ;
#8435 = EDGE_CURVE ( 'NONE', #5945, #6058, #2825, .T. ) ;
#8437 = CARTESIAN_POINT ( 'NONE',  ( -0.7282875163485818000, -0.6915016303536158900, 0.2589999999999986800 ) ) ;
#8436 = CARTESIAN_POINT ( 'NONE',  ( -0.8005390120618477400, -0.3255040169959140800, -1.546958369439662300 ) ) ;
#8438 = DIRECTION ( 'NONE',  ( 0.0000000000000000000, 0.0000000000000000000, -1.000000000000000000 ) ) ;
#8439 = CARTESIAN_POINT ( 'NONE',  ( -1.132276257530603100, -0.3315016303536155200, -0.4992337427040285400 ) ) ;
#8440 = DIRECTION ( 'NONE',  ( -1.000000000000000000, 0.0000000000000000000, 0.0000000000000000000 ) ) ;
#8442 = FILL_AREA_STYLE_COLOUR ( '', #5426 ) ;
#8441 =( CONVERSION_BASED_UNIT ( 'INCH', #6732 ) LENGTH_UNIT ( ) NAMED_UNIT ( #6937 ) );
#8443 = AXIS2_PLACEMENT_3D ( 'NONE', #3608, #8316, #4278 ) ;
#8444 = DIRECTION ( 'NONE',  ( -0.0000000000000000000, -0.0000000000000000000, 1.000000000000000000 ) ) ;
#8445 = CYLINDRICAL_SURFACE ( 'NONE', #5130, 0.3125000000000001700 ) ;
#8446 = CIRCLE ( 'NONE', #499, 0.08600000000000011800 ) ;
#8447 = CIRCLE ( 'NONE', #5254, 0.1175000000000001200 ) ;
#8448 = EDGE_CURVE ( 'NONE', #2821, #7959, #8010, .T. ) ;
#8449 = AXIS2_PLACEMENT_3D ( 'NONE', #8083, #7391, #2706 ) ;
#8450 = ORIENTED_EDGE ( 'NONE', *, *, #7569, .T. ) ;
#8451 = MECHANICAL_DESIGN_GEOMETRIC_PRESENTATION_REPRESENTATION (  '', ( #6652 ), #75 ) ;
#8452 = STYLED_ITEM ( 'NONE', ( #6355 ), #5317 ) ;
#8453 =( NAMED_UNIT ( * ) PLANE_ANGLE_UNIT ( ) SI_UNIT ( $, .RADIAN. ) );
#8454 = UNCERTAINTY_MEASURE_WITH_UNIT (LENGTH_MEASURE( 1.000000000000000100E-005 ), #4924, 'distance_accuracy_value', 'NONE');
#8455 = DIRECTION ( 'NONE',  ( -1.000000000000000000, 0.0000000000000000000, 0.0000000000000000000 ) ) ;
#8456 = SURFACE_STYLE_FILL_AREA ( #4904 ) ;
#8457 = SURFACE_SIDE_STYLE ('',( #2460 ) ) ;
#8458 = ORIENTED_EDGE ( 'NONE', *, *, #152, .F. ) ;
#8459 = FILL_AREA_STYLE ('',( #2378 ) ) ;
#8460 = FILL_AREA_STYLE_COLOUR ( '', #5650 ) ;
#8461 = DIRECTION ( 'NONE',  ( -1.317611572512762000E-015, -4.392038575042540400E-016, 1.000000000000000000 ) ) ;
#8462 =( GEOMETRIC_REPRESENTATION_CONTEXT ( 3 ) GLOBAL_UNCERTAINTY_ASSIGNED_CONTEXT ( ( #6525 ) ) GLOBAL_UNIT_ASSIGNED_CONTEXT ( ( #6176, #2091, #6844 ) ) REPRESENTATION_CONTEXT ( 'NONE', 'WORKASPACE' ) );
#8463 = EDGE_LOOP ( 'NONE', ( #614, #58 ) ) ;
#8464 = FACE_OUTER_BOUND ( 'NONE', #2047, .T. ) ;
#8465 = SURFACE_STYLE_FILL_AREA ( #457 ) ;
#8466 = UNCERTAINTY_MEASURE_WITH_UNIT (LENGTH_MEASURE( 1.000000000000000100E-005 ), #7594, 'distance_accuracy_value', 'NONE');
#8468 = CARTESIAN_POINT ( 'NONE',  ( -0.7282875163485818000, -0.3315016303536156800, 0.01192732814465496800 ) ) ;
#8467 = CARTESIAN_POINT ( 'NONE',  ( -0.7282875163485818000, -0.3315016303536152400, -1.116958369439662100 ) ) ;
#8469 = ORIENTED_EDGE ( 'NONE', *, *, #7254, .F. ) ;
#8470 = ORIENTED_EDGE ( 'NONE', *, *, #6202, .T. ) ;
#8471 = AXIS2_PLACEMENT_3D ( 'NONE', #6948, #6242, #2904 ) ;
#8472 = ADVANCED_FACE ( 'NONE', ( #2606 ), #1738, .T. ) ;
#8473 = ORIENTED_EDGE ( 'NONE', *, *, #5386, .F. ) ;
#8474 = DIRECTION ( 'NONE',  ( 1.000000000000000000, 0.0000000000000000000, -7.318198862918290000E-016 ) ) ;
#8475 = DIRECTION ( 'NONE',  ( 1.125451003476728100E-016, -0.9817798505902810600, -0.1900219065658619900 ) ) ;
#8477 =( NAMED_UNIT ( * ) SI_UNIT ( $, .STERADIAN. ) SOLID_ANGLE_UNIT ( ) );
#8476 = CARTESIAN_POINT ( 'NONE',  ( -1.188147005758121600, -0.1520016303536196300, 0.2849999999999987000 ) ) ;
#8478 = EDGE_LOOP ( 'NONE', ( #3753, #3646 ) ) ;
#8479 = DIRECTION ( 'NONE',  ( 0.0000000000000000000, -1.000000000000000000, 0.0000000000000000000 ) ) ;
#8480 = ORIENTED_EDGE ( 'NONE', *, *, #8804, .T. ) ;
#8481 = PRODUCT_DEFINITION_FORMATION_WITH_SPECIFIED_SOURCE ( 'ANY', '', #6627, .NOT_KNOWN. ) ;
#8482 = VERTEX_POINT ( 'NONE', #97 ) ;
#8483 = CONICAL_SURFACE ( 'NONE', #4328, 0.1341250670346256500, 0.6349275248870700500 ) ;
#8484 = EDGE_CURVE ( 'NONE', #1261, #7018, #5381, .T. ) ;
#8485 = LINE ( 'NONE', #1012, #1251 ) ;
#8486 = ORIENTED_EDGE ( 'NONE', *, *, #7803, .F. ) ;
#8487 = FILL_AREA_STYLE ('',( #1540 ) ) ;
#8488 = VERTEX_POINT ( 'NONE', #3524 ) ;
#8489 = VECTOR ( 'NONE', #5458, 39.37007874015748100 ) ;
#8490 = PRESENTATION_LAYER_ASSIGNMENT (  '', '', ( #113 ) ) ;
#8491 = LENGTH_MEASURE_WITH_UNIT ( LENGTH_MEASURE( 0.02539999999999999900 ), #1503 );
#8492 = CARTESIAN_POINT ( 'NONE',  ( -0.7282875163485812400, -0.1870486357399464600, -0.4619583694375968300 ) ) ;
#8493 = MECHANICAL_DESIGN_GEOMETRIC_PRESENTATION_REPRESENTATION (  '', ( #7576 ), #115 ) ;
#8494 = DIRECTION ( 'NONE',  ( 1.000000000000000000, 0.0000000000000000000, 0.0000000000000000000 ) ) ;
#8495 = COLOUR_RGB ( '',0.5019607843137254800, 0.5019607843137254800, 0.5019607843137254800 ) ;
#8496 = EDGE_LOOP ( 'NONE', ( #7506, #6711, #4917, #927, #5687 ) ) ;
#8497 = ADVANCED_FACE ( 'NONE', ( #3577 ), #867, .T. ) ;
#8498 =( NAMED_UNIT ( * ) PLANE_ANGLE_UNIT ( ) SI_UNIT ( $, .RADIAN. ) );
#8499 = ORIENTED_EDGE ( 'NONE', *, *, #3944, .F. ) ;
#8500 = CARTESIAN_POINT ( 'NONE',  ( -0.7282875163485818000, -0.3315016303536155200, -0.4587867965644043000 ) ) ;
#8502 = DIRECTION ( 'NONE',  ( 0.7071067811865451300, 1.047507582691399100E-016, -0.7071067811865499000 ) ) ;
#8501 =( CONVERSION_BASED_UNIT ( 'INCH', #8032 ) LENGTH_UNIT ( ) NAMED_UNIT ( #39 ) );
#8503 =( NAMED_UNIT ( * ) SI_UNIT ( $, .STERADIAN. ) SOLID_ANGLE_UNIT ( ) );
#8504 = AXIS2_PLACEMENT_3D ( 'NONE', #3136, #7842, #3819 ) ;
#8505 = ORIENTED_EDGE ( 'NONE', *, *, #2462, .T. ) ;
#8506 = COLOUR_RGB ( '',0.5019607843137254800, 0.5019607843137254800, 0.5019607843137254800 ) ;
#8507 = ORIENTED_EDGE ( 'NONE', *, *, #3007, .T. ) ;
#8508 =( LENGTH_UNIT ( ) NAMED_UNIT ( * ) SI_UNIT ( $, .METRE. ) );
#8509 =( GEOMETRIC_REPRESENTATION_CONTEXT ( 3 ) GLOBAL_UNCERTAINTY_ASSIGNED_CONTEXT ( ( #964 ) ) GLOBAL_UNIT_ASSIGNED_CONTEXT ( ( #5498, #1399, #6173 ) ) REPRESENTATION_CONTEXT ( 'NONE', 'WORKASPACE' ) );
#8510 = AXIS2_PLACEMENT_3D ( 'NONE', #7308, #6634, #7343 ) ;
#8512 = CARTESIAN_POINT ( 'NONE',  ( -0.7282875163485818000, -0.3315016303536155200, -0.9670000000000006400 ) ) ;
#8511 =( LENGTH_UNIT ( ) NAMED_UNIT ( * ) SI_UNIT ( $, .METRE. ) );
#8513 = CARTESIAN_POINT ( 'NONE',  ( -0.6880227827990984500, -0.2708193016650182200, -1.546958356824110300 ) ) ;
#8514 = EDGE_CURVE ( 'NONE', #5355, #5794, #4540, .T. ) ;
#8515 = LENGTH_MEASURE_WITH_UNIT ( LENGTH_MEASURE( 0.02539999999999999900 ), #3914 );
#8516 = ORIENTED_EDGE ( 'NONE', *, *, #7106, .T. ) ;
#8517 = CARTESIAN_POINT ( 'NONE',  ( -0.4632875163485814500, -0.3315016303536155200, 0.02223988196073611200 ) ) ;
#8518 = CARTESIAN_POINT ( 'NONE',  ( -0.7282875163485818000, -0.07900163035361543200, -1.012000000000000000 ) ) ;
#8519 =( NAMED_UNIT ( * ) SI_UNIT ( $, .STERADIAN. ) SOLID_ANGLE_UNIT ( ) );
#8520 = DIRECTION ( 'NONE',  ( 7.472189016151557300E-032, 6.165649696520689200E-033, 1.000000000000000000 ) ) ;
#8521 = MECHANICAL_DESIGN_GEOMETRIC_PRESENTATION_REPRESENTATION (  '', ( #6717 ), #148 ) ;
#8522 = AXIS2_PLACEMENT_3D ( 'NONE', #2860, #7580, #3557 ) ;
#8523 = ADVANCED_FACE ( 'NONE', ( #6327 ), #7267, .F. ) ;
#8524 =( CONVERSION_BASED_UNIT ( 'INCH', #3000 ) LENGTH_UNIT ( ) NAMED_UNIT ( #6540 ) );
#8525 = ORIENTED_EDGE ( 'NONE', *, *, #6548, .T. ) ;
#8526 = EDGE_CURVE ( 'NONE', #2231, #2813, #3686, .T. ) ;
#8527 = UNCERTAINTY_MEASURE_WITH_UNIT (LENGTH_MEASURE( 1.000000000000000100E-005 ), #8753, 'distance_accuracy_value', 'NONE');
#8528 = CARTESIAN_POINT ( 'NONE',  ( -0.5606844852144301500, -0.3140294045423677700, -1.549560685795793800 ) ) ;
#8529 = SURFACE_STYLE_USAGE ( .BOTH. , #3814 ) ;
#8530 =( NAMED_UNIT ( * ) PLANE_ANGLE_UNIT ( ) SI_UNIT ( $, .RADIAN. ) );
#8531 = MECHANICAL_DESIGN_GEOMETRIC_PRESENTATION_REPRESENTATION (  '', ( #7184 ), #157 ) ;
#8532 = ORIENTED_EDGE ( 'NONE', *, *, #2390, .F. ) ;
#8534 =( CONVERSION_BASED_UNIT ( 'INCH', #4092 ) LENGTH_UNIT ( ) NAMED_UNIT ( #8577 ) );
#8533 = DIRECTION ( 'NONE',  ( 0.3156177166874306600, -0.9488864299340636900, 0.0000000000000000000 ) ) ;
#8535 = DIMENSIONAL_EXPONENTS ( 1.000000000000000000, 0.0000000000000000000, 0.0000000000000000000, 0.0000000000000000000, 0.0000000000000000000, 0.0000000000000000000, 0.0000000000000000000 ) ;
#8536 = MECHANICAL_DESIGN_GEOMETRIC_PRESENTATION_REPRESENTATION (  '', ( #7623 ), #160 ) ;
#8537 = FILL_AREA_STYLE_COLOUR ( '', #3701 ) ;
#8538 = DIRECTION ( 'NONE',  ( 0.0000000000000000000, -2.060206105850781500E-016, -1.000000000000000000 ) ) ;
#8539 = EDGE_CURVE ( 'NONE', #2096, #7428, #5473, .T. ) ;
#8540 = FILL_AREA_STYLE_COLOUR ( '', #3603 ) ;
#8541 = DIRECTION ( 'NONE',  ( -9.711944615174957000E-017, 7.459504271329836200E-017, 1.000000000000000000 ) ) ;
#8542 = CIRCLE ( 'NONE', #2974, 0.09249999999999997100 ) ;
#8543 = ADVANCED_FACE ( 'NONE', ( #1848 ), #4419, .T. ) ;
#8544 = DIRECTION ( 'NONE',  ( -0.0000000000000000000, -1.000000000000000000, -0.0000000000000000000 ) ) ;
#8545 = CIRCLE ( 'NONE', #8522, 0.04700000000000006900 ) ;
#8546 = AXIS2_PLACEMENT_3D ( 'NONE', #1985, #6739, #2688 ) ;
#8547 = DIRECTION ( 'NONE',  ( 1.220408817397570400E-016, -1.013066643420215200E-017, -1.000000000000000000 ) ) ;
#8548 = CARTESIAN_POINT ( 'NONE',  ( -0.7282875163485818000, -0.3315016303536155200, -0.3587867965644041500 ) ) ;
#8549 = SURFACE_STYLE_FILL_AREA ( #2657 ) ;
#8550 = FILL_AREA_STYLE_COLOUR ( '', #7136 ) ;
#8551 = FILL_AREA_STYLE ('',( #1070 ) ) ;
#8552 = DIRECTION ( 'NONE',  ( -1.220408817397570400E-016, 1.013066643420215200E-017, 1.000000000000000000 ) ) ;
#8553 = CARTESIAN_POINT ( 'NONE',  ( -0.5642953770179545100, -0.2567062552876576100, -1.571555229317137100 ) ) ;
#8554 = CARTESIAN_POINT ( 'NONE',  ( -0.7282875163485864600, -0.3315016303536168500, -1.259000000000018500 ) ) ;
#8555 = STYLED_ITEM ( 'NONE', ( #1571 ), #4326 ) ;
#8556 = STYLED_ITEM ( 'NONE', ( #5021 ), #186 ) ;
#8557 = FILL_AREA_STYLE_COLOUR ( '', #1626 ) ;
#8558 = DIRECTION ( 'NONE',  ( 0.3156177166874306600, -0.9488864299340636900, 0.0000000000000000000 ) ) ;
#8559 = EDGE_CURVE ( 'NONE', #7986, #1348, #6210, .T. ) ;
#8560 = FACE_OUTER_BOUND ( 'NONE', #6502, .T. ) ;
#8561 = CARTESIAN_POINT ( 'NONE',  ( -0.7569725892189072000, 0.02233755147115645100, -0.8895780908448960300 ) ) ;
#8562 = DIMENSIONAL_EXPONENTS ( 1.000000000000000000, 0.0000000000000000000, 0.0000000000000000000, 0.0000000000000000000, 0.0000000000000000000, 0.0000000000000000000, 0.0000000000000000000 ) ;
#8563 = CIRCLE ( 'NONE', #3448, 0.2499999999999998100 ) ;
#8564 =( NAMED_UNIT ( * ) PLANE_ANGLE_UNIT ( ) SI_UNIT ( $, .RADIAN. ) );
#8565 = CARTESIAN_POINT ( 'NONE',  ( -0.7282875163485818000, -0.5840016303536156300, -0.9669999999999999700 ) ) ;
#8566 = DIRECTION ( 'NONE',  ( -1.000000000000000000, 0.0000000000000000000, 1.050710766793944300E-014 ) ) ;
#8567 = UNCERTAINTY_MEASURE_WITH_UNIT (LENGTH_MEASURE( 1.000000000000000100E-005 ), #3754, 'distance_accuracy_value', 'NONE');
#8568 = ORIENTED_EDGE ( 'NONE', *, *, #1957, .F. ) ;
#8569 = LINE ( 'NONE', #2738, #3191 ) ;
#8570 = PRESENTATION_LAYER_ASSIGNMENT (  '', '', ( #8116 ) ) ;
#8571 =( GEOMETRIC_REPRESENTATION_CONTEXT ( 3 ) GLOBAL_UNCERTAINTY_ASSIGNED_CONTEXT ( ( #3538 ) ) GLOBAL_UNIT_ASSIGNED_CONTEXT ( ( #1521, #6309, #2233 ) ) REPRESENTATION_CONTEXT ( 'NONE', 'WORKASPACE' ) );
#8572 = AXIS2_PLACEMENT_3D ( 'NONE', #2270, #7005, #2956 ) ;
#8573 = CONICAL_SURFACE ( 'NONE', #8762, 0.3732951296946417900, 1.178097245096175700 ) ;
#8574 = CARTESIAN_POINT ( 'NONE',  ( -0.7282875163485668100, 0.1134983696463671600, -1.355392382189256900E-015 ) ) ;
#8575 = ORIENTED_EDGE ( 'NONE', *, *, #2156, .F. ) ;
#8576 = FILL_AREA_STYLE_COLOUR ( '', #6072 ) ;
#8577 = DIMENSIONAL_EXPONENTS ( 1.000000000000000000, 0.0000000000000000000, 0.0000000000000000000, 0.0000000000000000000, 0.0000000000000000000, 0.0000000000000000000, 0.0000000000000000000 ) ;
#8578 =( LENGTH_UNIT ( ) NAMED_UNIT ( * ) SI_UNIT ( $, .METRE. ) );
#8579 = COLOUR_RGB ( '',0.5019607843137254800, 0.5019607843137254800, 0.5019607843137254800 ) ;
#8580 = DIRECTION ( 'NONE',  ( 0.0000000000000000000, 1.000000000000000000, 4.377961528377805600E-016 ) ) ;
#8581 = ORIENTED_EDGE ( 'NONE', *, *, #7607, .F. ) ;
#8582 =( NAMED_UNIT ( * ) PLANE_ANGLE_UNIT ( ) SI_UNIT ( $, .RADIAN. ) );
#8583 = ADVANCED_FACE ( 'NONE', ( #8003 ), #8731, .T. ) ;
#8584 =( CONVERSION_BASED_UNIT ( 'INCH', #8088 ) LENGTH_UNIT ( ) NAMED_UNIT ( #3276 ) );
#8585 = CARTESIAN_POINT ( 'NONE',  ( -0.9058455626938255500, -0.3796166035721863000, -1.575123613398295500 ) ) ;
#8586 = ORIENTED_EDGE ( 'NONE', *, *, #6721, .T. ) ;
#8587 = AXIS2_PLACEMENT_3D ( 'NONE', #7178, #3128, #7833 ) ;
#8588 = SURFACE_STYLE_FILL_AREA ( #4298 ) ;
#8589 = ORIENTED_EDGE ( 'NONE', *, *, #4848, .T. ) ;
#8591 = CARTESIAN_POINT ( 'NONE',  ( -0.7282875163485818000, -0.3315016303536155200, 0.02223988196073611200 ) ) ;
#8590 = DIRECTION ( 'NONE',  ( -8.216084191471459500E-016, 1.000000000000000000, 0.0000000000000000000 ) ) ;
#8592 = CARTESIAN_POINT ( 'NONE',  ( -0.7282875163485813500, -0.3315016303536165200, -0.4819583694385740600 ) ) ;
#8593 = VERTEX_POINT ( 'NONE', #4391 ) ;
#8594 = LENGTH_MEASURE_WITH_UNIT ( LENGTH_MEASURE( 0.02539999999999999900 ), #4862 );
#8595 = VERTEX_POINT ( 'NONE', #271 ) ;
#8596 = FILL_AREA_STYLE_COLOUR ( '', #751 ) ;
#8597 = COLOUR_RGB ( '',0.5019607843137254800, 0.5019607843137254800, 0.5019607843137254800 ) ;
#8598 = FILL_AREA_STYLE_COLOUR ( '', #5093 ) ;
#8599 = DIRECTION ( 'NONE',  ( -0.7071067811865466800, 0.0000000000000000000, -0.7071067811865483500 ) ) ;
#8600 = SURFACE_STYLE_USAGE ( .BOTH. , #3890 ) ;
#8601 = FILL_AREA_STYLE ('',( #1113 ) ) ;
#8602 = EDGE_LOOP ( 'NONE', ( #8794, #7096, #1275, #7852 ) ) ;
#8603 = ORIENTED_EDGE ( 'NONE', *, *, #4510, .F. ) ;
#8604 = EDGE_CURVE ( 'NONE', #522, #3640, #3569, .T. ) ;
#8605 = SURFACE_STYLE_USAGE ( .BOTH. , #3896 ) ;
#8606 = DIRECTION ( 'NONE',  ( 0.0000000000000000000, -1.000000000000000000, 1.091198681679803100E-016 ) ) ;
#8607 = CARTESIAN_POINT ( 'NONE',  ( -0.5947875163485811800, -0.3315016303536163500, -0.3869583694396621100 ) ) ;
#8608 = ORIENTED_EDGE ( 'NONE', *, *, #5539, .F. ) ;
#8609 = AXIS2_PLACEMENT_3D ( 'NONE', #8703, #4674, #551 ) ;
#8610 = DIMENSIONAL_EXPONENTS ( 1.000000000000000000, 0.0000000000000000000, 0.0000000000000000000, 0.0000000000000000000, 0.0000000000000000000, 0.0000000000000000000, 0.0000000000000000000 ) ;
#8611 = DIRECTION ( 'NONE',  ( 0.0000000000000000000, 1.000000000000000000, -1.224606353822387400E-016 ) ) ;
#8612 = DIRECTION ( 'NONE',  ( -9.726753936418404900E-033, -1.224606353822377300E-016, -1.000000000000000000 ) ) ;
#8613 =( NAMED_UNIT ( * ) SI_UNIT ( $, .STERADIAN. ) SOLID_ANGLE_UNIT ( ) );
#8614 = ORIENTED_EDGE ( 'NONE', *, *, #2631, .T. ) ;
#8615 = VECTOR ( 'NONE', #6394, 39.37007874015748900 ) ;
#8616 = AXIS2_PLACEMENT_3D ( 'NONE', #14, #6137, #4819 ) ;
#8617 = LENGTH_MEASURE_WITH_UNIT ( LENGTH_MEASURE( 0.02539999999999999900 ), #5188 );
#8618 = UNCERTAINTY_MEASURE_WITH_UNIT (LENGTH_MEASURE( 1.000000000000000100E-005 ), #7827, 'distance_accuracy_value', 'NONE');
#8619 = CIRCLE ( 'NONE', #6822, 0.1635000000000010100 ) ;
#8620 = DIRECTION ( 'NONE',  ( 0.9488864299340638000, 0.3156177166874302200, 1.126055187715457800E-016 ) ) ;
#8621 = AXIS2_PLACEMENT_3D ( 'NONE', #465, #6581, #5268 ) ;
#8622 = ORIENTED_EDGE ( 'NONE', *, *, #278, .F. ) ;
#8623 = AXIS2_PLACEMENT_3D ( 'NONE', #2961, #7010, #5072 ) ;
#8624 = SURFACE_STYLE_FILL_AREA ( #8227 ) ;
#8625 = DIRECTION ( 'NONE',  ( 4.811513434270445100E-032, -1.636240428635621200E-032, -1.000000000000000000 ) ) ;
#8626 = CARTESIAN_POINT ( 'NONE',  ( -0.7282875163485818000, -0.3315016303536154600, -0.7220000000000000900 ) ) ;
#8627 =( CONVERSION_BASED_UNIT ( 'INCH', #8515 ) LENGTH_UNIT ( ) NAMED_UNIT ( #1758 ) );
#8628 = ADVANCED_FACE ( 'NONE', ( #5371, #1730 ), #7046, .F. ) ;
#8629 = EDGE_CURVE ( 'NONE', #2678, #3636, #2707, .T. ) ;
#8630 = DIRECTION ( 'NONE',  ( -5.275807990682081900E-015, -1.754834318598151300E-015, -1.000000000000000000 ) ) ;
#8631 = UNCERTAINTY_MEASURE_WITH_UNIT (LENGTH_MEASURE( 1.000000000000000100E-005 ), #8119, 'distance_accuracy_value', 'NONE');
#8632 = ORIENTED_EDGE ( 'NONE', *, *, #278, .T. ) ;
#8633 = PRESENTATION_STYLE_ASSIGNMENT (( #6563 ) ) ;
#8634 = FILL_AREA_STYLE_COLOUR ( '', #3648 ) ;
#8635 =( NAMED_UNIT ( * ) PLANE_ANGLE_UNIT ( ) SI_UNIT ( $, .RADIAN. ) );
#8636 = DIRECTION ( 'NONE',  ( -0.3156177166874283300, 0.9488864299340645800, -4.733165431326070800E-030 ) ) ;
#8637 =( GEOMETRIC_REPRESENTATION_CONTEXT ( 3 ) GLOBAL_UNCERTAINTY_ASSIGNED_CONTEXT ( ( #8788 ) ) GLOBAL_UNIT_ASSIGNED_CONTEXT ( ( #1143, #5926, #1846 ) ) REPRESENTATION_CONTEXT ( 'NONE', 'WORKASPACE' ) );
#8638 = STYLED_ITEM ( 'NONE', ( #6008 ), #6332 ) ;
#8639 = EDGE_CURVE ( 'NONE', #7730, #2096, #8099, .T. ) ;
#8640 = DIRECTION ( 'NONE',  ( 0.0000000000000000000, -1.000000000000000000, 0.0000000000000000000 ) ) ;
#8641 = PRESENTATION_STYLE_ASSIGNMENT (( #6539 ) ) ;
#8642 = CARTESIAN_POINT ( 'NONE',  ( -0.5727875163492759400, -0.3315016303536152400, -0.9504697936969797000 ) ) ;
#8643 = DIRECTION ( 'NONE',  ( -7.688254801602611500E-018, 0.9817798505902810600, -0.1900219065658621500 ) ) ;
#8644 = AXIS2_PLACEMENT_3D ( 'NONE', #5485, #1380, #6156 ) ;
#8645 = COLOUR_RGB ( '',0.5019607843137254800, 0.5019607843137254800, 0.5019607843137254800 ) ;
#8646 = PRESENTATION_STYLE_ASSIGNMENT (( #725 ) ) ;
#8647 = FILL_AREA_STYLE_COLOUR ( '', #2373 ) ;
#8648 = DIMENSIONAL_EXPONENTS ( 1.000000000000000000, 0.0000000000000000000, 0.0000000000000000000, 0.0000000000000000000, 0.0000000000000000000, 0.0000000000000000000, 0.0000000000000000000 ) ;
#8649 = EDGE_CURVE ( 'NONE', #945, #5785, #859, .T. ) ;
#8650 = CARTESIAN_POINT ( 'NONE',  ( -0.7584508909892250200, 0.04057285773180523800, -0.7570000000000005600 ) ) ;
#8651 = FILL_AREA_STYLE ('',( #7298 ) ) ;
#8652 = DIRECTION ( 'NONE',  ( 1.000000000000000000, 0.0000000000000000000, -3.520422672247765700E-016 ) ) ;
#8653 = AXIS2_PLACEMENT_3D ( 'NONE', #385, #5176, #1084 ) ;
#8654 = DIRECTION ( 'NONE',  ( 1.000000000000000000, 0.0000000000000000000, 0.0000000000000000000 ) ) ;
#8655 = CARTESIAN_POINT ( 'NONE',  ( -0.7282875203951045800, -0.2589999864697574700, -1.546958369372103400 ) ) ;
#8656 =( NAMED_UNIT ( * ) PLANE_ANGLE_UNIT ( ) SI_UNIT ( $, .RADIAN. ) );
#8657 = CARTESIAN_POINT ( 'NONE',  ( -0.7282875163485818000, -0.5465016303536153200, 1.168000000000000100 ) ) ;
#8658 = DIMENSIONAL_EXPONENTS ( 1.000000000000000000, 0.0000000000000000000, 0.0000000000000000000, 0.0000000000000000000, 0.0000000000000000000, 0.0000000000000000000, 0.0000000000000000000 ) ;
#8659 = DIRECTION ( 'NONE',  ( 0.0000000000000000000, 1.000000000000000000, 0.0000000000000000000 ) ) ;
#8660 = CIRCLE ( 'NONE', #4791, 0.1526804222532867900 ) ;
#8661 = ADVANCED_FACE ( 'NONE', ( #4529, #4301 ), #4454, .T. ) ;
#8662 = DIRECTION ( 'NONE',  ( 1.774952849390946600E-032, -1.224606353822380000E-016, 1.000000000000000000 ) ) ;
#8663 = DIRECTION ( 'NONE',  ( 0.0000000000000000000, -0.0000000000000000000, 1.000000000000000000 ) ) ;
#8664 = AXIS2_PLACEMENT_3D ( 'NONE', #7035, #2986, #7694 ) ;
#8665 = SURFACE_STYLE_FILL_AREA ( #8327 ) ;
#8666 = CYLINDRICAL_SURFACE ( 'NONE', #6782, 0.08600000000000011800 ) ;
#8667 =( GEOMETRIC_REPRESENTATION_CONTEXT ( 3 ) GLOBAL_UNCERTAINTY_ASSIGNED_CONTEXT ( ( #7288 ) ) GLOBAL_UNIT_ASSIGNED_CONTEXT ( ( #7734, #3723, #8422 ) ) REPRESENTATION_CONTEXT ( 'NONE', 'WORKASPACE' ) );
#8668 = AXIS2_PLACEMENT_3D ( 'NONE', #401, #5186, #1099 ) ;
#8669 = VERTEX_POINT ( 'NONE', #5814 ) ;
#8670 = DIRECTION ( 'NONE',  ( 0.0000000000000000000, 0.0000000000000000000, -1.000000000000000000 ) ) ;
#8671 = EDGE_CURVE ( 'NONE', #6294, #1586, #7050, .T. ) ;
#8672 = CARTESIAN_POINT ( 'NONE',  ( -0.5722875163485813300, -0.3315016303536163500, -0.3769583694396621000 ) ) ;
#8673 = ORIENTED_EDGE ( 'NONE', *, *, #7000, .F. ) ;
#8674 = COLOUR_RGB ( '',0.5019607843137254800, 0.5019607843137254800, 0.5019607843137254800 ) ;
#8675 = LINE ( 'NONE', #431, #1674 ) ;
#8676 = CARTESIAN_POINT ( 'NONE',  ( -0.7182820955463820000, -0.3774242996420069700, -1.599000000000018600 ) ) ;
#8677 = ORIENTED_EDGE ( 'NONE', *, *, #8410, .F. ) ;
#8678 = VERTEX_POINT ( 'NONE', #2447 ) ;
#8679 =( LENGTH_UNIT ( ) NAMED_UNIT ( * ) SI_UNIT ( $, .METRE. ) );
#8680 = COLOUR_RGB ( '',0.5019607843137254800, 0.5019607843137254800, 0.5019607843137254800 ) ;
#8681 = MECHANICAL_DESIGN_GEOMETRIC_PRESENTATION_REPRESENTATION (  '', ( #7771 ), #309 ) ;
#8682 = PRESENTATION_LAYER_ASSIGNMENT (  '', '', ( #8230 ) ) ;
#8683 = MECHANICAL_DESIGN_GEOMETRIC_PRESENTATION_REPRESENTATION (  '', ( #7774 ), #313 ) ;
#8684 = ORIENTED_EDGE ( 'NONE', *, *, #8526, .F. ) ;
#8685 = DIRECTION ( 'NONE',  ( -1.000000000000000000, 0.0000000000000000000, 0.0000000000000000000 ) ) ;
#8686 = CONICAL_SURFACE ( 'NONE', #1737, 0.3800000000000005000, 0.5557047880863370500 ) ;
#8687 = ORIENTED_EDGE ( 'NONE', *, *, #137, .F. ) ;
#8688 = EDGE_CURVE ( 'NONE', #6084, #6284, #8833, .T. ) ;
#8689 = DIRECTION ( 'NONE',  ( 0.0000000000000000000, -1.000000000000000000, -7.284927983104693000E-016 ) ) ;
#8690 = DIRECTION ( 'NONE',  ( 5.389556073798634900E-015, 1.412857278674264800E-015, 1.000000000000000000 ) ) ;
#8691 = ORIENTED_EDGE ( 'NONE', *, *, #3502, .F. ) ;
#8692 = ORIENTED_EDGE ( 'NONE', *, *, #8073, .F. ) ;
#8693 = FILL_AREA_STYLE ('',( #7345 ) ) ;
#8694 = DIMENSIONAL_EXPONENTS ( 1.000000000000000000, 0.0000000000000000000, 0.0000000000000000000, 0.0000000000000000000, 0.0000000000000000000, 0.0000000000000000000, 0.0000000000000000000 ) ;
#8695 = CIRCLE ( 'NONE', #4775, 0.08600000000001811800 ) ;
#8696 = MECHANICAL_DESIGN_GEOMETRIC_PRESENTATION_REPRESENTATION (  '', ( #7780 ), #320 ) ;
#8697 = EDGE_LOOP ( 'NONE', ( #6521, #2566 ) ) ;
#8698 = CARTESIAN_POINT ( 'NONE',  ( -0.5941624493115416100, -0.3315016303536156800, -1.092152231391074500 ) ) ;
#8699 = ORIENTED_EDGE ( 'NONE', *, *, #6192, .F. ) ;
#8700 = CIRCLE ( 'NONE', #1978, 0.08600000000000010400 ) ;
#8701 = DIRECTION ( 'NONE',  ( 0.0000000000000000000, 0.0000000000000000000, -1.000000000000000000 ) ) ;
#8702 =( GEOMETRIC_REPRESENTATION_CONTEXT ( 3 ) GLOBAL_UNCERTAINTY_ASSIGNED_CONTEXT ( ( #3663 ) ) GLOBAL_UNIT_ASSIGNED_CONTEXT ( ( #3471, #8191, #4146 ) ) REPRESENTATION_CONTEXT ( 'NONE', 'WORKASPACE' ) );
#8703 = CARTESIAN_POINT ( 'NONE',  ( -0.7282875163485816900, -0.3315016303536162400, -0.5249583694396620100 ) ) ;
#8704 = COLOUR_RGB ( '',0.5019607843137254800, 0.5019607843137254800, 0.5019607843137254800 ) ;
#8705 = DIRECTION ( 'NONE',  ( 1.000000000000000000, 0.0000000000000000000, 0.0000000000000000000 ) ) ;
#8706 = VERTEX_POINT ( 'NONE', #1091 ) ;
#8707 = CONICAL_SURFACE ( 'NONE', #7759, 0.3697549984779935400, 0.7853981633974536100 ) ;
#8708 = MECHANICAL_DESIGN_GEOMETRIC_PRESENTATION_REPRESENTATION (  '', ( #6895 ), #333 ) ;
#8709 = CARTESIAN_POINT ( 'NONE',  ( -0.7282875163485911200, -0.3315016303536180700, -1.278999999997706600 ) ) ;
#8710 =( CONVERSION_BASED_UNIT ( 'INCH', #561 ) LENGTH_UNIT ( ) NAMED_UNIT ( #8296 ) );
#8711 =( CONVERSION_BASED_UNIT ( 'INCH', #6814 ) LENGTH_UNIT ( ) NAMED_UNIT ( #6972 ) );
#8712 = ADVANCED_FACE ( 'NONE', ( #1615 ), #7765, .F. ) ;
#8713 = VECTOR ( 'NONE', #6127, 39.37007874015748900 ) ;
#8714 = SURFACE_STYLE_USAGE ( .BOTH. , #4000 ) ;
#8715 = ORIENTED_EDGE ( 'NONE', *, *, #43, .T. ) ;
#8716 = VECTOR ( 'NONE', #6387, 39.37007874015748100 ) ;
#8717 = FACE_OUTER_BOUND ( 'NONE', #1804, .T. ) ;
#8718 = CARTESIAN_POINT ( 'NONE',  ( -0.6558199981328464200, -0.3345042081659144700, -1.546958369402676700 ) ) ;
#8719 = DIRECTION ( 'NONE',  ( 0.0000000000000000000, -1.000000000000000000, 0.0000000000000000000 ) ) ;
#8720 = STYLED_ITEM ( 'NONE', ( #2430 ), #4188 ) ;
#8721 = CARTESIAN_POINT ( 'NONE',  ( -0.5897875163485903900, -0.3315016303536180700, -1.268644660940690700 ) ) ;
#8722 = CYLINDRICAL_SURFACE ( 'NONE', #5881, 0.03750000000000029700 ) ;
#8723 = VERTEX_POINT ( 'NONE', #5903 ) ;
#8724 = SURFACE_STYLE_FILL_AREA ( #4910 ) ;
#8725 = DIRECTION ( 'NONE',  ( -0.0000000000000000000, -0.0000000000000000000, -1.000000000000000000 ) ) ;
#8726 = EDGE_CURVE ( 'NONE', #1902, #8373, #8619, .T. ) ;
#8727 = DIMENSIONAL_EXPONENTS ( 1.000000000000000000, 0.0000000000000000000, 0.0000000000000000000, 0.0000000000000000000, 0.0000000000000000000, 0.0000000000000000000, 0.0000000000000000000 ) ;
#8728 = CARTESIAN_POINT ( 'NONE',  ( -0.7282875163485818000, -0.6865016303536155600, -0.9319999999999999400 ) ) ;
#8729 = UNCERTAINTY_MEASURE_WITH_UNIT (LENGTH_MEASURE( 1.000000000000000100E-005 ), #6310, 'distance_accuracy_value', 'NONE');
#8730 = DIRECTION ( 'NONE',  ( -9.711944615174957000E-017, 7.459504271329836200E-017, 1.000000000000000000 ) ) ;
#8731 = CONICAL_SURFACE ( 'NONE', #6100, 0.4039887411820212700, 0.7853981633974482800 ) ;
#8732 = ORIENTED_EDGE ( 'NONE', *, *, #2928, .T. ) ;
#8733 = SURFACE_STYLE_FILL_AREA ( #2713 ) ;
#8734 = DIRECTION ( 'NONE',  ( 0.0000000000000000000, -1.000000000000000000, -0.0000000000000000000 ) ) ;
#8735 = PRESENTATION_LAYER_ASSIGNMENT (  '', '', ( #8285 ) ) ;
#8736 = FILL_AREA_STYLE_COLOUR ( '', #2905 ) ;
#8737 = DIMENSIONAL_EXPONENTS ( 1.000000000000000000, 0.0000000000000000000, 0.0000000000000000000, 0.0000000000000000000, 0.0000000000000000000, 0.0000000000000000000, 0.0000000000000000000 ) ;
#8738 = SURFACE_STYLE_FILL_AREA ( #5574 ) ;
#8739 = MECHANICAL_DESIGN_GEOMETRIC_PRESENTATION_REPRESENTATION (  '', ( #7821 ), #362 ) ;
#8740 = AXIS2_PLACEMENT_3D ( 'NONE', #4129, #25, #4828 ) ;
#8741 = AXIS2_PLACEMENT_3D ( 'NONE', #6824, #2781, #7496 ) ;
#8742 = CARTESIAN_POINT ( 'NONE',  ( -1.101582646043223200, -0.3315016303536154600, -0.8820000000000005600 ) ) ;
#8743 = UNCERTAINTY_MEASURE_WITH_UNIT (LENGTH_MEASURE( 1.000000000000000100E-005 ), #7454, 'distance_accuracy_value', 'NONE');
#8744 = ORIENTED_EDGE ( 'NONE', *, *, #3350, .F. ) ;
#8746 =( NAMED_UNIT ( * ) PLANE_ANGLE_UNIT ( ) SI_UNIT ( $, .RADIAN. ) );
#8745 = CARTESIAN_POINT ( 'NONE',  ( -0.7282875163485818000, -0.8625016303536163800, 0.2849999999999986400 ) ) ;
#8747 = DIRECTION ( 'NONE',  ( 1.000000000000000000, 0.0000000000000000000, 0.0000000000000000000 ) ) ;
#8748 = MANIFOLD_SOLID_BREP ( 'Combine4', #4612 ) ;
#8749 = CIRCLE ( 'NONE', #2510, 0.1400000000000000100 ) ;
#8750 =( LENGTH_UNIT ( ) NAMED_UNIT ( * ) SI_UNIT ( $, .METRE. ) );
#8751 = DIMENSIONAL_EXPONENTS ( 1.000000000000000000, 0.0000000000000000000, 0.0000000000000000000, 0.0000000000000000000, 0.0000000000000000000, 0.0000000000000000000, 0.0000000000000000000 ) ;
#8752 = PRESENTATION_STYLE_ASSIGNMENT (( #7604 ) ) ;
#8754 = CARTESIAN_POINT ( 'NONE',  ( -0.6743620391023165100, -0.3801280937571430700, -1.546958368169696300 ) ) ;
#8753 =( CONVERSION_BASED_UNIT ( 'INCH', #1743 ) LENGTH_UNIT ( ) NAMED_UNIT ( #2129 ) );
#8755 = SURFACE_STYLE_USAGE ( .BOTH. , #4030 ) ;
#8756 = AXIS2_PLACEMENT_3D ( 'NONE', #4941, #8294, #3610 ) ;
#8757 = ADVANCED_FACE ( 'NONE', ( #7154 ), #7872, .T. ) ;
#8758 = DIRECTION ( 'NONE',  ( -1.000000000000000000, 0.0000000000000000000, 0.0000000000000000000 ) ) ;
#8759 = FILL_AREA_STYLE ('',( #2672 ) ) ;
#8760 = PRESENTATION_STYLE_ASSIGNMENT (( #5542 ) ) ;
#8761 = COLOUR_RGB ( '',0.5019607843137254800, 0.5019607843137254800, 0.5019607843137254800 ) ;
#8762 = AXIS2_PLACEMENT_3D ( 'NONE', #4422, #5094, #8474 ) ;
#8763 = CARTESIAN_POINT ( 'NONE',  ( -0.8105037730983135600, 0.03437469728464819700, -0.3650000000000008200 ) ) ;
#8764 = EDGE_CURVE ( 'NONE', #5383, #6803, #846, .T. ) ;
#8765 = DIRECTION ( 'NONE',  ( 1.774952849390946600E-032, -1.224606353822380000E-016, 1.000000000000000000 ) ) ;
#8766 = DIMENSIONAL_EXPONENTS ( 1.000000000000000000, 0.0000000000000000000, 0.0000000000000000000, 0.0000000000000000000, 0.0000000000000000000, 0.0000000000000000000, 0.0000000000000000000 ) ;
#8768 = DIRECTION ( 'NONE',  ( 9.726753936418404900E-033, 1.224606353822377300E-016, 1.000000000000000000 ) ) ;
#8767 = DIRECTION ( 'NONE',  ( 1.000000000000000000, 3.219989135768767200E-045, 1.476674591169866100E-015 ) ) ;
#8769 = PRESENTATION_LAYER_ASSIGNMENT (  '', '', ( #8323 ) ) ;
#8770 = TOROIDAL_SURFACE ( 'NONE', #2999, 0.1789999999999998000, 0.009999999999999962000 ) ;
#8771 = FACE_OUTER_BOUND ( 'NONE', #6287, .T. ) ;
#8772 = CARTESIAN_POINT ( 'NONE',  ( -0.2684280269390437700, -0.5970016303536150900, 0.2849999999999986400 ) ) ;
#8773 = DIRECTION ( 'NONE',  ( 7.472189016151557300E-032, 6.165649696520689200E-033, 1.000000000000000000 ) ) ;
#8774 = DIRECTION ( 'NONE',  ( -7.472189016151557300E-032, -6.165649696520689200E-033, -1.000000000000000000 ) ) ;
#8775 = ORIENTED_EDGE ( 'NONE', *, *, #4429, .T. ) ;
#8777 = SURFACE_STYLE_FILL_AREA ( #733 ) ;
#8776 = LENGTH_MEASURE_WITH_UNIT ( LENGTH_MEASURE( 0.02539999999999999900 ), #7992 );
#8778 =( NAMED_UNIT ( * ) SI_UNIT ( $, .STERADIAN. ) SOLID_ANGLE_UNIT ( ) );
#8779 = ORIENTED_EDGE ( 'NONE', *, *, #6960, .F. ) ;
#8780 = STYLED_ITEM ( 'NONE', ( #6675 ), #4951 ) ;
#8781 = VECTOR ( 'NONE', #3416, 39.37007874015748100 ) ;
#8782 = VERTEX_POINT ( 'NONE', #5954 ) ;
#8783 = CYLINDRICAL_SURFACE ( 'NONE', #183, 0.2650000000000002900 ) ;
#8784 = AXIS2_PLACEMENT_3D ( 'NONE', #5828, #1736, #6506 ) ;
#8785 = AXIS2_PLACEMENT_3D ( 'NONE', #7530, #2816, #2144 ) ;
#8786 = SURFACE_STYLE_USAGE ( .BOTH. , #4075 ) ;
#8787 = CONICAL_SURFACE ( 'NONE', #8623, 0.3800000000000007300, 1.015091538708593000 ) ;
#8788 = UNCERTAINTY_MEASURE_WITH_UNIT (LENGTH_MEASURE( 1.000000000000000100E-005 ), #1143, 'distance_accuracy_value', 'NONE');
#8789 = EDGE_CURVE ( 'NONE', #2962, #4271, #1078, .T. ) ;
#8790 = ORIENTED_EDGE ( 'NONE', *, *, #4798, .F. ) ;
#8791 =( NAMED_UNIT ( * ) PLANE_ANGLE_UNIT ( ) SI_UNIT ( $, .RADIAN. ) );
#8792 = DIRECTION ( 'NONE',  ( -0.0000000000000000000, -0.0000000000000000000, -1.000000000000000000 ) ) ;
#8793 =( NAMED_UNIT ( * ) SI_UNIT ( $, .STERADIAN. ) SOLID_ANGLE_UNIT ( ) );
#8794 = ORIENTED_EDGE ( 'NONE', *, *, #3173, .F. ) ;
#8795 = ORIENTED_EDGE ( 'NONE', *, *, #5496, .T. ) ;
#8797 = DIRECTION ( 'NONE',  ( -0.3156177166874302200, 0.9488864299340638000, 0.0000000000000000000 ) ) ;
#8796 = CARTESIAN_POINT ( 'NONE',  ( -0.7282875163485909000, -0.3315016303536180700, -3.282590941438460400 ) ) ;
#8798 = EDGE_LOOP ( 'NONE', ( #1568, #1916, #171, #6516 ) ) ;
#8799 = ORIENTED_EDGE ( 'NONE', *, *, #6789, .F. ) ;
#8800 = MECHANICAL_DESIGN_GEOMETRIC_PRESENTATION_REPRESENTATION (  '', ( #7900 ), #437 ) ;
#8801 = LINE ( 'NONE', #4464, #1587 ) ;
#8802 = SURFACE_STYLE_FILL_AREA ( #4614 ) ;
#8803 = ORIENTED_EDGE ( 'NONE', *, *, #3960, .T. ) ;
#8804 = EDGE_CURVE ( 'NONE', #4939, #7826, #2699, .T. ) ;
#8805 = CARTESIAN_POINT ( 'NONE',  ( -0.6836898541416713800, -0.3166675976693041300, 1.478999999999975900 ) ) ;
#8806 = DIRECTION ( 'NONE',  ( 1.224646799147353200E-016, 1.000000000000000000, 0.0000000000000000000 ) ) ;
#8807 = ORIENTED_EDGE ( 'NONE', *, *, #2558, .T. ) ;
#8808 = CIRCLE ( 'NONE', #6252, 0.09249999999999997100 ) ;
#8809 = DIRECTION ( 'NONE',  ( 0.0000000000000000000, 1.000000000000000000, 0.0000000000000000000 ) ) ;
#8810 = EDGE_LOOP ( 'NONE', ( #2981, #4170, #4736, #1585, #8699 ) ) ;
#8811 =( GEOMETRIC_REPRESENTATION_CONTEXT ( 3 ) GLOBAL_UNCERTAINTY_ASSIGNED_CONTEXT ( ( #6532 ) ) GLOBAL_UNIT_ASSIGNED_CONTEXT ( ( #5963, #1883, #6632 ) ) REPRESENTATION_CONTEXT ( 'NONE', 'WORKASPACE' ) );
#8812 = DIRECTION ( 'NONE',  ( -1.000000000000000000, 0.0000000000000000000, 0.0000000000000000000 ) ) ;
#8813 = FACE_OUTER_BOUND ( 'NONE', #5887, .T. ) ;
#8814 =( NAMED_UNIT ( * ) PLANE_ANGLE_UNIT ( ) SI_UNIT ( $, .RADIAN. ) );
#8815 = ORIENTED_EDGE ( 'NONE', *, *, #3769, .T. ) ;
#8816 = CIRCLE ( 'NONE', #3259, 0.3800000000000007300 ) ;
#8817 = DIRECTION ( 'NONE',  ( 1.220408817397570400E-016, -1.013066643420215200E-017, -1.000000000000000000 ) ) ;
#8818 = EDGE_CURVE ( 'NONE', #6413, #1463, #4521, .T. ) ;
#8819 = FILL_AREA_STYLE ('',( #3391 ) ) ;
#8821 = CARTESIAN_POINT ( 'NONE',  ( -0.7282875163485818000, -0.3315016303536155200, -0.8895780908448961400 ) ) ;
#8820 = CIRCLE ( 'NONE', #7334, 0.04700000000000006900 ) ;
#8822 = PRESENTATION_STYLE_ASSIGNMENT (( #8035 ) ) ;
#8823 = PRESENTATION_LAYER_ASSIGNMENT (  '', '', ( #454 ) ) ;
#8824 = DIRECTION ( 'NONE',  ( 6.353134868986666400E-016, 1.000000000000000000, 0.0000000000000000000 ) ) ;
#8825 = DIRECTION ( 'NONE',  ( 5.488649147188717800E-016, -0.0000000000000000000, 1.000000000000000000 ) ) ;
#8826 = FACE_OUTER_BOUND ( 'NONE', #5907, .T. ) ;
#8827 = FACE_OUTER_BOUND ( 'NONE', #5205, .T. ) ;
#8828 = ORIENTED_EDGE ( 'NONE', *, *, #5665, .T. ) ;
#8829 = FACE_OUTER_BOUND ( 'NONE', #599, .T. ) ;
#8830 = FILL_AREA_STYLE_COLOUR ( '', #6123 ) ;
#8832 =( CONVERSION_BASED_UNIT ( 'INCH', #8222 ) LENGTH_UNIT ( ) NAMED_UNIT ( #8535 ) );
#8831 = DIRECTION ( 'NONE',  ( -4.045983402938778600E-017, -8.091966805877557300E-017, -1.000000000000000000 ) ) ;
#8833 = LINE ( 'NONE', #389, #1838 ) ;
#8834 = CIRCLE ( 'NONE', #2685, 0.3800000000000007300 ) ;
#8835 = CARTESIAN_POINT ( 'NONE',  ( -0.8714145848447536500, -0.4186284307238892800, -1.539000000000018100 ) ) ;
#8836 = ORIENTED_EDGE ( 'NONE', *, *, #6024, .F. ) ;
#8837 = COLOUR_RGB ( '',0.5019607843137254800, 0.5019607843137254800, 0.5019607843137254800 ) ;
#8838 = DIMENSIONAL_EXPONENTS ( 1.000000000000000000, 0.0000000000000000000, 0.0000000000000000000, 0.0000000000000000000, 0.0000000000000000000, 0.0000000000000000000, 0.0000000000000000000 ) ;
#8840 = DIRECTION ( 'NONE',  ( -9.726753936418404900E-033, -1.224606353822377300E-016, -1.000000000000000000 ) ) ;
#8839 = CARTESIAN_POINT ( 'NONE',  ( -0.7282875163485882400, -0.3315016303536172900, -1.599000000000018600 ) ) ;
ENDSEC;
END-ISO-10303-21;
